message_id,agency_name,borrower_id,loan_id,send_timestamp,message_type,message_content,borrower_reply_text,reply_timestamp,opt_out_flag,dpd_at_send,delinquency_bucket_at_send
MSGB100175,Agency B,BOR201658,SL100822,2024-10-25 12:00:00,Payment Reminder,"Hi, this is a reminder that your student loan payment is past due. Call us or visit your account portal to make a payment. Reply STOP to opt out of text alerts.",,,0,15.0,1-29 DPD
MSGB100195,Agency B,BOR200494,SL101701,2021-02-25 16:00:00,Payment Reminder,"Hi, this is a reminder that your student loan payment is past due. Call us or visit your account portal to make a payment. Reply STOP to opt out of text alerts.",,,0,15.0,1-29 DPD
MSGB101366,Agency B,BOR201072,SL102159,2022-11-26 05:00:00,Payment Reminder,Your loan payment is overdue. Please contact us today to avoid further action. Msg&data rates may apply. Reply STOP to unsubscribe.,,,0,15.0,1-29 DPD
MSGB100190,Agency B,BOR201946,SL102334,2025-01-26 06:00:00,Payment Reminder,"Hi, this is a reminder that your student loan payment is past due. Call us or visit your account portal to make a payment. Reply STOP to opt out of text alerts.",,,0,105.0,90-119 DPD
MSGB101209,Agency B,BOR200139,SL100069,2022-07-17 13:00:00,Payment Reminder,Your loan payment is overdue. Please contact us today to avoid further action. Msg&data rates may apply. Reply STOP to unsubscribe.,,,0,45.0,30-59 DPD
MSGB101733,Agency B,BOR201144,SL101990,2023-10-04 06:00:00,General Notice,Your account requires attention. Please contact our office at your earliest convenience. Reply STOP to stop these messages.,,,0,15.0,1-29 DPD
MSGB100937,Agency B,BOR200756,SL100796,2024-12-22 05:00:00,Payment Reminder,"Hi, this is a reminder that your student loan payment is past due. Call us or visit your account portal to make a payment. Reply STOP to opt out of text alerts.",,,0,195.0,180+ DPD
MSGB101319,Agency B,BOR201632,SL102111,2023-01-04 07:00:00,Settlement Offer,You may be eligible for a reduced settlement on your account. Contact us to learn more before this offer expires. Reply STOP to opt out.,,,0,45.0,30-59 DPD
MSGB101259,Agency B,BOR200139,SL100069,2022-06-22 14:00:00,General Notice,Your account requires attention. Please contact our office at your earliest convenience. Reply STOP to stop these messages.,,,0,45.0,30-59 DPD
MSGB100287,Agency B,BOR201300,SL101480,2023-05-18 12:00:00,Payment Reminder,Your loan payment is overdue. Please contact us today to avoid further action. Msg&data rates may apply. Reply STOP to unsubscribe.,,,0,75.0,60-89 DPD
MSGB100081,Agency B,BOR201946,SL102334,2025-06-07 06:00:00,Payment Reminder,"Hi, this is a reminder that your student loan payment is past due. Call us or visit your account portal to make a payment. Reply STOP to opt out of text alerts.",,,0,165.0,150-179 DPD
MSGB100336,Agency B,BOR201918,SL101285,2024-10-18 13:00:00,General Notice,Your account requires attention. Please contact our office at your earliest convenience. Reply STOP to stop these messages.,,,0,45.0,30-59 DPD
MSGB101809,Agency B,BOR202319,SL100160,2026-05-17 07:00:00,Payment Reminder,Your loan payment is overdue. Please contact us today to avoid further action. Msg&data rates may apply. Reply STOP to unsubscribe.,,,0,165.0,150-179 DPD
MSGB100355,Agency B,BOR202300,SL102269,2022-05-10 05:00:00,General Notice,Your account requires attention. Please contact our office at your earliest convenience. Reply STOP to stop these messages.,,,0,15.0,1-29 DPD
MSGB100805,Agency B,BOR200069,SL100825,2021-07-15 12:00:00,Payment Reminder,"Hi, this is a reminder that your student loan payment is past due. Call us or visit your account portal to make a payment. Reply STOP to opt out of text alerts.",,,0,135.0,120-149 DPD
MSGB101551,Agency B,BOR201544,SL101832,2025-03-14 09:00:00,Payment Reminder,Your loan payment is overdue. Please contact us today to avoid further action. Msg&data rates may apply. Reply STOP to unsubscribe.,,,0,45.0,30-59 DPD
MSGB100571,Agency B,BOR201329,SL100726,2024-12-23 12:00:00,Payment Reminder,"Hi, this is a reminder that your student loan payment is past due. Call us or visit your account portal to make a payment. Reply STOP to opt out of text alerts.",,,0,105.0,90-119 DPD
MSGB100606,Agency B,BOR201808,SL100261,2025-08-04 16:00:00,Payment Reminder,Your loan payment is overdue. Please contact us today to avoid further action. Msg&data rates may apply. Reply STOP to unsubscribe.,,,0,15.0,1-29 DPD
MSGB101523,Agency B,BOR201334,SL101834,2024-12-18 14:00:00,General Notice,Your account requires attention. Please contact our office at your earliest convenience. Reply STOP to stop these messages.,,,0,195.0,180+ DPD
MSGB101715,Agency B,BOR201632,SL102111,2024-10-25 06:00:00,General Notice,Your account requires attention. Please contact our office at your earliest convenience. Reply STOP to stop these messages.,,,0,105.0,90-119 DPD
MSGB100378,Agency B,BOR201452,SL100225,2024-04-07 16:00:00,Hardship Program Info,You may qualify for a temporary hardship repayment plan. Call us to discuss your options. Reply STOP to unsubscribe from texts.,,,0,75.0,60-89 DPD
MSGB101037,Agency B,BOR202247,SL101835,2025-01-05 06:00:00,Payment Reminder,Your loan payment is overdue. Please contact us today to avoid further action. Msg&data rates may apply. Reply STOP to unsubscribe.,,,0,15.0,1-29 DPD
MSGB101059,Agency B,BOR200174,SL101594,2022-09-14 15:00:00,General Notice,Your account requires attention. Please contact our office at your earliest convenience. Reply STOP to stop these messages.,,,0,15.0,1-29 DPD
MSGB101568,Agency B,BOR201605,SL101463,2025-02-10 14:00:00,Settlement Offer,You may be eligible for a reduced settlement on your account. Contact us to learn more before this offer expires. Reply STOP to opt out.,when does interest stop accruing on this loan,2025-02-10 22:45:00,1,15.0,1-29 DPD
MSGB100477,Agency B,BOR201505,SL101053,2022-03-06 15:00:00,Payment Reminder,"Hi, this is a reminder that your student loan payment is past due. Call us or visit your account portal to make a payment. Reply STOP to opt out of text alerts.",,,0,15.0,1-29 DPD
MSGB101374,Agency B,BOR201175,SL102062,2025-06-25 15:00:00,Payment Reminder,Your loan payment is overdue. Please contact us today to avoid further action. Msg&data rates may apply. Reply STOP to unsubscribe.,"stop it's already paid, why do I keep getting texts",2025-06-25 16:50:00,1,15.0,1-29 DPD
MSGB100686,Agency B,BOR202045,SL100056,2024-02-03 05:00:00,Payment Reminder,"Hi, this is a reminder that your student loan payment is past due. Call us or visit your account portal to make a payment. Reply STOP to opt out of text alerts.",,,0,15.0,1-29 DPD
MSGB101104,Agency B,BOR200876,SL100081,2021-10-25 16:00:00,Settlement Offer,You may be eligible for a reduced settlement on your account. Contact us to learn more before this offer expires. Reply STOP to opt out.,,,0,165.0,150-179 DPD
MSGB101754,Agency B,BOR200218,SL100429,2025-07-04 14:00:00,Payment Reminder,"Hi, this is a reminder that your student loan payment is past due. Call us or visit your account portal to make a payment. Reply STOP to opt out of text alerts.",,,0,105.0,90-119 DPD
MSGB100749,Agency B,BOR201758,SL100119,2024-12-28 09:00:00,Payment Reminder,"Hi, this is a reminder that your student loan payment is past due. Call us or visit your account portal to make a payment. Reply STOP to opt out of text alerts.",,,0,15.0,1-29 DPD
MSGB100066,Agency B,BOR200218,SL100429,2025-03-18 10:00:00,Payment Reminder,"Hi, this is a reminder that your student loan payment is past due. Call us or visit your account portal to make a payment. Reply STOP to opt out of text alerts.",,,0,15.0,1-29 DPD
MSGB101603,Agency B,BOR200078,SL100872,2024-11-08 08:00:00,Hardship Program Info,You may qualify for a temporary hardship repayment plan. Call us to discuss your options. Reply STOP to unsubscribe from texts.,,,0,15.0,1-29 DPD
MSGB100083,Agency B,BOR201905,SL101612,2024-03-10 10:00:00,General Notice,Your account requires attention. Please contact our office at your earliest convenience. Reply STOP to stop these messages.,,,0,135.0,120-149 DPD
MSGB100709,Agency B,BOR200836,SL102211,2026-03-24 06:00:00,Payment Reminder,Your loan payment is overdue. Please contact us today to avoid further action. Msg&data rates may apply. Reply STOP to unsubscribe.,,,0,105.0,90-119 DPD
MSGB100056,Agency B,BOR200494,SL101701,2026-03-09 06:00:00,Payment Reminder,"Hi, this is a reminder that your student loan payment is past due. Call us or visit your account portal to make a payment. Reply STOP to opt out of text alerts.",k,2026-03-09 09:47:00,0,15.0,1-29 DPD
MSGB101818,Agency B,BOR201183,SL100163,2022-12-19 16:00:00,General Notice,Your account requires attention. Please contact our office at your earliest convenience. Reply STOP to stop these messages.,,,0,75.0,60-89 DPD
MSGB100496,Agency B,BOR201758,SL100119,2022-03-06 05:00:00,General Notice,Your account requires attention. Please contact our office at your earliest convenience. Reply STOP to stop these messages.,,,0,15.0,1-29 DPD
MSGB100390,Agency B,BOR201973,SL101006,2021-04-12 07:00:00,General Notice,Your account requires attention. Please contact our office at your earliest convenience. Reply STOP to stop these messages.,wrong number,2021-04-12 13:18:00,0,45.0,30-59 DPD
MSGB100479,Agency B,BOR200511,SL102454,2023-12-15 14:00:00,Hardship Program Info,You may qualify for a temporary hardship repayment plan. Call us to discuss your options. Reply STOP to unsubscribe from texts.,,,0,45.0,30-59 DPD
MSGB100838,Agency B,BOR200402,SL100280,2026-01-26 16:00:00,General Notice,Your account requires attention. Please contact our office at your earliest convenience. Reply STOP to stop these messages.,,,0,45.0,30-59 DPD
MSGB101166,Agency B,BOR201073,SL100632,2024-12-15 13:00:00,Hardship Program Info,You may qualify for a temporary hardship repayment plan. Call us to discuss your options. Reply STOP to unsubscribe from texts.,,,0,45.0,30-59 DPD
MSGB100163,Agency B,BOR201750,SL100816,2026-07-27 12:00:00,Hardship Program Info,You may qualify for a temporary hardship repayment plan. Call us to discuss your options. Reply STOP to unsubscribe from texts.,,,0,135.0,120-149 DPD
MSGB101886,Agency B,BOR201025,SL100062,2021-06-19 11:00:00,Payment Reminder,"Hi, this is a reminder that your student loan payment is past due. Call us or visit your account portal to make a payment. Reply STOP to opt out of text alerts.",can you call me instead,2021-06-19 19:41:00,0,15.0,1-29 DPD
MSGB101882,Agency B,BOR201274,SL101878,2022-10-12 08:00:00,Payment Reminder,Your loan payment is overdue. Please contact us today to avoid further action. Msg&data rates may apply. Reply STOP to unsubscribe.,not stopping til this is paid off lol,2022-10-12 15:41:00,1,15.0,1-29 DPD
MSGB100689,Agency B,BOR201492,SL100490,2022-06-10 15:00:00,General Notice,Your account requires attention. Please contact our office at your earliest convenience. Reply STOP to stop these messages.,,,0,45.0,30-59 DPD
MSGB100093,Agency B,BOR200400,SL100462,2026-08-05 13:00:00,Payment Reminder,"Hi, this is a reminder that your student loan payment is past due. Call us or visit your account portal to make a payment. Reply STOP to opt out of text alerts.",,,0,75.0,60-89 DPD
MSGB100310,Agency B,BOR202252,SL100724,2024-01-25 06:00:00,General Notice,Your account requires attention. Please contact our office at your earliest convenience. Reply STOP to stop these messages.,not stopping til this is paid off lol,2024-01-25 15:08:00,1,15.0,1-29 DPD
MSGB101739,Agency B,BOR202090,SL102014,2025-04-15 10:00:00,Settlement Offer,You may be eligible for a reduced settlement on your account. Contact us to learn more before this offer expires. Reply STOP to opt out.,,,0,45.0,30-59 DPD
MSGB100799,Agency B,BOR200459,SL101838,2023-07-08 10:00:00,Hardship Program Info,You may qualify for a temporary hardship repayment plan. Call us to discuss your options. Reply STOP to unsubscribe from texts.,,,0,105.0,90-119 DPD
MSGB100579,Agency B,BOR202254,SL102264,2022-10-20 16:00:00,Payment Reminder,Your loan payment is overdue. Please contact us today to avoid further action. Msg&data rates may apply. Reply STOP to unsubscribe.,,,0,105.0,90-119 DPD
MSGB101012,Agency B,BOR201334,SL101834,2024-01-26 15:00:00,Hardship Program Info,You may qualify for a temporary hardship repayment plan. Call us to discuss your options. Reply STOP to unsubscribe from texts.,nonstop calls today about this smh,2024-01-26 15:26:00,1,75.0,60-89 DPD
MSGB101405,Agency B,BOR201742,SL100494,2023-12-27 09:00:00,General Notice,,,,0,15.0,1-29 DPD
MSGB100621,Agency B,BOR200297,SL102202,2025-11-24 12:00:00,Payment Reminder,Your loan payment is overdue. Please contact us today to avoid further action. Msg&data rates may apply. Reply STOP to unsubscribe.,,,0,45.0,30-59 DPD
MSGB101046,AGENCY_B,BOR200706,SL101379,2024-12-12 05:00:00,Payment Reminder,Your loan payment is overdue. Please contact us today to avoid further action. Msg&data rates may apply. Reply STOP to unsubscribe.,,,0,15.0,1-29 DPD
MSGB100498,Agency B,BOR201429,SL102193,2026-04-11 15:00:00,Settlement Offer,You may be eligible for a reduced settlement on your account. Contact us to learn more before this offer expires. Reply STOP to opt out.,,,0,15.0,1-29 DPD
MSGB100903,Agency B,BOR201572,SL100082,2022-11-18 13:00:00,Settlement Offer,You may be eligible for a reduced settlement on your account. Contact us to learn more before this offer expires. Reply STOP to opt out.,,,0,15.0,1-29 DPD
MSGB101262,Agency B,BOR200670,SL101859,2025-09-26 11:00:00,General Notice,Your account requires attention. Please contact our office at your earliest convenience. Reply STOP to stop these messages.,,,0,15.0,1-29 DPD
MSGB100382,Agency B,BOR201526,SL101049,2021-02-01 14:00:00,General Notice,Your account requires attention. Please contact our office at your earliest convenience. Reply STOP to stop these messages.,,,0,15.0,1-29 DPD
MSGB100961,Agency B,BOR202285,SL100538,2025-12-24 12:00:00,Payment Reminder,Your loan payment is overdue. Please contact us today to avoid further action. Msg&data rates may apply. Reply STOP to unsubscribe.,,,0,15.0,1-29 DPD
MSGB100480,Agency B,BOR202132,SL101356,2026-04-25 12:00:00,Hardship Program Info,You may qualify for a temporary hardship repayment plan. Call us to discuss your options. Reply STOP to unsubscribe from texts.,,,0,45.0,30-59 DPD
MSGB101396,Agency B,BOR201663,SL102065,2024-03-09 07:00:00,Payment Reminder,Your loan payment is overdue. Please contact us today to avoid further action. Msg&data rates may apply. Reply STOP to unsubscribe.,,,0,135.0,120-149 DPD
MSGB100923,Agency B,BOR201815,SL102265,2026-04-06 11:00:00,Settlement Offer,You may be eligible for a reduced settlement on your account. Contact us to learn more before this offer expires. Reply STOP to opt out.,,,0,15.0,1-29 DPD
MSGB100753,Agency B,BOR201281,SL101568,2025-03-27 16:00:00,Payment Reminder,Your loan payment is overdue. Please contact us today to avoid further action. Msg&data rates may apply. Reply STOP to unsubscribe.,,,0,15.0,1-29 DPD
MSGB100814,Agency B,BOR201766,SL102082,2023-11-25 14:00:00,Payment Reminder,"Hi, this is a reminder that your student loan payment is past due. Call us or visit your account portal to make a payment. Reply STOP to opt out of text alerts.",,,0,75.0,60-89 DPD
MSGB100812,Agency B,BOR200883,SL100471,2025-11-10 16:00:00,Settlement Offer,You may be eligible for a reduced settlement on your account. Contact us to learn more before this offer expires. Reply STOP to opt out.,,,0,15.0,1-29 DPD
MSGB100167,Agency B,BOR200746,SL100597,2024-06-15 10:00:00,General Notice,Your account requires attention. Please contact our office at your earliest convenience. Reply STOP to stop these messages.,,,0,45.0,30-59 DPD
MSGB100590,Agency B,BOR202140,SL101117,2025-11-15 15:00:00,Hardship Program Info,You may qualify for a temporary hardship repayment plan. Call us to discuss your options. Reply STOP to unsubscribe from texts.,,,0,45.0,30-59 DPD
MSGB100267,Agency B,BOR201329,SL100726,2025-09-04 11:00:00,Settlement Offer,You may be eligible for a reduced settlement on your account. Contact us to learn more before this offer expires. Reply STOP to opt out.,,,0,195.0,180+ DPD
MSGB100234,Agency B,BOR201918,SL101285,2024-09-14 12:00:00,General Notice,Your account requires attention. Please contact our office at your earliest convenience. Reply STOP to stop these messages.,,,0,15.0,1-29 DPD
MSGB101268,Agency B,BOR201429,SL102193,2022-05-04 07:00:00,Hardship Program Info,You may qualify for a temporary hardship repayment plan. Call us to discuss your options. Reply STOP to unsubscribe from texts.,,,0,45.0,30-59 DPD
MSGB100059,Agency B,BOR201849,SL102320,2025-09-14 11:00:00,Hardship Program Info,You may qualify for a temporary hardship repayment plan. Call us to discuss your options. Reply STOP to unsubscribe from texts.,,,0,75.0,60-89 DPD
MSGB101058,Agency B,BOR201183,SL100163,2024-10-25 10:00:00,General Notice,Your account requires attention. Please contact our office at your earliest convenience. Reply STOP to stop these messages.,,,0,105.0,90-119 DPD
MSGB101676,Agency B,BOR201753,SL100032,2024-09-21 10:00:00,Hardship Program Info,You may qualify for a temporary hardship repayment plan. Call us to discuss your options. Reply STOP to unsubscribe from texts.,,,0,15.0,1-29 DPD
MSGB101718,Agency B,BOR200521,SL102071,2025-08-06 09:00:00,General Notice,Your account requires attention. Please contact our office at your earliest convenience. Reply STOP to stop these messages.,,,0,105.0,90-119 DPD
MSGB101684,Agency B,BOR202100,SL100959,2024-11-27 08:00:00,General Notice,Your account requires attention. Please contact our office at your earliest convenience. Reply STOP to stop these messages.,,,0,15.0,1-29 DPD
MSGB101873,Agency B,BOR201148,SL100732,2026-08-23 08:00:00,Settlement Offer,You may be eligible for a reduced settlement on your account. Contact us to learn more before this offer expires. Reply STOP to opt out.,,,0,75.0,60-89 DPD
MSGB100528,Agency B,BOR201129,SL101050,2024-09-17 16:00:00,Hardship Program Info,You may qualify for a temporary hardship repayment plan. Call us to discuss your options. Reply STOP to unsubscribe from texts.,ok will pay soon,2024-09-17 19:42:00,0,15.0,1-29 DPD
MSGB101735,Agency B,BOR201012,SL102024,2024-09-07 15:00:00,General Notice,Your account requires attention. Please contact our office at your earliest convenience. Reply STOP to stop these messages.,,,0,15.0,1-29 DPD
MSGB100665,Agency B,BOR200981,SL101642,2023-10-14 08:00:00,Settlement Offer,You may be eligible for a reduced settlement on your account. Contact us to learn more before this offer expires. Reply STOP to opt out.,,,0,75.0,60-89 DPD
MSGB101114,AGENCY_B,BOR201490,SL100337,2022-08-07 15:00:00,Settlement Offer,You may be eligible for a reduced settlement on your account. Contact us to learn more before this offer expires. Reply STOP to opt out.,,,0,135.0,120-149 DPD
MSGB100604,Agency B,BOR200554,SL101665,2021-02-07 12:00:00,General Notice,Your account requires attention. Please contact our office at your earliest convenience. Reply STOP to stop these messages.,sorry missed the bus stop have to call back later,2021-02-07 15:23:00,1,15.0,1-29 DPD
MSGB101432,Agency B,BOR200981,SL101642,2024-03-05 11:00:00,Payment Reminder,Your loan payment is overdue. Please contact us today to avoid further action. Msg&data rates may apply. Reply STOP to unsubscribe.,,,0,105.0,90-119 DPD
MSGB100326,Agency B,BOR201750,SL100816,2026-05-13 10:00:00,Hardship Program Info,You may qualify for a temporary hardship repayment plan. Call us to discuss your options. Reply STOP to unsubscribe from texts.,,,0,75.0,60-89 DPD
MSGB100847,Agency B,BOR200282,SL100183,2025-11-13 15:00:00,General Notice,Your account requires attention. Please contact our office at your earliest convenience. Reply STOP to stop these messages.,,,0,15.0,1-29 DPD
MSGB101222,Agency B,BOR202259,SL102049,2025-11-21 07:00:00,General Notice,Your account requires attention. Please contact our office at your earliest convenience. Reply STOP to stop these messages.,,,0,15.0,1-29 DPD
MSGB100058,Agency B,BOR200050,SL102042,2026-01-20 14:00:00,Hardship Program Info,You may qualify for a temporary hardship repayment plan. Call us to discuss your options. Reply STOP to unsubscribe from texts.,,,0,15.0,1-29 DPD
MSGB100199,Agency B,BOR202098,SL101991,2025-04-12 14:00:00,Payment Reminder,Your loan payment is overdue. Please contact us today to avoid further action. Msg&data rates may apply. Reply STOP to unsubscribe.,,,0,15.0,1-29 DPD
MSGB101194,Agency B,BOR201002,SL102427,2023-06-15 09:00:00,Payment Reminder,Your loan payment is overdue. Please contact us today to avoid further action. Msg&data rates may apply. Reply STOP to unsubscribe.,,,0,15.0,1-29 DPD
MSGB101247,Agency B,BOR200655,SL102385,2023-05-22 14:00:00,Payment Reminder,"Hi, this is a reminder that your student loan payment is past due. Call us or visit your account portal to make a payment. Reply STOP to opt out of text alerts.",,,0,15.0,1-29 DPD
MSGB101470,Agency B,BOR200217,SL100201,2026-08-21 11:00:00,Payment Reminder,Your loan payment is overdue. Please contact us today to avoid further action. Msg&data rates may apply. Reply STOP to unsubscribe.,,,0,15.0,1-29 DPD
MSGB100348,Agency B,BOR200712,SL102067,2024-01-17 06:00:00,Settlement Offer,You may be eligible for a reduced settlement on your account. Contact us to learn more before this offer expires. Reply STOP to opt out.,,,0,45.0,30-59 DPD
MSGB100561,Agency B,BOR201429,SL102193,2025-05-17 10:00:00,Hardship Program Info,You may qualify for a temporary hardship repayment plan. Call us to discuss your options. Reply STOP to unsubscribe from texts.,,,0,15.0,1-29 DPD
MSGB101773,Agency B,BOR201740,SL102036,2025-03-17 16:00:00,General Notice,Your account requires attention. Please contact our office at your earliest convenience. Reply STOP to stop these messages.,,,0,15.0,1-29 DPD
MSGB100177,Agency B,BOR201922,SL101520,2022-01-18 12:00:00,General Notice,Your account requires attention. Please contact our office at your earliest convenience. Reply STOP to stop these messages.,,,0,75.0,60-89 DPD
MSGB101728,Agency B,BOR202227,SL101417,2026-08-24 08:00:00,Payment Reminder,"Hi, this is a reminder that your student loan payment is past due. Call us or visit your account portal to make a payment. Reply STOP to opt out of text alerts.",,,0,45.0,30-59 DPD
MSGB100692,Agency B,BOR202265,SL100965,2023-12-20 08:00:00,Settlement Offer,You may be eligible for a reduced settlement on your account. Contact us to learn more before this offer expires. Reply STOP to opt out.,,,0,75.0,60-89 DPD
MSGB100542,Agency B,BOR200157,SL100688,2024-02-14 13:00:00,Payment Reminder,Your loan payment is overdue. Please contact us today to avoid further action. Msg&data rates may apply. Reply STOP to unsubscribe.,,,0,15.0,1-29 DPD
MSGB100335,Agency B,BOR201329,SL100726,2025-05-08 07:00:00,Payment Reminder,Your loan payment is overdue. Please contact us today to avoid further action. Msg&data rates may apply. Reply STOP to unsubscribe.,,,0,135.0,120-149 DPD
MSGB100211,Agency B,BOR201970,SL101618,2022-01-12 05:00:00,Payment Reminder,Your loan payment is overdue. Please contact us today to avoid further action. Msg&data rates may apply. Reply STOP to unsubscribe.,,,0,15.0,1-29 DPD
MSGB101286,Agency B,BOR202237,SL100674,2023-12-18 16:00:00,Payment Reminder,"Hi, this is a reminder that your student loan payment is past due. Call us or visit your account portal to make a payment. Reply STOP to opt out of text alerts.",,,0,195.0,180+ DPD
MSGB101791,Agency B,BOR200182,SL100080,2026-08-26 09:00:00,Payment Reminder,"Hi, this is a reminder that your student loan payment is past due. Call us or visit your account portal to make a payment. Reply STOP to opt out of text alerts.",,,0,45.0,30-59 DPD
MSGB100574,Agency B,BOR201183,SL100163,2024-05-23 16:00:00,Payment Reminder,"Hi, this is a reminder that your student loan payment is past due. Call us or visit your account portal to make a payment. Reply STOP to opt out of text alerts.",,,0,75.0,60-89 DPD
MSGB100612,Agency B,BOR201663,SL102065,2023-10-16 16:00:00,Payment Reminder,"Hi, this is a reminder that your student loan payment is past due. Call us or visit your account portal to make a payment. Reply STOP to opt out of text alerts.",,,0,105.0,90-119 DPD
MSGB100704,Agency B,BOR201071,SL100301,2026-08-05 06:00:00,Settlement Offer,You may be eligible for a reduced settlement on your account. Contact us to learn more before this offer expires. Reply STOP to opt out.,,,0,15.0,1-29 DPD
MSGB101527,Agency B,BOR200309,SL100449,2023-11-24 14:00:00,Payment Reminder,"Hi, this is a reminder that your student loan payment is past due. Call us or visit your account portal to make a payment. Reply STOP to opt out of text alerts.",,,0,15.0,1-29 DPD
MSGB101419,Agency B,BOR200739,SL101636,2026-04-25 07:00:00,Payment Reminder,"Hi, this is a reminder that your student loan payment is past due. Call us or visit your account portal to make a payment. Reply STOP to opt out of text alerts.",,,0,75.0,60-89 DPD
MSGB100662,Agency B,BOR201274,SL101878,2023-01-22 05:00:00,General Notice,Your account requires attention. Please contact our office at your earliest convenience. Reply STOP to stop these messages.,,,0,105.0,90-119 DPD
MSGB100221,Agency B,BOR200613,SL101313,2025-06-18 12:00:00,Hardship Program Info,You may qualify for a temporary hardship repayment plan. Call us to discuss your options. Reply STOP to unsubscribe from texts.,,,0,45.0,30-59 DPD
MSGB100969,Agency B,BOR200678,SL100734,2022-12-08 13:00:00,Payment Reminder,"Hi, this is a reminder that your student loan payment is past due. Call us or visit your account portal to make a payment. Reply STOP to opt out of text alerts.",,,0,45.0,30-59 DPD
MSGB100201,Agency B,BOR202061,SL101925,2024-02-03 13:00:00,Settlement Offer,You may be eligible for a reduced settlement on your account. Contact us to learn more before this offer expires. Reply STOP to opt out.,,,0,15.0,1-29 DPD
MSGB100204,Agency B,BOR200678,SL100734,2023-03-12 14:00:00,Payment Reminder,"Hi, this is a reminder that your student loan payment is past due. Call us or visit your account portal to make a payment. Reply STOP to opt out of text alerts.",,,0,45.0,30-59 DPD
MSGB101538,Agency B,BOR200654,SL101947,2026-02-09 16:00:00,Payment Reminder,Your loan payment is overdue. Please contact us today to avoid further action. Msg&data rates may apply. Reply STOP to unsubscribe.,,,0,75.0,60-89 DPD
MSGB100556,Agency B,BOR201255,SL100590,2022-06-09 11:00:00,General Notice,Your account requires attention. Please contact our office at your earliest convenience. Reply STOP to stop these messages.,,,0,15.0,1-29 DPD
MSGB101328,Agency B,BOR200596,SL102490,2021-09-10 09:00:00,Hardship Program Info,You may qualify for a temporary hardship repayment plan. Call us to discuss your options. Reply STOP to unsubscribe from texts.,,,0,15.0,1-29 DPD
MSGB101192,Agency B,BOR202284,SL100237,2023-10-21 07:00:00,Payment Reminder,Your loan payment is overdue. Please contact us today to avoid further action. Msg&data rates may apply. Reply STOP to unsubscribe.,,,0,105.0,90-119 DPD
MSGB100165,Agency B,BOR201254,SL101983,2024-03-22 05:00:00,General Notice,Your account requires attention. Please contact our office at your earliest convenience. Reply STOP to stop these messages.,,,0,135.0,120-149 DPD
MSGB101720,Agency B,BOR201014,SL101466,2024-11-15 14:00:00,Settlement Offer,You may be eligible for a reduced settlement on your account. Contact us to learn more before this offer expires. Reply STOP to opt out.,Stop - remove my number,2024-11-15 23:03:00,1,45.0,30-59 DPD
MSGB100476,Agency B,BOR201047,SL100232,2024-03-18 07:00:00,Hardship Program Info,You may qualify for a temporary hardship repayment plan. Call us to discuss your options. Reply STOP to unsubscribe from texts.,I stopped by the branch yesterday and paid already,2024-03-18 11:22:00,1,75.0,60-89 DPD
MSGB100154,Agency B,BOR201130,SL101560,2023-05-15 10:00:00,General Notice,Your account requires attention. Please contact our office at your earliest convenience. Reply STOP to stop these messages.,,,0,15.0,1-29 DPD
MSGB100547,Agency B,BOR200297,SL102202,2025-10-08 10:00:00,Hardship Program Info,You may qualify for a temporary hardship repayment plan. Call us to discuss your options. Reply STOP to unsubscribe from texts.,,,0,15.0,1-29 DPD
MSGB100761,Agency B,BOR201536,SL101727,2025-04-06 07:00:00,Settlement Offer,You may be eligible for a reduced settlement on your account. Contact us to learn more before this offer expires. Reply STOP to opt out.,,,0,105.0,90-119 DPD
MSGB100092,Agency B,BOR201239,SL102186,2025-06-14 10:00:00,Payment Reminder,"Hi, this is a reminder that your student loan payment is past due. Call us or visit your account portal to make a payment. Reply STOP to opt out of text alerts.",,,0,45.0,30-59 DPD
MSGB101646,Agency B,BOR200031,SL101347,2022-12-05 08:00:00,Hardship Program Info,You may qualify for a temporary hardship repayment plan. Call us to discuss your options. Reply STOP to unsubscribe from texts.,,,0,45.0,30-59 DPD
MSGB101133,Agency B,BOR201913,SL100084,2023-01-07 11:00:00,General Notice,Your account requires attention. Please contact our office at your earliest convenience. Reply STOP to stop these messages.,,,0,75.0,60-89 DPD
MSGB100121,Agency B,BOR201090,SL100584,2024-01-04 11:00:00,Payment Reminder,Your loan payment is overdue. Please contact us today to avoid further action. Msg&data rates may apply. Reply STOP to unsubscribe.,,,0,165.0,150-179 DPD
MSGB101813,Agency B,BOR202313,SL100772,2025-11-12 06:00:00,Payment Reminder,"Hi, this is a reminder that your student loan payment is past due. Call us or visit your account portal to make a payment. Reply STOP to opt out of text alerts.",,,0,165.0,150-179 DPD
MSGB100411,Agency B,BOR202045,SL100056,2023-08-09 06:00:00,Payment Reminder,"Hi, this is a reminder that your student loan payment is past due. Call us or visit your account portal to make a payment. Reply STOP to opt out of text alerts.",,,0,105.0,90-119 DPD
MSGB101651,Agency B,BOR201928,SL100648,2024-08-08 16:00:00,General Notice,Your account requires attention. Please contact our office at your earliest convenience. Reply STOP to stop these messages.,,,0,15.0,1-29 DPD
MSGB100403,Agency B,BOR202021,SL102390,2025-03-14 13:00:00,Payment Reminder,Your loan payment is overdue. Please contact us today to avoid further action. Msg&data rates may apply. Reply STOP to unsubscribe.,,,0,45.0,30-59 DPD
MSGB101529,Agency B,BOR200459,SL101838,2024-07-25 13:00:00,Settlement Offer,You may be eligible for a reduced settlement on your account. Contact us to learn more before this offer expires. Reply STOP to opt out.,,,0,195.0,180+ DPD
MSGB101449,Agency B,BOR200823,SL102326,2025-07-19 10:00:00,Payment Reminder,Your loan payment is overdue. Please contact us today to avoid further action. Msg&data rates may apply. Reply STOP to unsubscribe.,who is this,2025-07-19 11:42:00,0,15.0,1-29 DPD
MSGB101359,Agency B,BOR200876,SL100081,2022-06-22 12:00:00,Payment Reminder,Your loan payment is overdue. Please contact us today to avoid further action. Msg&data rates may apply. Reply STOP to unsubscribe.,,,0,195.0,180+ DPD
MSGB101596,Agency B,BOR202149,SL101638,2023-11-17 08:00:00,General Notice,Your account requires attention. Please contact our office at your earliest convenience. Reply STOP to stop these messages.,I already stopped autopay is that why im getting these,2023-11-17 16:14:00,1,45.0,30-59 DPD
MSGB100145,Agency B,BOR201140,SL102300,2023-10-25 10:00:00,Hardship Program Info,You may qualify for a temporary hardship repayment plan. Call us to discuss your options. Reply STOP to unsubscribe from texts.,,,0,75.0,60-89 DPD
MSGB100539,Agency B,BOR202045,SL100056,2024-06-21 05:00:00,Hardship Program Info,You may qualify for a temporary hardship repayment plan. Call us to discuss your options. Reply STOP to unsubscribe from texts.,,,0,105.0,90-119 DPD
MSGB100892,Agency B,BOR201620,SL102407,2022-04-14 13:00:00,Payment Reminder,Your loan payment is overdue. Please contact us today to avoid further action. Msg&data rates may apply. Reply STOP to unsubscribe.,,,0,15.0,1-29 DPD
MSGB101656,Agency B,BOR202158,SL100778,2025-12-05 10:00:00,Settlement Offer,You may be eligible for a reduced settlement on your account. Contact us to learn more before this offer expires. Reply STOP to opt out.,he stopped answering his phone so im calling on his behalf,2025-12-05 17:17:00,1,15.0,1-29 DPD
MSGB100189,Agency B,BOR200586,SL101250,2026-08-18 05:00:00,Hardship Program Info,You may qualify for a temporary hardship repayment plan. Call us to discuss your options. Reply STOP to unsubscribe from texts.,,,0,15.0,1-29 DPD
MSGB101451,Agency B,BOR201492,SL100490,2022-05-16 16:00:00,General Notice,Your account requires attention. Please contact our office at your earliest convenience. Reply STOP to stop these messages.,,,0,15.0,1-29 DPD
MSGB100248,Agency B,BOR201183,SL100163,2022-02-05 07:00:00,Settlement Offer,You may be eligible for a reduced settlement on your account. Contact us to learn more before this offer expires. Reply STOP to opt out.,,,0,75.0,60-89 DPD
MSGB100116,Agency B,BOR201957,SL101330,2024-12-08 05:00:00,Payment Reminder,"Hi, this is a reminder that your student loan payment is past due. Call us or visit your account portal to make a payment. Reply STOP to opt out of text alerts.",,,0,15.0,1-29 DPD
MSGB101117,Agency B,BOR201056,SL100548,2025-10-20 16:00:00,Payment Reminder,"Hi, this is a reminder that your student loan payment is past due. Call us or visit your account portal to make a payment. Reply STOP to opt out of text alerts.",,,0,15.0,1-29 DPD
MSGB101780,Agency B,BOR201047,SL100232,2024-02-12 14:00:00,Payment Reminder,"Hi, this is a reminder that your student loan payment is past due. Call us or visit your account portal to make a payment. Reply STOP to opt out of text alerts.",,,0,45.0,30-59 DPD
MSGB100779,Agency B,BOR200710,SL100671,2023-08-07 16:00:00,Hardship Program Info,You may qualify for a temporary hardship repayment plan. Call us to discuss your options. Reply STOP to unsubscribe from texts.,,,0,15.0,1-29 DPD
MSGB101483,Agency B,BOR201047,SL100232,2024-07-28 14:00:00,Payment Reminder,Your loan payment is overdue. Please contact us today to avoid further action. Msg&data rates may apply. Reply STOP to unsubscribe.,,,0,105.0,90-119 DPD
MSGB100243,Agency B,BOR200424,SL102182,2025-06-17 11:00:00,Hardship Program Info,You may qualify for a temporary hardship repayment plan. Call us to discuss your options. Reply STOP to unsubscribe from texts.,my payment stopped going through last month can you check,2025-06-17 20:11:00,1,15.0,1-29 DPD
MSGB100735,Agency B,BOR200196,SL100705,2022-11-12 14:00:00,Settlement Offer,You may be eligible for a reduced settlement on your account. Contact us to learn more before this offer expires. Reply STOP to opt out.,,,0,15.0,1-29 DPD
MSGB101367,Agency B,BOR202168,SL101355,2024-09-26 12:00:00,Settlement Offer,You may be eligible for a reduced settlement on your account. Contact us to learn more before this offer expires. Reply STOP to opt out.,,,0,15.0,1-29 DPD
MSGB100867,Agency B,BOR200696,SL101393,2024-10-23 06:00:00,General Notice,Your account requires attention. Please contact our office at your earliest convenience. Reply STOP to stop these messages.,,,0,15.0,1-29 DPD
MSGB101125,Agency B,BOR202140,SL100721,2024-12-26 06:00:00,Payment Reminder,Your loan payment is overdue. Please contact us today to avoid further action. Msg&data rates may apply. Reply STOP to unsubscribe.,,,0,75.0,60-89 DPD
MSGB100001,Agency B,BOR201718,SL102477,2023-06-10 07:00:00,Payment Reminder,"Hi, this is a reminder that your student loan payment is past due. Call us or visit your account portal to make a payment. Reply STOP to opt out of text alerts.",,,0,15.0,1-29 DPD
MSGB101275,Agency B,BOR201297,SL101317,2022-09-14 05:00:00,Payment Reminder,Your loan payment is overdue. Please contact us today to avoid further action. Msg&data rates may apply. Reply STOP to unsubscribe.,,,0,15.0,1-29 DPD
MSGB100807,Agency B,BOR200610,SL102152,2024-09-17 10:00:00,Payment Reminder,Your loan payment is overdue. Please contact us today to avoid further action. Msg&data rates may apply. Reply STOP to unsubscribe.,,,0,105.0,90-119 DPD
MSGB101466,Agency B,BOR200173,SL100434,2023-12-23 10:00:00,General Notice,Your account requires attention. Please contact our office at your earliest convenience. Reply STOP to stop these messages.,,,0,75.0,60-89 DPD
MSGB100520,AGENCY_B,BOR201136,SL100125,2022-06-10 08:00:00,Payment Reminder,Your loan payment is overdue. Please contact us today to avoid further action. Msg&data rates may apply. Reply STOP to unsubscribe.,,,0,15.0,1-29 DPD
MSGB101562,Agency B,BOR202168,SL101355,2026-04-17 08:00:00,Payment Reminder,Your loan payment is overdue. Please contact us today to avoid further action. Msg&data rates may apply. Reply STOP to unsubscribe.,,,0,75.0,60-89 DPD
MSGB100672,Agency B,BOR200549,SL101735,2023-08-22 16:00:00,Payment Reminder,Your loan payment is overdue. Please contact us today to avoid further action. Msg&data rates may apply. Reply STOP to unsubscribe.,,,0,45.0,30-59 DPD
MSGB101126,Agency B,BOR200527,SL100589,2023-02-09 11:00:00,Payment Reminder,Your loan payment is overdue. Please contact us today to avoid further action. Msg&data rates may apply. Reply STOP to unsubscribe.,,,0,135.0,120-149 DPD
MSGB100262,Agency B,BOR201999,SL100760,2024-11-07 07:00:00,Payment Reminder,"Hi, this is a reminder that your student loan payment is past due. Call us or visit your account portal to make a payment. Reply STOP to opt out of text alerts.",,,0,15.0,1-29 DPD
MSGB100238,Agency B,BOR200836,SL102211,2024-07-21 12:00:00,Payment Reminder,Your loan payment is overdue. Please contact us today to avoid further action. Msg&data rates may apply. Reply STOP to unsubscribe.,,,0,105.0,90-119 DPD
MSGB101540,Agency B,BOR200715,SL102180,2026-07-27 09:00:00,General Notice,Your account requires attention. Please contact our office at your earliest convenience. Reply STOP to stop these messages.,,,0,15.0,1-29 DPD
MSGB101578,Agency B,BOR201889,SL100050,2026-04-04 08:00:00,Payment Reminder,Your loan payment is overdue. Please contact us today to avoid further action. Msg&data rates may apply. Reply STOP to unsubscribe.,,,0,15.0,1-29 DPD
MSGB100929,Agency B,BOR201456,SL101092,2021-08-27 07:00:00,Hardship Program Info,You may qualify for a temporary hardship repayment plan. Call us to discuss your options. Reply STOP to unsubscribe from texts.,wrong number,2021-08-27 10:37:00,0,45.0,30-59 DPD
MSGB100538,Agency B,BOR200549,SL101735,2023-07-13 06:00:00,Payment Reminder,Your loan payment is overdue. Please contact us today to avoid further action. Msg&data rates may apply. Reply STOP to unsubscribe.,,,0,45.0,30-59 DPD
MSGB101860,Agency B,BOR202319,SL100532,2023-07-05 13:00:00,Payment Reminder,"Hi, this is a reminder that your student loan payment is past due. Call us or visit your account portal to make a payment. Reply STOP to opt out of text alerts.",,,0,45.0,30-59 DPD
MSGB101766,Agency B,BOR201903,SL101743,2024-10-22 13:00:00,General Notice,Your account requires attention. Please contact our office at your earliest convenience. Reply STOP to stop these messages.,stop,2024-10-22 20:22:00,1,15.0,1-29 DPD
MSGB100054,Agency B,BOR201152,SL101596,2025-12-18 07:00:00,General Notice,Your account requires attention. Please contact our office at your earliest convenience. Reply STOP to stop these messages.,,,0,15.0,1-29 DPD
MSGB101775,Agency B,BOR201329,SL100726,2026-05-05 07:00:00,Payment Reminder,"Hi, this is a reminder that your student loan payment is past due. Call us or visit your account portal to make a payment. Reply STOP to opt out of text alerts.",,,0,195.0,180+ DPD
MSGB101002,Agency B,BOR201327,SL102351,2023-10-15 06:00:00,Payment Reminder,Your loan payment is overdue. Please contact us today to avoid further action. Msg&data rates may apply. Reply STOP to unsubscribe.,yes,2023-10-15 10:27:00,0,45.0,30-59 DPD
MSGB101378,Agency B,BOR202286,SL102165,2023-07-27 07:00:00,Payment Reminder,Your loan payment is overdue. Please contact us today to avoid further action. Msg&data rates may apply. Reply STOP to unsubscribe.,unsubscribe STOP,2023-07-27 16:03:00,1,75.0,60-89 DPD
MSGB101518,Agency B,BOR200146,SL101527,2023-01-20 12:00:00,Hardship Program Info,You may qualify for a temporary hardship repayment plan. Call us to discuss your options. Reply STOP to unsubscribe from texts.,,,0,15.0,1-29 DPD
MSGB100275,Agency B,BOR202083,SL100285,2023-09-22 12:00:00,General Notice,Your account requires attention. Please contact our office at your earliest convenience. Reply STOP to stop these messages.,,,0,45.0,30-59 DPD
MSGB100558,Agency B,BOR201676,SL100634,2024-12-21 08:00:00,Settlement Offer,You may be eligible for a reduced settlement on your account. Contact us to learn more before this offer expires. Reply STOP to opt out.,,,0,75.0,60-89 DPD
MSGB101179,Agency B,BOR200839,SL101345,2024-04-08 13:00:00,Payment Reminder,"Hi, this is a reminder that your student loan payment is past due. Call us or visit your account portal to make a payment. Reply STOP to opt out of text alerts.",,,0,15.0,1-29 DPD
MSGB101088,Agency B,BOR201829,SL100188,2022-04-16 05:00:00,Payment Reminder,"Hi, this is a reminder that your student loan payment is past due. Call us or visit your account portal to make a payment. Reply STOP to opt out of text alerts.",I already stopped autopay is that why im getting these,2022-04-16 14:32:00,1,15.0,1-29 DPD
MSGB101368,Agency B,BOR201140,SL102300,2025-06-16 09:00:00,Payment Reminder,Your loan payment is overdue. Please contact us today to avoid further action. Msg&data rates may apply. Reply STOP to unsubscribe.,,,0,45.0,30-59 DPD
MSGB100594,Agency B,BOR201071,SL100301,2024-12-22 08:00:00,Settlement Offer,You may be eligible for a reduced settlement on your account. Contact us to learn more before this offer expires. Reply STOP to opt out.,,,0,15.0,1-29 DPD
MSGB101632,Agency B,BOR201140,SL102300,2022-04-21 09:00:00,Hardship Program Info,You may qualify for a temporary hardship repayment plan. Call us to discuss your options. Reply STOP to unsubscribe from texts.,,,0,45.0,30-59 DPD
MSGB100645,Agency B,BOR201731,SL102470,2025-11-04 15:00:00,Payment Reminder,"Hi, this is a reminder that your student loan payment is past due. Call us or visit your account portal to make a payment. Reply STOP to opt out of text alerts.",,,0,75.0,60-89 DPD
MSGB101477,Agency B,BOR202313,SL100772,2025-01-28 08:00:00,Payment Reminder,"Hi, this is a reminder that your student loan payment is past due. Call us or visit your account portal to make a payment. Reply STOP to opt out of text alerts.",,,0,135.0,120-149 DPD
MSGB100295,Agency B,BOR200184,SL101234,2023-07-18 14:00:00,Hardship Program Info,You may qualify for a temporary hardship repayment plan. Call us to discuss your options. Reply STOP to unsubscribe from texts.,,,0,45.0,30-59 DPD
MSGB101559,Agency B,BOR201681,SL101976,2025-11-09 11:00:00,Payment Reminder,"Hi, this is a reminder that your student loan payment is past due. Call us or visit your account portal to make a payment. Reply STOP to opt out of text alerts.",,,0,15.0,1-29 DPD
MSGB101270,Agency B,BOR201718,SL102477,2022-06-08 07:00:00,Payment Reminder,"Hi, this is a reminder that your student loan payment is past due. Call us or visit your account portal to make a payment. Reply STOP to opt out of text alerts.",,,0,105.0,90-119 DPD
MSGB100754,Agency B,BOR200409,SL102199,2026-08-11 05:00:00,Payment Reminder,"Hi, this is a reminder that your student loan payment is past due. Call us or visit your account portal to make a payment. Reply STOP to opt out of text alerts.",,,0,15.0,1-29 DPD
MSGB100932,Agency B,BOR201526,SL101049,2021-11-23 08:00:00,General Notice,Your account requires attention. Please contact our office at your earliest convenience. Reply STOP to stop these messages.,can you call me instead,2021-11-23 14:03:00,0,165.0,150-179 DPD
MSGB101445,Agency B,BOR200327,SL100480,2026-01-22 07:00:00,General Notice,Your account requires attention. Please contact our office at your earliest convenience. Reply STOP to stop these messages.,,,0,15.0,1-29 DPD
MSGB100860,Agency B,BOR201274,SL101878,2026-08-04 15:00:00,Settlement Offer,You may be eligible for a reduced settlement on your account. Contact us to learn more before this offer expires. Reply STOP to opt out.,,,0,75.0,60-89 DPD
MSGB100768,Agency B,BOR201952,SL102231,2021-09-04 11:00:00,Payment Reminder,Your loan payment is overdue. Please contact us today to avoid further action. Msg&data rates may apply. Reply STOP to unsubscribe.,yes,2021-09-04 17:31:00,0,45.0,30-59 DPD
MSGB101048,Agency B,BOR200546,SL101437,2022-05-21 09:00:00,General Notice,Your account requires attention. Please contact our office at your earliest convenience. Reply STOP to stop these messages.,,,0,15.0,1-29 DPD
MSGB101296,Agency B,BOR201376,SL101493,2024-09-12 15:00:00,Payment Reminder,"Hi, this is a reminder that your student loan payment is past due. Call us or visit your account portal to make a payment. Reply STOP to opt out of text alerts.",,,0,105.0,90-119 DPD
MSGB100472,Agency B,BOR201790,SL101694,2025-10-13 12:00:00,Payment Reminder,"Hi, this is a reminder that your student loan payment is past due. Call us or visit your account portal to make a payment. Reply STOP to opt out of text alerts.",,,0,165.0,150-179 DPD
MSGB101614,Agency B,BOR200890,SL101014,2021-08-17 11:00:00,Hardship Program Info,You may qualify for a temporary hardship repayment plan. Call us to discuss your options. Reply STOP to unsubscribe from texts.,,,0,15.0,1-29 DPD
MSGB100781,Agency B,BOR200111,SL101627,2021-11-17 15:00:00,Hardship Program Info,You may qualify for a temporary hardship repayment plan. Call us to discuss your options. Reply STOP to unsubscribe from texts.,,,0,15.0,1-29 DPD
MSGB100393,Agency B,BOR201165,SL101522,2025-09-08 15:00:00,Payment Reminder,Your loan payment is overdue. Please contact us today to avoid further action. Msg&data rates may apply. Reply STOP to unsubscribe.,,,0,15.0,1-29 DPD
MSGB101364,AGENCY_B,BOR200876,SL100081,2022-09-21 08:00:00,General Notice,,,,0,195.0,180+ DPD
MSGB101206,Agency B,BOR201715,SL101146,2022-06-08 05:00:00,General Notice,Your account requires attention. Please contact our office at your earliest convenience. Reply STOP to stop these messages.,,,0,15.0,1-29 DPD
MSGB100277,Agency B,BOR200252,SL100463,2022-08-08 07:00:00,Settlement Offer,You may be eligible for a reduced settlement on your account. Contact us to learn more before this offer expires. Reply STOP to opt out.,,,0,15.0,1-29 DPD
MSGB100794,Agency B,BOR200084,SL101774,2026-02-18 09:00:00,Payment Reminder,"Hi, this is a reminder that your student loan payment is past due. Call us or visit your account portal to make a payment. Reply STOP to opt out of text alerts.",,,0,75.0,60-89 DPD
MSGB100408,Agency B,BOR201130,SL101560,2023-11-19 10:00:00,Payment Reminder,"Hi, this is a reminder that your student loan payment is past due. Call us or visit your account portal to make a payment. Reply STOP to opt out of text alerts.",,,0,45.0,30-59 DPD
MSGB101515,Agency B,BOR200496,SL100166,2026-07-25 13:00:00,Payment Reminder,Your loan payment is overdue. Please contact us today to avoid further action. Msg&data rates may apply. Reply STOP to unsubscribe.,,,0,105.0,90-119 DPD
MSGB101486,Agency B,BOR200761,SL102224,2021-09-14 11:00:00,General Notice,Your account requires attention. Please contact our office at your earliest convenience. Reply STOP to stop these messages.,,,0,45.0,30-59 DPD
MSGB100117,Agency B,BOR200150,SL101089,2025-10-16 12:00:00,Payment Reminder,"Hi, this is a reminder that your student loan payment is past due. Call us or visit your account portal to make a payment. Reply STOP to opt out of text alerts.",how much do I owe,2025-10-16 18:41:00,0,75.0,60-89 DPD
MSGB100049,Agency B,BOR202117,SL101816,2021-06-24 05:00:00,Payment Reminder,Your loan payment is overdue. Please contact us today to avoid further action. Msg&data rates may apply. Reply STOP to unsubscribe.,unsubscribe STOP,2021-06-24 11:49:00,1,15.0,1-29 DPD
MSGB100347,AGENCY_B,BOR200673,SL101011,2026-05-18 08:00:00,Settlement Offer,You may be eligible for a reduced settlement on your account. Contact us to learn more before this offer expires. Reply STOP to opt out.,nonstop calls today about this smh,2026-05-18 08:25:00,1,15.0,1-29 DPD
MSGB100588,Agency B,BOR201742,SL101133,2025-02-25 06:00:00,Payment Reminder,Your loan payment is overdue. Please contact us today to avoid further action. Msg&data rates may apply. Reply STOP to unsubscribe.,,,0,135.0,120-149 DPD
MSGB100908,Agency B,BOR202319,SL100160,2026-02-20 05:00:00,Payment Reminder,Your loan payment is overdue. Please contact us today to avoid further action. Msg&data rates may apply. Reply STOP to unsubscribe.,,,0,135.0,120-149 DPD
MSGB100939,Agency B,BOR201152,SL101596,2026-02-13 10:00:00,Payment Reminder,Your loan payment is overdue. Please contact us today to avoid further action. Msg&data rates may apply. Reply STOP to unsubscribe.,yes,2026-02-13 18:09:00,0,15.0,1-29 DPD
MSGB101797,Agency B,BOR201183,SL100163,2023-01-11 15:00:00,Payment Reminder,Your loan payment is overdue. Please contact us today to avoid further action. Msg&data rates may apply. Reply STOP to unsubscribe.,,,0,75.0,60-89 DPD
MSGB101542,AGENCY_B,BOR201334,SL101834,2022-08-18 06:00:00,General Notice,Your account requires attention. Please contact our office at your earliest convenience. Reply STOP to stop these messages.,,,0,15.0,1-29 DPD
MSGB101564,Agency B,BOR202049,SL100630,2025-10-05 13:00:00,Hardship Program Info,You may qualify for a temporary hardship repayment plan. Call us to discuss your options. Reply STOP to unsubscribe from texts.,can you call me instead,2025-10-05 20:14:00,0,75.0,60-89 DPD
MSGB100537,Agency B,BOR201731,SL102470,2025-08-13 05:00:00,Payment Reminder,Your loan payment is overdue. Please contact us today to avoid further action. Msg&data rates may apply. Reply STOP to unsubscribe.,,,0,15.0,1-29 DPD
MSGB100746,Agency B,BOR200511,SL102454,2023-11-18 10:00:00,Hardship Program Info,You may qualify for a temporary hardship repayment plan. Call us to discuss your options. Reply STOP to unsubscribe from texts.,,,0,45.0,30-59 DPD
MSGB101406,Agency B,BOR200056,SL101455,2022-04-04 10:00:00,Payment Reminder,Your loan payment is overdue. Please contact us today to avoid further action. Msg&data rates may apply. Reply STOP to unsubscribe.,already paid this,2022-04-04 15:34:00,0,15.0,1-29 DPD
MSGB101511,Agency B,BOR201830,SL100299,2024-04-13 07:00:00,Hardship Program Info,You may qualify for a temporary hardship repayment plan. Call us to discuss your options. Reply STOP to unsubscribe from texts.,,,0,135.0,120-149 DPD
MSGB100593,Agency B,BOR200005,SL101557,2023-09-10 09:00:00,Payment Reminder,Your loan payment is overdue. Please contact us today to avoid further action. Msg&data rates may apply. Reply STOP to unsubscribe.,,,0,45.0,30-59 DPD
MSGB100928,Agency B,BOR201526,SL101049,2026-08-04 12:00:00,Payment Reminder,Your loan payment is overdue. Please contact us today to avoid further action. Msg&data rates may apply. Reply STOP to unsubscribe.,,,0,15.0,1-29 DPD
MSGB101212,Agency B,BOR201152,SL101596,2025-03-05 12:00:00,Payment Reminder,"Hi, this is a reminder that your student loan payment is past due. Call us or visit your account portal to make a payment. Reply STOP to opt out of text alerts.",,,0,15.0,1-29 DPD
MSGB101398,Agency B,BOR201292,SL102416,2025-07-09 10:00:00,General Notice,Your account requires attention. Please contact our office at your earliest convenience. Reply STOP to stop these messages.,,,0,105.0,90-119 DPD
MSGB100707,Agency B,BOR202185,SL100994,2025-09-25 12:00:00,Hardship Program Info,You may qualify for a temporary hardship repayment plan. Call us to discuss your options. Reply STOP to unsubscribe from texts.,,,0,15.0,1-29 DPD
MSGB100656,Agency B,BOR202086,SL102105,2023-09-19 15:00:00,General Notice,Your account requires attention. Please contact our office at your earliest convenience. Reply STOP to stop these messages.,,,0,15.0,1-29 DPD
MSGB101747,Agency B,BOR200462,SL101585,2023-05-17 10:00:00,Payment Reminder,"Hi, this is a reminder that your student loan payment is past due. Call us or visit your account portal to make a payment. Reply STOP to opt out of text alerts.",,,0,15.0,1-29 DPD
MSGB100902,Agency B,BOR201759,SL100944,2023-03-27 10:00:00,General Notice,Your account requires attention. Please contact our office at your earliest convenience. Reply STOP to stop these messages.,,,0,45.0,30-59 DPD
MSGB100750,Agency B,BOR201231,SL100498,2024-05-22 08:00:00,General Notice,Your account requires attention. Please contact our office at your earliest convenience. Reply STOP to stop these messages.,,,0,45.0,30-59 DPD
MSGB101175,Agency B,BOR201681,SL101142,2024-01-16 07:00:00,Hardship Program Info,You may qualify for a temporary hardship repayment plan. Call us to discuss your options. Reply STOP to unsubscribe from texts.,,,0,15.0,1-29 DPD
MSGB100866,Agency B,BOR200508,SL101593,2023-10-12 10:00:00,General Notice,Your account requires attention. Please contact our office at your earliest convenience. Reply STOP to stop these messages.,,,0,45.0,30-59 DPD
MSGB101080,Agency B,BOR201372,SL102050,2023-09-08 07:00:00,Payment Reminder,"Hi, this is a reminder that your student loan payment is past due. Call us or visit your account portal to make a payment. Reply STOP to opt out of text alerts.",,,0,45.0,30-59 DPD
MSGB100631,Agency B,BOR201329,SL100726,2026-03-05 12:00:00,Payment Reminder,Your loan payment is overdue. Please contact us today to avoid further action. Msg&data rates may apply. Reply STOP to unsubscribe.,,,0,195.0,180+ DPD
MSGB101606,Agency B,BOR202120,SL100771,2022-02-21 11:00:00,General Notice,Your account requires attention. Please contact our office at your earliest convenience. Reply STOP to stop these messages.,,,0,15.0,1-29 DPD
MSGB101306,Agency B,BOR200358,SL101489,2026-05-18 09:00:00,Payment Reminder,Your loan payment is overdue. Please contact us today to avoid further action. Msg&data rates may apply. Reply STOP to unsubscribe.,,,0,15.0,1-29 DPD
MSGB101345,Agency B,BOR201014,SL101466,2026-08-21 10:00:00,General Notice,Your account requires attention. Please contact our office at your earliest convenience. Reply STOP to stop these messages.,,,0,135.0,120-149 DPD
MSGB101517,Agency B,BOR201329,SL100726,2025-07-22 10:00:00,Hardship Program Info,You may qualify for a temporary hardship repayment plan. Call us to discuss your options. Reply STOP to unsubscribe from texts.,he stopped answering his phone so im calling on his behalf,2025-07-22 15:47:00,1,195.0,180+ DPD
MSGB100316,Agency B,BOR200617,SL102311,2024-10-24 06:00:00,Settlement Offer,You may be eligible for a reduced settlement on your account. Contact us to learn more before this offer expires. Reply STOP to opt out.,,,0,75.0,60-89 DPD
MSGB100437,Agency B,BOR200252,SL100463,2023-09-12 06:00:00,General Notice,Your account requires attention. Please contact our office at your earliest convenience. Reply STOP to stop these messages.,,,0,15.0,1-29 DPD
MSGB101761,Agency B,BOR200633,SL102136,2026-08-19 05:00:00,Payment Reminder,"Hi, this is a reminder that your student loan payment is past due. Call us or visit your account portal to make a payment. Reply STOP to opt out of text alerts.",,,0,45.0,30-59 DPD
MSGB100098,Agency B,BOR200954,SL101930,2024-04-22 11:00:00,Settlement Offer,You may be eligible for a reduced settlement on your account. Contact us to learn more before this offer expires. Reply STOP to opt out.,,,0,75.0,60-89 DPD
MSGB101641,AGENCY_B,BOR202090,SL102014,2025-10-06 14:00:00,Payment Reminder,Your loan payment is overdue. Please contact us today to avoid further action. Msg&data rates may apply. Reply STOP to unsubscribe.,,,0,105.0,90-119 DPD
MSGB101682,Agency B,BOR200184,SL101234,2024-07-06 13:00:00,General Notice,Your account requires attention. Please contact our office at your earliest convenience. Reply STOP to stop these messages.,,,0,45.0,30-59 DPD
MSGB101444,Agency B,BOR202204,SL101706,2026-05-20 15:00:00,General Notice,Your account requires attention. Please contact our office at your earliest convenience. Reply STOP to stop these messages.,,,0,105.0,90-119 DPD
MSGB100130,Agency B,BOR201488,SL100559,2026-05-21 05:00:00,General Notice,Your account requires attention. Please contact our office at your earliest convenience. Reply STOP to stop these messages.,,,0,75.0,60-89 DPD
MSGB101491,Agency B,BOR201391,SL101026,2021-04-06 11:00:00,Settlement Offer,You may be eligible for a reduced settlement on your account. Contact us to learn more before this offer expires. Reply STOP to opt out.,,,0,15.0,1-29 DPD
MSGB100471,Agency B,BOR200056,SL100948,2023-08-20 16:00:00,Hardship Program Info,You may qualify for a temporary hardship repayment plan. Call us to discuss your options. Reply STOP to unsubscribe from texts.,,,0,165.0,150-179 DPD
MSGB100374,Agency B,BOR201026,SL100067,2025-01-13 05:00:00,General Notice,Your account requires attention. Please contact our office at your earliest convenience. Reply STOP to stop these messages.,,,0,15.0,1-29 DPD
MSGB100492,Agency B,BOR201329,SL100726,2024-11-14 09:00:00,Payment Reminder,"Hi, this is a reminder that your student loan payment is past due. Call us or visit your account portal to make a payment. Reply STOP to opt out of text alerts.",,,0,105.0,90-119 DPD
MSGB100777,Agency B,BOR201274,SL101878,2021-12-07 09:00:00,Settlement Offer,You may be eligible for a reduced settlement on your account. Contact us to learn more before this offer expires. Reply STOP to opt out.,how much do I owe,2021-12-07 14:08:00,0,15.0,1-29 DPD
MSGB100157,Agency B,BOR200876,SL100081,2025-07-14 05:00:00,General Notice,Your account requires attention. Please contact our office at your earliest convenience. Reply STOP to stop these messages.,,,0,15.0,1-29 DPD
MSGB101628,Agency B,BOR202067,SL101476,2026-01-11 05:00:00,Payment Reminder,"Hi, this is a reminder that your student loan payment is past due. Call us or visit your account portal to make a payment. Reply STOP to opt out of text alerts.",ok will pay soon,2026-01-11 08:48:00,0,45.0,30-59 DPD
MSGB100965,Agency B,BOR202323,SL102411,2025-10-06 08:00:00,Payment Reminder,"Hi, this is a reminder that your student loan payment is past due. Call us or visit your account portal to make a payment. Reply STOP to opt out of text alerts.",,,0,105.0,90-119 DPD
MSGB101680,Agency B,BOR200954,SL101930,2024-08-07 05:00:00,General Notice,Your account requires attention. Please contact our office at your earliest convenience. Reply STOP to stop these messages.,,,0,105.0,90-119 DPD
MSGB100522,Agency B,BOR201953,SL100702,2025-02-01 05:00:00,General Notice,Your account requires attention. Please contact our office at your earliest convenience. Reply STOP to stop these messages.,,,0,15.0,1-29 DPD
MSGB101163,Agency B,BOR200319,SL100993,2023-11-25 10:00:00,Payment Reminder,"Hi, this is a reminder that your student loan payment is past due. Call us or visit your account portal to make a payment. Reply STOP to opt out of text alerts.",,,0,195.0,180+ DPD
MSGB101397,Agency B,BOR202254,SL102264,2026-03-09 16:00:00,Payment Reminder,Your loan payment is overdue. Please contact us today to avoid further action. Msg&data rates may apply. Reply STOP to unsubscribe.,,,0,75.0,60-89 DPD
MSGB101157,Agency B,BOR202290,SL101372,2022-07-18 09:00:00,Payment Reminder,"Hi, this is a reminder that your student loan payment is past due. Call us or visit your account portal to make a payment. Reply STOP to opt out of text alerts.",my payment stopped going through last month can you check,2022-07-18 12:41:00,1,45.0,30-59 DPD
MSGB101439,Agency B,BOR200872,SL100806,2026-03-26 12:00:00,Payment Reminder,"Hi, this is a reminder that your student loan payment is past due. Call us or visit your account portal to make a payment. Reply STOP to opt out of text alerts.",,,0,75.0,60-89 DPD
MSGB100252,Agency B,BOR200596,SL102490,2023-12-24 09:00:00,General Notice,Your account requires attention. Please contact our office at your earliest convenience. Reply STOP to stop these messages.,,,0,165.0,150-179 DPD
MSGB101181,Agency B,BOR200418,SL102464,2025-09-24 15:00:00,Payment Reminder,Your loan payment is overdue. Please contact us today to avoid further action. Msg&data rates may apply. Reply STOP to unsubscribe.,sorry missed the bus stop have to call back later,2025-09-24 15:49:00,1,195.0,180+ DPD
MSGB101317,Agency B,BOR202133,SL100730,2024-11-15 05:00:00,Settlement Offer,You may be eligible for a reduced settlement on your account. Contact us to learn more before this offer expires. Reply STOP to opt out.,,,0,45.0,30-59 DPD
MSGB100030,Agency B,BOR200110,SL100222,2025-03-16 15:00:00,Payment Reminder,"Hi, this is a reminder that your student loan payment is past due. Call us or visit your account portal to make a payment. Reply STOP to opt out of text alerts.",,,0,15.0,1-29 DPD
MSGB101330,Agency B,BOR201905,SL101612,2024-09-04 05:00:00,General Notice,Your account requires attention. Please contact our office at your earliest convenience. Reply STOP to stop these messages.,,,0,195.0,180+ DPD
MSGB101495,Agency B,BOR201742,SL100494,2024-08-25 12:00:00,Hardship Program Info,You may qualify for a temporary hardship repayment plan. Call us to discuss your options. Reply STOP to unsubscribe from texts.,,,0,45.0,30-59 DPD
MSGB100958,Agency B,BOR200601,SL100203,2023-02-10 14:00:00,Payment Reminder,Your loan payment is overdue. Please contact us today to avoid further action. Msg&data rates may apply. Reply STOP to unsubscribe.,,,0,135.0,120-149 DPD
MSGB100530,Agency B,BOR200804,SL100507,2024-09-04 05:00:00,Payment Reminder,Your loan payment is overdue. Please contact us today to avoid further action. Msg&data rates may apply. Reply STOP to unsubscribe.,,,0,15.0,1-29 DPD
MSGB100641,Agency B,BOR200431,SL100144,2026-05-10 15:00:00,Hardship Program Info,You may qualify for a temporary hardship repayment plan. Call us to discuss your options. Reply STOP to unsubscribe from texts.,,,0,15.0,1-29 DPD
MSGB101362,Agency B,BOR201681,SL101976,2022-12-15 16:00:00,Payment Reminder,"Hi, this is a reminder that your student loan payment is past due. Call us or visit your account portal to make a payment. Reply STOP to opt out of text alerts.",,,0,75.0,60-89 DPD
MSGB100398,Agency B,BOR201429,SL102193,2024-07-25 16:00:00,Payment Reminder,"Hi, this is a reminder that your student loan payment is past due. Call us or visit your account portal to make a payment. Reply STOP to opt out of text alerts.",,,0,15.0,1-29 DPD
MSGB101024,Agency B,BOR201106,SL100470,2025-06-16 08:00:00,Hardship Program Info,You may qualify for a temporary hardship repayment plan. Call us to discuss your options. Reply STOP to unsubscribe from texts.,,,0,45.0,30-59 DPD
MSGB100874,Agency B,BOR200290,SL102341,2022-07-14 05:00:00,Payment Reminder,"Hi, this is a reminder that your student loan payment is past due. Call us or visit your account portal to make a payment. Reply STOP to opt out of text alerts.",,,0,45.0,30-59 DPD
MSGB100519,Agency B,BOR202285,SL100538,2026-04-08 13:00:00,Payment Reminder,Your loan payment is overdue. Please contact us today to avoid further action. Msg&data rates may apply. Reply STOP to unsubscribe.,,,0,75.0,60-89 DPD
MSGB101671,Agency B,BOR202127,SL100147,2024-03-26 06:00:00,General Notice,Your account requires attention. Please contact our office at your earliest convenience. Reply STOP to stop these messages.,,,0,45.0,30-59 DPD
MSGB101413,Agency B,BOR200716,SL101839,2021-04-17 10:00:00,Payment Reminder,"Hi, this is a reminder that your student loan payment is past due. Call us or visit your account portal to make a payment. Reply STOP to opt out of text alerts.",,,0,15.0,1-29 DPD
MSGB101139,Agency B,BOR201245,SL100930,2022-06-14 05:00:00,Payment Reminder,Your loan payment is overdue. Please contact us today to avoid further action. Msg&data rates may apply. Reply STOP to unsubscribe.,,,0,15.0,1-29 DPD
MSGB101607,Agency B,BOR201938,SL102054,2025-01-23 11:00:00,Hardship Program Info,You may qualify for a temporary hardship repayment plan. Call us to discuss your options. Reply STOP to unsubscribe from texts.,when does interest stop accruing on this loan,2025-01-23 11:54:00,1,75.0,60-89 DPD
MSGB101118,Agency B,BOR201047,SL100232,2024-04-26 11:00:00,Payment Reminder,"Hi, this is a reminder that your student loan payment is past due. Call us or visit your account portal to make a payment. Reply STOP to opt out of text alerts.",,,0,105.0,90-119 DPD
MSGB100239,Agency B,BOR201071,SL100301,2025-10-27 09:00:00,General Notice,Your account requires attention. Please contact our office at your earliest convenience. Reply STOP to stop these messages.,,,0,15.0,1-29 DPD
MSGB100052,Agency B,BOR201977,SL101789,2024-01-27 07:00:00,Hardship Program Info,You may qualify for a temporary hardship repayment plan. Call us to discuss your options. Reply STOP to unsubscribe from texts.,who is this,2024-01-27 07:11:00,0,105.0,90-119 DPD
MSGB101347,Agency B,BOR200801,SL100698,2024-01-16 08:00:00,Settlement Offer,You may be eligible for a reduced settlement on your account. Contact us to learn more before this offer expires. Reply STOP to opt out.,"stop it's already paid, why do I keep getting texts",2024-01-16 16:25:00,1,15.0,1-29 DPD
MSGB100685,Agency B,BOR200613,SL101313,2022-10-18 07:00:00,General Notice,Your account requires attention. Please contact our office at your earliest convenience. Reply STOP to stop these messages.,,,0,15.0,1-29 DPD
MSGB100648,Agency B,BOR201795,SL100665,2025-10-08 09:00:00,Settlement Offer,You may be eligible for a reduced settlement on your account. Contact us to learn more before this offer expires. Reply STOP to opt out.,,,0,105.0,90-119 DPD
MSGB101008,Agency B,BOR202237,SL100674,2023-08-28 15:00:00,Settlement Offer,You may be eligible for a reduced settlement on your account. Contact us to learn more before this offer expires. Reply STOP to opt out.,,,0,165.0,150-179 DPD
MSGB100074,Agency B,BOR201549,SL100294,2025-06-25 10:00:00,Payment Reminder,Your loan payment is overdue. Please contact us today to avoid further action. Msg&data rates may apply. Reply STOP to unsubscribe.,,,0,105.0,90-119 DPD
MSGB101795,Agency B,BOR201849,SL102320,2025-06-05 07:00:00,General Notice,Your account requires attention. Please contact our office at your earliest convenience. Reply STOP to stop these messages.,,,0,15.0,1-29 DPD
MSGB100995,Agency B,BOR200793,SL100263,2025-04-08 15:00:00,General Notice,Your account requires attention. Please contact our office at your earliest convenience. Reply STOP to stop these messages.,nonstop calls today about this smh,2025-04-08 19:15:00,1,105.0,90-119 DPD
MSGB100762,Agency B,BOR200672,SL101334,2025-04-19 14:00:00,Settlement Offer,You may be eligible for a reduced settlement on your account. Contact us to learn more before this offer expires. Reply STOP to opt out.,,,0,45.0,30-59 DPD
MSGB100224,Agency B,BOR200150,SL101089,2023-09-08 09:00:00,Payment Reminder,Your loan payment is overdue. Please contact us today to avoid further action. Msg&data rates may apply. Reply STOP to unsubscribe.,,,0,75.0,60-89 DPD
MSGB101453,Agency B,BOR200765,SL100131,2023-09-04 05:00:00,General Notice,Your account requires attention. Please contact our office at your earliest convenience. Reply STOP to stop these messages.,,,0,75.0,60-89 DPD
MSGB101237,Agency B,BOR200032,SL102184,2025-04-15 05:00:00,Payment Reminder,"Hi, this is a reminder that your student loan payment is past due. Call us or visit your account portal to make a payment. Reply STOP to opt out of text alerts.",,,0,15.0,1-29 DPD
MSGB101823,Agency B,BOR202313,SL100772,2024-09-22 15:00:00,Settlement Offer,You may be eligible for a reduced settlement on your account. Contact us to learn more before this offer expires. Reply STOP to opt out.,,,0,75.0,60-89 DPD
MSGB101302,Agency B,BOR200056,SL100948,2023-06-05 14:00:00,Hardship Program Info,You may qualify for a temporary hardship repayment plan. Call us to discuss your options. Reply STOP to unsubscribe from texts.,sorry missed the bus stop have to call back later,2023-06-05 16:52:00,1,135.0,120-149 DPD
MSGB100613,Agency B,BOR200477,SL101135,2025-12-13 10:00:00,Hardship Program Info,You may qualify for a temporary hardship repayment plan. Call us to discuss your options. Reply STOP to unsubscribe from texts.,,,0,45.0,30-59 DPD
MSGB100879,Agency B,BOR201826,SL101980,2024-10-16 08:00:00,Payment Reminder,"Hi, this is a reminder that your student loan payment is past due. Call us or visit your account portal to make a payment. Reply STOP to opt out of text alerts.",,,0,15.0,1-29 DPD
MSGB100099,Agency B,BOR201140,SL102300,2022-08-08 09:00:00,Payment Reminder,Your loan payment is overdue. Please contact us today to avoid further action. Msg&data rates may apply. Reply STOP to unsubscribe.,,,0,75.0,60-89 DPD
MSGB101290,Agency B,BOR200573,SL100149,2021-04-11 15:00:00,Payment Reminder,"Hi, this is a reminder that your student loan payment is past due. Call us or visit your account portal to make a payment. Reply STOP to opt out of text alerts.",,,0,45.0,30-59 DPD
MSGB100233,Agency B,BOR201535,SL100525,2026-05-24 07:00:00,Settlement Offer,You may be eligible for a reduced settlement on your account. Contact us to learn more before this offer expires. Reply STOP to opt out.,,,0,15.0,1-29 DPD
MSGB101186,Agency B,BOR201452,SL100225,2024-02-09 10:00:00,Hardship Program Info,You may qualify for a temporary hardship repayment plan. Call us to discuss your options. Reply STOP to unsubscribe from texts.,,,0,75.0,60-89 DPD
MSGB101749,Agency B,BOR201546,SL101986,2022-12-27 10:00:00,Payment Reminder,"Hi, this is a reminder that your student loan payment is past due. Call us or visit your account portal to make a payment. Reply STOP to opt out of text alerts.",,,0,15.0,1-29 DPD
MSGB100499,Agency B,BOR201108,SL101328,2025-03-19 05:00:00,Settlement Offer,You may be eligible for a reduced settlement on your account. Contact us to learn more before this offer expires. Reply STOP to opt out.,,,0,75.0,60-89 DPD
MSGB100013,Agency B,BOR201002,SL102427,2022-01-14 05:00:00,Payment Reminder,Your loan payment is overdue. Please contact us today to avoid further action. Msg&data rates may apply. Reply STOP to unsubscribe.,,,0,45.0,30-59 DPD
MSGB100173,Agency B,BOR201762,SL102015,2022-12-15 10:00:00,Payment Reminder,Your loan payment is overdue. Please contact us today to avoid further action. Msg&data rates may apply. Reply STOP to unsubscribe.,k,2022-12-15 19:10:00,0,15.0,1-29 DPD
MSGB101265,Agency B,BOR200502,SL101733,2024-12-18 06:00:00,Hardship Program Info,You may qualify for a temporary hardship repayment plan. Call us to discuss your options. Reply STOP to unsubscribe from texts.,,,0,45.0,30-59 DPD
MSGB101563,Agency B,BOR201681,SL101976,2022-08-11 14:00:00,Settlement Offer,You may be eligible for a reduced settlement on your account. Contact us to learn more before this offer expires. Reply STOP to opt out.,,,0,75.0,60-89 DPD
MSGB100616,Agency B,BOR202168,SL101355,2026-06-18 16:00:00,Payment Reminder,Your loan payment is overdue. Please contact us today to avoid further action. Msg&data rates may apply. Reply STOP to unsubscribe.,,,0,75.0,60-89 DPD
MSGB100244,Agency B,BOR200936,SL100116,2024-05-16 10:00:00,Payment Reminder,Your loan payment is overdue. Please contact us today to avoid further action. Msg&data rates may apply. Reply STOP to unsubscribe.,,,0,15.0,1-29 DPD
MSGB101431,Agency B,BOR200459,SL101838,2024-02-26 16:00:00,General Notice,Your account requires attention. Please contact our office at your earliest convenience. Reply STOP to stop these messages.,,,0,195.0,180+ DPD
MSGB100848,Agency B,BOR201385,SL100242,2024-02-09 15:00:00,Payment Reminder,Your loan payment is overdue. Please contact us today to avoid further action. Msg&data rates may apply. Reply STOP to unsubscribe.,,,0,75.0,60-89 DPD
MSGB100663,Agency B,BOR201267,SL100869,2025-03-19 13:00:00,Payment Reminder,Your loan payment is overdue. Please contact us today to avoid further action. Msg&data rates may apply. Reply STOP to unsubscribe.,,,0,105.0,90-119 DPD
MSGB101113,Agency B,BOR201244,SL101233,2021-06-19 16:00:00,General Notice,Your account requires attention. Please contact our office at your earliest convenience. Reply STOP to stop these messages.,,,0,15.0,1-29 DPD
MSGB101146,Agency B,BOR200981,SL101642,2021-12-07 09:00:00,Payment Reminder,Your loan payment is overdue. Please contact us today to avoid further action. Msg&data rates may apply. Reply STOP to unsubscribe.,,,0,15.0,1-29 DPD
MSGB100916,Agency B,BOR200750,SL100628,2021-10-16 06:00:00,General Notice,,,,0,105.0,90-119 DPD
MSGB101346,Agency B,BOR201189,SL100370,2022-04-26 10:00:00,Hardship Program Info,You may qualify for a temporary hardship repayment plan. Call us to discuss your options. Reply STOP to unsubscribe from texts.,,,0,15.0,1-29 DPD
MSGB101704,Agency B,BOR200418,SL102464,2024-10-26 15:00:00,Payment Reminder,Your loan payment is overdue. Please contact us today to avoid further action. Msg&data rates may apply. Reply STOP to unsubscribe.,,,0,135.0,120-149 DPD
MSGB100566,Agency B,BOR201340,SL101344,2025-02-09 09:00:00,Payment Reminder,"Hi, this is a reminder that your student loan payment is past due. Call us or visit your account portal to make a payment. Reply STOP to opt out of text alerts.",STOP,2025-02-09 16:27:00,1,75.0,60-89 DPD
MSGB101199,Agency B,BOR202290,SL100372,2024-09-22 09:00:00,Hardship Program Info,You may qualify for a temporary hardship repayment plan. Call us to discuss your options. Reply STOP to unsubscribe from texts.,,,0,75.0,60-89 DPD
MSGB100431,Agency B,BOR200031,SL101347,2025-09-23 10:00:00,General Notice,Your account requires attention. Please contact our office at your earliest convenience. Reply STOP to stop these messages.,,,0,45.0,30-59 DPD
MSGB101765,Agency B,BOR201545,SL101043,2024-07-10 13:00:00,Payment Reminder,Your loan payment is overdue. Please contact us today to avoid further action. Msg&data rates may apply. Reply STOP to unsubscribe.,,,0,15.0,1-29 DPD
MSGB100585,Agency B,BOR201435,SL100008,2021-12-10 10:00:00,Payment Reminder,"Hi, this is a reminder that your student loan payment is past due. Call us or visit your account portal to make a payment. Reply STOP to opt out of text alerts.",,,0,15.0,1-29 DPD
MSGB101159,Agency B,BOR201332,SL101747,2024-12-27 09:00:00,Payment Reminder,Your loan payment is overdue. Please contact us today to avoid further action. Msg&data rates may apply. Reply STOP to unsubscribe.,,,0,15.0,1-29 DPD
MSGB101068,Agency B,BOR201759,SL100944,2023-06-19 13:00:00,Payment Reminder,"Hi, this is a reminder that your student loan payment is past due. Call us or visit your account portal to make a payment. Reply STOP to opt out of text alerts.",,,0,45.0,30-59 DPD
MSGB100225,Agency B,BOR201742,SL101133,2025-09-03 06:00:00,Hardship Program Info,You may qualify for a temporary hardship repayment plan. Call us to discuss your options. Reply STOP to unsubscribe from texts.,when does interest stop accruing on this loan,2025-09-03 12:08:00,1,165.0,150-179 DPD
MSGB101433,Agency B,BOR201090,SL100584,2023-03-20 11:00:00,Settlement Offer,You may be eligible for a reduced settlement on your account. Contact us to learn more before this offer expires. Reply STOP to opt out.,,,0,75.0,60-89 DPD
MSGB100171,Agency B,BOR201329,SL100726,2025-02-18 10:00:00,Payment Reminder,Your loan payment is overdue. Please contact us today to avoid further action. Msg&data rates may apply. Reply STOP to unsubscribe.,,,0,135.0,120-149 DPD
MSGB100545,Agency B,BOR201482,SL102394,2024-03-21 09:00:00,Payment Reminder,"Hi, this is a reminder that your student loan payment is past due. Call us or visit your account portal to make a payment. Reply STOP to opt out of text alerts.",,,0,75.0,60-89 DPD
MSGB100580,Agency B,BOR202281,SL102422,2026-02-14 13:00:00,General Notice,Your account requires attention. Please contact our office at your earliest convenience. Reply STOP to stop these messages.,,,0,15.0,1-29 DPD
MSGB100416,Agency B,BOR201466,SL101358,2026-05-24 15:00:00,Payment Reminder,"Hi, this is a reminder that your student loan payment is past due. Call us or visit your account portal to make a payment. Reply STOP to opt out of text alerts.",,,0,15.0,1-29 DPD
MSGB101593,Agency B,BOR201849,SL102320,2025-07-21 11:00:00,Settlement Offer,You may be eligible for a reduced settlement on your account. Contact us to learn more before this offer expires. Reply STOP to opt out.,,,0,45.0,30-59 DPD
MSGB100947,Agency B,BOR201014,SL101466,2024-10-06 11:00:00,Payment Reminder,Your loan payment is overdue. Please contact us today to avoid further action. Msg&data rates may apply. Reply STOP to unsubscribe.,,,0,15.0,1-29 DPD
MSGB101415,Agency B,BOR201636,SL100156,2026-02-23 09:00:00,Payment Reminder,"Hi, this is a reminder that your student loan payment is past due. Call us or visit your account portal to make a payment. Reply STOP to opt out of text alerts.",,,0,15.0,1-29 DPD
MSGB100846,Agency B,BOR200218,SL100429,2025-01-17 06:00:00,Settlement Offer,You may be eligible for a reduced settlement on your account. Contact us to learn more before this offer expires. Reply STOP to opt out.,,,0,15.0,1-29 DPD
MSGB101771,Agency B,BOR201255,SL100590,2024-04-26 15:00:00,Hardship Program Info,You may qualify for a temporary hardship repayment plan. Call us to discuss your options. Reply STOP to unsubscribe from texts.,,,0,75.0,60-89 DPD
MSGB101416,Agency B,BOR201929,SL101066,2021-11-08 15:00:00,Settlement Offer,You may be eligible for a reduced settlement on your account. Contact us to learn more before this offer expires. Reply STOP to opt out.,,,0,15.0,1-29 DPD
MSGB100050,Agency B,BOR201693,SL101109,2025-10-21 07:00:00,Hardship Program Info,You may qualify for a temporary hardship repayment plan. Call us to discuss your options. Reply STOP to unsubscribe from texts.,,,0,45.0,30-59 DPD
MSGB100600,Agency B,BOR201929,SL101066,2022-05-27 15:00:00,Hardship Program Info,You may qualify for a temporary hardship repayment plan. Call us to discuss your options. Reply STOP to unsubscribe from texts.,I stopped by the branch yesterday and paid already,2022-05-27 15:28:00,1,105.0,90-119 DPD
MSGB100820,Agency B,BOR201129,SL101050,2024-12-22 06:00:00,Hardship Program Info,You may qualify for a temporary hardship repayment plan. Call us to discuss your options. Reply STOP to unsubscribe from texts.,,,0,75.0,60-89 DPD
MSGB100611,Agency B,BOR200236,SL100055,2024-10-14 07:00:00,General Notice,Your account requires attention. Please contact our office at your earliest convenience. Reply STOP to stop these messages.,  I already stopped autopay is that why im getting these   ,2024-10-14 07:35:00,1,15.0,1-29 DPD
MSGB100184,Agency B,BOR202127,SL100147,2021-05-24 12:00:00,Payment Reminder,"Hi, this is a reminder that your student loan payment is past due. Call us or visit your account portal to make a payment. Reply STOP to opt out of text alerts.",,,0,15.0,1-29 DPD
MSGB101604,Agency B,BOR202323,SL102411,2025-09-16 07:00:00,Settlement Offer,You may be eligible for a reduced settlement on your account. Contact us to learn more before this offer expires. Reply STOP to opt out.,,,0,75.0,60-89 DPD
MSGB100266,Agency B,BOR200981,SL101642,2024-08-27 11:00:00,Payment Reminder,Your loan payment is overdue. Please contact us today to avoid further action. Msg&data rates may apply. Reply STOP to unsubscribe.,,,0,165.0,150-179 DPD
MSGB101147,Agency B,BOR201391,SL101026,2023-10-04 16:00:00,Payment Reminder,Your loan payment is overdue. Please contact us today to avoid further action. Msg&data rates may apply. Reply STOP to unsubscribe.,,,0,75.0,60-89 DPD
MSGB100714,Agency B,BOR201933,SL100859,2025-07-28 10:00:00,Payment Reminder,Your loan payment is overdue. Please contact us today to avoid further action. Msg&data rates may apply. Reply STOP to unsubscribe.,,,0,15.0,1-29 DPD
MSGB100128,Agency B,BOR201953,SL100702,2025-01-24 10:00:00,Payment Reminder,Your loan payment is overdue. Please contact us today to avoid further action. Msg&data rates may apply. Reply STOP to unsubscribe.,,,0,15.0,1-29 DPD
MSGB101730,Agency B,BOR201155,SL101872,2024-02-18 06:00:00,Payment Reminder,"Hi, this is a reminder that your student loan payment is past due. Call us or visit your account portal to make a payment. Reply STOP to opt out of text alerts.",,,0,105.0,90-119 DPD
MSGB101577,Agency B,BOR201215,SL102239,2022-05-06 12:00:00,Payment Reminder,"Hi, this is a reminder that your student loan payment is past due. Call us or visit your account portal to make a payment. Reply STOP to opt out of text alerts.",how much do I owe,2022-05-06 19:41:00,0,15.0,1-29 DPD
MSGB101300,AGENCY_B,BOR201682,SL100600,2023-02-09 16:00:00,General Notice,Your account requires attention. Please contact our office at your earliest convenience. Reply STOP to stop these messages.,,,0,75.0,60-89 DPD
MSGB101788,Agency B,BOR201549,SL100294,2026-04-17 16:00:00,Payment Reminder,"Hi, this is a reminder that your student loan payment is past due. Call us or visit your account portal to make a payment. Reply STOP to opt out of text alerts.",,,0,45.0,30-59 DPD
MSGB101096,Agency B,BOR202228,SL101458,2024-09-24 05:00:00,General Notice,Your account requires attention. Please contact our office at your earliest convenience. Reply STOP to stop these messages.,,,0,15.0,1-29 DPD
MSGB101570,Agency B,BOR202045,SL100056,2023-02-13 16:00:00,Hardship Program Info,You may qualify for a temporary hardship repayment plan. Call us to discuss your options. Reply STOP to unsubscribe from texts.,,,0,105.0,90-119 DPD
MSGB100037,Agency B,BOR200037,SL100544,2024-09-06 12:00:00,Hardship Program Info,You may qualify for a temporary hardship repayment plan. Call us to discuss your options. Reply STOP to unsubscribe from texts.,,,0,15.0,1-29 DPD
MSGB100352,Agency B,BOR200282,SL100373,2025-07-15 12:00:00,Payment Reminder,"Hi, this is a reminder that your student loan payment is past due. Call us or visit your account portal to make a payment. Reply STOP to opt out of text alerts.",,,0,15.0,1-29 DPD
MSGB101116,Agency B,BOR201907,SL100849,2021-07-26 08:00:00,Hardship Program Info,You may qualify for a temporary hardship repayment plan. Call us to discuss your options. Reply STOP to unsubscribe from texts.,,,0,15.0,1-29 DPD
MSGB100413,Agency B,BOR200302,SL102021,2026-02-06 10:00:00,General Notice,Your account requires attention. Please contact our office at your earliest convenience. Reply STOP to stop these messages.,when does interest stop accruing on this loan,2026-02-06 18:50:00,1,45.0,30-59 DPD
MSGB100096,Agency B,BOR201254,SL101983,2024-02-03 07:00:00,General Notice,Your account requires attention. Please contact our office at your earliest convenience. Reply STOP to stop these messages.,,,0,105.0,90-119 DPD
MSGB100775,Agency B,BOR201632,SL102111,2024-01-04 11:00:00,General Notice,Your account requires attention. Please contact our office at your earliest convenience. Reply STOP to stop these messages.,,,0,45.0,30-59 DPD
MSGB100025,Agency B,BOR200714,SL100298,2024-06-26 10:00:00,Hardship Program Info,You may qualify for a temporary hardship repayment plan. Call us to discuss your options. Reply STOP to unsubscribe from texts.,,,0,15.0,1-29 DPD
MSGB100447,Agency B,BOR200298,SL101304,2022-01-05 07:00:00,General Notice,Your account requires attention. Please contact our office at your earliest convenience. Reply STOP to stop these messages.,,,0,15.0,1-29 DPD
MSGB101537,Agency B,BOR201918,SL101285,2024-01-20 07:00:00,General Notice,Your account requires attention. Please contact our office at your earliest convenience. Reply STOP to stop these messages.,,,0,15.0,1-29 DPD
MSGB100881,Agency B,BOR200566,SL102392,2026-08-23 12:00:00,General Notice,Your account requires attention. Please contact our office at your earliest convenience. Reply STOP to stop these messages.,,,0,15.0,1-29 DPD
MSGB100032,Agency B,BOR202290,SL100372,2025-09-24 12:00:00,Payment Reminder,"Hi, this is a reminder that your student loan payment is past due. Call us or visit your account portal to make a payment. Reply STOP to opt out of text alerts.",,,0,15.0,1-29 DPD
MSGB100457,Agency B,BOR201681,SL101976,2023-02-23 06:00:00,General Notice,Your account requires attention. Please contact our office at your earliest convenience. Reply STOP to stop these messages.,,,0,75.0,60-89 DPD
MSGB101267,Agency B,BOR201395,SL101151,2021-04-15 14:00:00,Payment Reminder,Your loan payment is overdue. Please contact us today to avoid further action. Msg&data rates may apply. Reply STOP to unsubscribe.,,,0,15.0,1-29 DPD
MSGB101055,Agency B,BOR201175,SL102062,2023-10-06 09:00:00,Hardship Program Info,You may qualify for a temporary hardship repayment plan. Call us to discuss your options. Reply STOP to unsubscribe from texts.,,,0,15.0,1-29 DPD
MSGB100842,Agency B,BOR201391,SL101026,2025-05-04 13:00:00,Payment Reminder,"Hi, this is a reminder that your student loan payment is past due. Call us or visit your account portal to make a payment. Reply STOP to opt out of text alerts.",,,0,135.0,120-149 DPD
MSGB100395,Agency B,BOR202031,SL100443,2024-08-16 14:00:00,Hardship Program Info,You may qualify for a temporary hardship repayment plan. Call us to discuss your options. Reply STOP to unsubscribe from texts.,,,0,15.0,1-29 DPD
MSGB101090,Agency B,BOR202168,SL101355,2026-01-05 14:00:00,Payment Reminder,"Hi, this is a reminder that your student loan payment is past due. Call us or visit your account portal to make a payment. Reply STOP to opt out of text alerts.",,,0,75.0,60-89 DPD
MSGB100300,Agency B,BOR200756,SL100796,2024-01-27 12:00:00,General Notice,Your account requires attention. Please contact our office at your earliest convenience. Reply STOP to stop these messages.,can u stop texting me at work im in a meeting,2024-01-27 13:19:00,1,45.0,30-59 DPD
MSGB101866,Agency B,BOR200747,SL101236,2022-12-06 06:00:00,Payment Reminder,"Hi, this is a reminder that your student loan payment is past due. Call us or visit your account portal to make a payment. Reply STOP to opt out of text alerts.",,,0,15.0,1-29 DPD
MSGB101109,Agency B,BOR200450,SL101951,2023-09-04 10:00:00,Hardship Program Info,You may qualify for a temporary hardship repayment plan. Call us to discuss your options. Reply STOP to unsubscribe from texts.,,,0,165.0,150-179 DPD
MSGB100181,Agency B,BOR201183,SL100163,2021-09-07 06:00:00,Payment Reminder,"Hi, this is a reminder that your student loan payment is past due. Call us or visit your account portal to make a payment. Reply STOP to opt out of text alerts.",,,0,15.0,1-29 DPD
MSGB100366,Agency B,BOR202140,SL101117,2025-09-11 10:00:00,Settlement Offer,You may be eligible for a reduced settlement on your account. Contact us to learn more before this offer expires. Reply STOP to opt out.,,,0,15.0,1-29 DPD
MSGB101688,Agency B,BOR200801,SL100698,2024-07-10 10:00:00,General Notice,Your account requires attention. Please contact our office at your earliest convenience. Reply STOP to stop these messages.,,,0,105.0,90-119 DPD
MSGB100264,Agency B,BOR202254,SL102264,2026-07-08 09:00:00,Payment Reminder,Your loan payment is overdue. Please contact us today to avoid further action. Msg&data rates may apply. Reply STOP to unsubscribe.,,,0,75.0,60-89 DPD
MSGB101400,Agency B,BOR202034,SL100855,2026-02-20 11:00:00,Payment Reminder,Your loan payment is overdue. Please contact us today to avoid further action. Msg&data rates may apply. Reply STOP to unsubscribe.,,,0,15.0,1-29 DPD
MSGB101472,Agency B,BOR200511,SL102454,2022-05-22 12:00:00,Payment Reminder,Your loan payment is overdue. Please contact us today to avoid further action. Msg&data rates may apply. Reply STOP to unsubscribe.,my payment stopped going through last month can you check,2022-05-22 18:44:00,1,15.0,1-29 DPD
MSGB101049,Agency B,BOR201922,SL101520,2025-03-16 07:00:00,Payment Reminder,Your loan payment is overdue. Please contact us today to avoid further action. Msg&data rates may apply. Reply STOP to unsubscribe.,,,0,15.0,1-29 DPD
MSGB101760,Agency B,BOR201445,SL100871,2025-06-18 16:00:00,Settlement Offer,You may be eligible for a reduced settlement on your account. Contact us to learn more before this offer expires. Reply STOP to opt out.,,,0,15.0,1-29 DPD
MSGB100131,Agency B,BOR201953,SL100702,2024-02-17 11:00:00,General Notice,Your account requires attention. Please contact our office at your earliest convenience. Reply STOP to stop these messages.,,,0,15.0,1-29 DPD
MSGB101675,Agency B,BOR201026,SL100067,2026-01-14 05:00:00,Payment Reminder,"Hi, this is a reminder that your student loan payment is past due. Call us or visit your account portal to make a payment. Reply STOP to opt out of text alerts.",,,0,135.0,120-149 DPD
MSGB100529,Agency B,BOR200121,SL100381,2022-03-21 05:00:00,Payment Reminder,Your loan payment is overdue. Please contact us today to avoid further action. Msg&data rates may apply. Reply STOP to unsubscribe.,,,0,15.0,1-29 DPD
MSGB101313,Agency B,BOR202247,SL101835,2025-04-25 09:00:00,Payment Reminder,Your loan payment is overdue. Please contact us today to avoid further action. Msg&data rates may apply. Reply STOP to unsubscribe.,,,0,45.0,30-59 DPD
MSGB100885,Agency B,BOR200005,SL101557,2023-12-12 13:00:00,General Notice,Your account requires attention. Please contact our office at your earliest convenience. Reply STOP to stop these messages.,,,0,75.0,60-89 DPD
MSGB100828,Agency B,BOR200305,SL101597,2024-11-22 12:00:00,Payment Reminder,"Hi, this is a reminder that your student loan payment is past due. Call us or visit your account portal to make a payment. Reply STOP to opt out of text alerts.",,,0,45.0,30-59 DPD
MSGB101045,Agency B,BOR202265,SL100965,2023-06-14 06:00:00,General Notice,Your account requires attention. Please contact our office at your earliest convenience. Reply STOP to stop these messages.,,,0,15.0,1-29 DPD
MSGB101698,Agency B,BOR200121,SL100381,2025-06-25 15:00:00,Settlement Offer,You may be eligible for a reduced settlement on your account. Contact us to learn more before this offer expires. Reply STOP to opt out.,,,0,105.0,90-119 DPD
MSGB100865,Agency B,BOR201457,SL101691,2023-11-03 11:00:00,Settlement Offer,You may be eligible for a reduced settlement on your account. Contact us to learn more before this offer expires. Reply STOP to opt out.,,,0,15.0,1-29 DPD
MSGB100824,Agency B,BOR201302,SL101225,2023-05-25 13:00:00,Payment Reminder,Your loan payment is overdue. Please contact us today to avoid further action. Msg&data rates may apply. Reply STOP to unsubscribe.,can you call me instead,2023-05-25 17:39:00,0,15.0,1-29 DPD
MSGB100581,Agency B,BOR201490,SL100337,2022-12-13 06:00:00,Payment Reminder,Your loan payment is overdue. Please contact us today to avoid further action. Msg&data rates may apply. Reply STOP to unsubscribe.,,,0,165.0,150-179 DPD
MSGB101280,Agency B,BOR201348,SL101271,2023-02-21 14:00:00,Payment Reminder,Your loan payment is overdue. Please contact us today to avoid further action. Msg&data rates may apply. Reply STOP to unsubscribe.,,,0,15.0,1-29 DPD
MSGB101201,Agency B,BOR201741,SL101782,2024-12-21 08:00:00,Hardship Program Info,You may qualify for a temporary hardship repayment plan. Call us to discuss your options. Reply STOP to unsubscribe from texts.,,,0,135.0,120-149 DPD
MSGB100998,Agency B,BOR202045,SL100056,2025-09-09 10:00:00,Payment Reminder,Your loan payment is overdue. Please contact us today to avoid further action. Msg&data rates may apply. Reply STOP to unsubscribe.,,,0,195.0,180+ DPD
MSGB100305,Agency B,BOR201292,SL102416,2025-04-08 09:00:00,General Notice,Your account requires attention. Please contact our office at your earliest convenience. Reply STOP to stop these messages.,,,0,45.0,30-59 DPD
MSGB100603,AGENCY_B,BOR201379,SL100892,2026-01-24 12:00:00,Hardship Program Info,You may qualify for a temporary hardship repayment plan. Call us to discuss your options. Reply STOP to unsubscribe from texts.,,,0,15.0,1-29 DPD
MSGB100216,Agency B,BOR200113,SL102102,2024-06-06 12:00:00,Settlement Offer,You may be eligible for a reduced settlement on your account. Contact us to learn more before this offer expires. Reply STOP to opt out.,,,0,45.0,30-59 DPD
MSGB100379,Agency B,BOR200172,SL100873,2022-06-27 06:00:00,Payment Reminder,Your loan payment is overdue. Please contact us today to avoid further action. Msg&data rates may apply. Reply STOP to unsubscribe.,,,0,15.0,1-29 DPD
MSGB101200,Agency B,BOR201414,SL101790,2023-07-13 11:00:00,Settlement Offer,You may be eligible for a reduced settlement on your account. Contact us to learn more before this offer expires. Reply STOP to opt out.,,,0,15.0,1-29 DPD
MSGB100895,Agency B,BOR201645,SL101538,2024-03-16 09:00:00,General Notice,Your account requires attention. Please contact our office at your earliest convenience. Reply STOP to stop these messages.,k,2024-03-16 09:47:00,0,15.0,1-29 DPD
MSGB101510,Agency B,BOR202057,SL101414,2025-12-04 16:00:00,General Notice,,how much do I owe,2025-12-04 17:53:00,0,15.0,1-29 DPD
MSGB101522,Agency B,BOR201302,SL101225,2023-07-22 10:00:00,Payment Reminder,"Hi, this is a reminder that your student loan payment is past due. Call us or visit your account portal to make a payment. Reply STOP to opt out of text alerts.",,,0,45.0,30-59 DPD
MSGB101187,Agency B,BOR201302,SL101225,2026-07-07 16:00:00,Settlement Offer,You may be eligible for a reduced settlement on your account. Contact us to learn more before this offer expires. Reply STOP to opt out.,,,0,15.0,1-29 DPD
MSGB101388,Agency B,BOR200256,SL100655,2025-05-23 16:00:00,Hardship Program Info,You may qualify for a temporary hardship repayment plan. Call us to discuss your options. Reply STOP to unsubscribe from texts.,,,0,15.0,1-29 DPD
MSGB100101,Agency B,BOR201799,SL100491,2023-12-06 14:00:00,General Notice,Your account requires attention. Please contact our office at your earliest convenience. Reply STOP to stop these messages.,,,0,15.0,1-29 DPD
MSGB100870,Agency B,BOR200986,SL102343,2021-10-10 06:00:00,General Notice,Your account requires attention. Please contact our office at your earliest convenience. Reply STOP to stop these messages.,,,0,15.0,1-29 DPD
MSGB100614,Agency B,BOR200059,SL101890,2025-03-18 12:00:00,Payment Reminder,"Hi, this is a reminder that your student loan payment is past due. Call us or visit your account portal to make a payment. Reply STOP to opt out of text alerts.",,,0,105.0,90-119 DPD
MSGB100977,Agency B,BOR201946,SL102334,2025-02-02 16:00:00,Payment Reminder,"Hi, this is a reminder that your student loan payment is past due. Call us or visit your account portal to make a payment. Reply STOP to opt out of text alerts.",,,0,135.0,120-149 DPD
MSGB100019,Agency B,BOR201400,SL100442,2021-03-10 15:00:00,Payment Reminder,"Hi, this is a reminder that your student loan payment is past due. Call us or visit your account portal to make a payment. Reply STOP to opt out of text alerts.",,,0,15.0,1-29 DPD
MSGB100002,Agency B,BOR201120,SL100788,2022-03-14 16:00:00,Payment Reminder,Your loan payment is overdue. Please contact us today to avoid further action. Msg&data rates may apply. Reply STOP to unsubscribe.,,,0,105.0,90-119 DPD
MSGB101190,Agency B,BOR200218,SL100429,2025-09-17 16:00:00,General Notice,Your account requires attention. Please contact our office at your earliest convenience. Reply STOP to stop these messages.,,,0,135.0,120-149 DPD
MSGB101261,Agency B,BOR202185,SL100994,2021-04-27 06:00:00,Payment Reminder,Your loan payment is overdue. Please contact us today to avoid further action. Msg&data rates may apply. Reply STOP to unsubscribe.,,,0,15.0,1-29 DPD
MSGB101751,Agency B,BOR201564,SL100687,2026-03-16 15:00:00,Payment Reminder,Your loan payment is overdue. Please contact us today to avoid further action. Msg&data rates may apply. Reply STOP to unsubscribe.,ok will pay soon,2026-03-16 18:39:00,0,75.0,60-89 DPD
MSGB100760,Agency B,BOR201510,SL100459,2024-08-04 14:00:00,General Notice,Your account requires attention. Please contact our office at your earliest convenience. Reply STOP to stop these messages.,,,0,15.0,1-29 DPD
MSGB100100,Agency B,BOR201913,SL100084,2022-08-10 14:00:00,Hardship Program Info,You may qualify for a temporary hardship repayment plan. Call us to discuss your options. Reply STOP to unsubscribe from texts.,,,0,45.0,30-59 DPD
MSGB101633,Agency B,BOR200682,SL101474,2025-05-15 09:00:00,Hardship Program Info,You may qualify for a temporary hardship repayment plan. Call us to discuss your options. Reply STOP to unsubscribe from texts.,,,0,15.0,1-29 DPD
MSGB100397,Agency B,BOR201544,SL101832,2025-06-23 16:00:00,Hardship Program Info,You may qualify for a temporary hardship repayment plan. Call us to discuss your options. Reply STOP to unsubscribe from texts.,yes,2025-06-23 20:51:00,0,45.0,30-59 DPD
MSGB101811,Agency B,BOR200929,SL101666,2025-09-21 05:00:00,General Notice,Your account requires attention. Please contact our office at your earliest convenience. Reply STOP to stop these messages.,,,0,15.0,1-29 DPD
MSGB101215,Agency B,BOR200401,SL102263,2021-05-07 16:00:00,Hardship Program Info,You may qualify for a temporary hardship repayment plan. Call us to discuss your options. Reply STOP to unsubscribe from texts.,,,0,15.0,1-29 DPD
MSGB100288,Agency B,BOR201896,SL100666,2022-06-22 06:00:00,Hardship Program Info,You may qualify for a temporary hardship repayment plan. Call us to discuss your options. Reply STOP to unsubscribe from texts.,,,0,15.0,1-29 DPD
MSGB100112,Agency B,BOR201615,SL101341,2022-06-20 10:00:00,General Notice,Your account requires attention. Please contact our office at your earliest convenience. Reply STOP to stop these messages.,,,0,45.0,30-59 DPD
MSGB100743,Agency B,BOR201649,SL102280,2021-08-28 16:00:00,Settlement Offer,You may be eligible for a reduced settlement on your account. Contact us to learn more before this offer expires. Reply STOP to opt out.,,,0,75.0,60-89 DPD
MSGB101180,Agency B,BOR201977,SL101789,2023-12-15 15:00:00,Settlement Offer,You may be eligible for a reduced settlement on your account. Contact us to learn more before this offer expires. Reply STOP to opt out.,I already stopped autopay is that why im getting these,2023-12-15 16:08:00,1,105.0,90-119 DPD
MSGB100708,Agency B,BOR201327,SL102351,2023-11-20 06:00:00,General Notice,Your account requires attention. Please contact our office at your earliest convenience. Reply STOP to stop these messages.,,,0,45.0,30-59 DPD
MSGB101473,Agency B,BOR200434,SL101715,2022-03-04 10:00:00,Hardship Program Info,You may qualify for a temporary hardship repayment plan. Call us to discuss your options. Reply STOP to unsubscribe from texts.,sorry missed the bus stop have to call back later,2022-03-04 10:52:00,1,15.0,1-29 DPD
MSGB101278,Agency B,BOR201528,SL100676,2024-01-17 16:00:00,Payment Reminder,Your loan payment is overdue. Please contact us today to avoid further action. Msg&data rates may apply. Reply STOP to unsubscribe.,,,0,45.0,30-59 DPD
MSGB101767,Agency B,BOR200964,SL100989,2025-11-15 13:00:00,General Notice,Your account requires attention. Please contact our office at your earliest convenience. Reply STOP to stop these messages.,,,0,45.0,30-59 DPD
MSGB101685,Agency B,BOR200056,SL100948,2022-09-06 09:00:00,Settlement Offer,You may be eligible for a reduced settlement on your account. Contact us to learn more before this offer expires. Reply STOP to opt out.,,,0,15.0,1-29 DPD
MSGB100983,Agency B,BOR201886,SL101132,2022-08-08 15:00:00,Settlement Offer,You may be eligible for a reduced settlement on your account. Contact us to learn more before this offer expires. Reply STOP to opt out.,,,0,75.0,60-89 DPD
MSGB100894,Agency B,BOR200960,SL100749,2023-05-06 15:00:00,Hardship Program Info,You may qualify for a temporary hardship repayment plan. Call us to discuss your options. Reply STOP to unsubscribe from texts.,how much do I owe,2023-05-07 00:21:00,0,15.0,1-29 DPD
MSGB101257,Agency B,BOR200254,SL101519,2022-04-22 10:00:00,Payment Reminder,Your loan payment is overdue. Please contact us today to avoid further action. Msg&data rates may apply. Reply STOP to unsubscribe.,,,0,15.0,1-29 DPD
MSGB101217,Agency B,BOR201241,SL101588,2024-12-08 13:00:00,Payment Reminder,Your loan payment is overdue. Please contact us today to avoid further action. Msg&data rates may apply. Reply STOP to unsubscribe.,,,0,15.0,1-29 DPD
MSGB100548,Agency B,BOR201742,SL101133,2023-07-09 06:00:00,General Notice,Your account requires attention. Please contact our office at your earliest convenience. Reply STOP to stop these messages.,,,0,15.0,1-29 DPD
MSGB100108,Agency B,BOR201453,SL100593,2023-12-19 16:00:00,General Notice,Your account requires attention. Please contact our office at your earliest convenience. Reply STOP to stop these messages.,,,0,15.0,1-29 DPD
MSGB101864,Agency B,BOR201918,SL101285,2025-03-28 09:00:00,General Notice,Your account requires attention. Please contact our office at your earliest convenience. Reply STOP to stop these messages.,,,0,105.0,90-119 DPD
MSGB101238,Agency B,BOR201732,SL102243,2025-01-12 06:00:00,Payment Reminder,Your loan payment is overdue. Please contact us today to avoid further action. Msg&data rates may apply. Reply STOP to unsubscribe.,,,0,15.0,1-29 DPD
MSGB101583,Agency B,BOR200450,SL101951,2023-08-25 06:00:00,Payment Reminder,Your loan payment is overdue. Please contact us today to avoid further action. Msg&data rates may apply. Reply STOP to unsubscribe.,,,0,165.0,150-179 DPD
MSGB100697,Agency B,BOR200364,SL100392,2024-09-12 13:00:00,Settlement Offer,You may be eligible for a reduced settlement on your account. Contact us to learn more before this offer expires. Reply STOP to opt out.,,,0,15.0,1-29 DPD
MSGB101777,Agency B,BOR201490,SL100337,2023-05-27 06:00:00,Payment Reminder,"Hi, this is a reminder that your student loan payment is past due. Call us or visit your account portal to make a payment. Reply STOP to opt out of text alerts.",,,0,195.0,180+ DPD
MSGB101289,Agency B,BOR200581,SL100988,2025-04-22 07:00:00,Payment Reminder,Your loan payment is overdue. Please contact us today to avoid further action. Msg&data rates may apply. Reply STOP to unsubscribe.,,,0,45.0,30-59 DPD
MSGB101716,Agency B,BOR200502,SL101733,2025-12-24 11:00:00,Settlement Offer,You may be eligible for a reduced settlement on your account. Contact us to learn more before this offer expires. Reply STOP to opt out.,,,0,165.0,150-179 DPD
MSGB101587,Agency B,BOR200610,SL102152,2023-08-24 09:00:00,Payment Reminder,Your loan payment is overdue. Please contact us today to avoid further action. Msg&data rates may apply. Reply STOP to unsubscribe.,  nonstop calls today about this smh   ,2023-08-24 12:35:00,1,15.0,1-29 DPD
MSGB101868,Agency B,BOR201199,SL101081,2025-09-08 08:00:00,Hardship Program Info,You may qualify for a temporary hardship repayment plan. Call us to discuss your options. Reply STOP to unsubscribe from texts.,,,0,105.0,90-119 DPD
MSGB100451,Agency B,BOR202287,SL100602,2022-11-03 08:00:00,Hardship Program Info,You may qualify for a temporary hardship repayment plan. Call us to discuss your options. Reply STOP to unsubscribe from texts.,,,0,75.0,60-89 DPD
MSGB100417,Agency B,BOR202009,SL101246,2025-04-20 06:00:00,Payment Reminder,Your loan payment is overdue. Please contact us today to avoid further action. Msg&data rates may apply. Reply STOP to unsubscribe.,,,0,15.0,1-29 DPD
MSGB101005,Agency B,BOR202171,SL101021,2025-09-07 15:00:00,Settlement Offer,You may be eligible for a reduced settlement on your account. Contact us to learn more before this offer expires. Reply STOP to opt out.,,,0,15.0,1-29 DPD
MSGB101315,Agency B,BOR200078,SL100872,2026-02-25 05:00:00,Payment Reminder,Your loan payment is overdue. Please contact us today to avoid further action. Msg&data rates may apply. Reply STOP to unsubscribe.,,,0,15.0,1-29 DPD
MSGB101252,Agency B,BOR200866,SL101044,2026-01-23 14:00:00,General Notice,Your account requires attention. Please contact our office at your earliest convenience. Reply STOP to stop these messages.,I stopped by the branch yesterday and paid already,2026-01-23 19:39:00,1,15.0,1-29 DPD
MSGB101408,Agency B,BOR202098,SL101991,2023-03-11 05:00:00,Payment Reminder,Your loan payment is overdue. Please contact us today to avoid further action. Msg&data rates may apply. Reply STOP to unsubscribe.,,,0,15.0,1-29 DPD
MSGB101003,Agency B,BOR200113,SL102102,2024-05-14 07:00:00,General Notice,Your account requires attention. Please contact our office at your earliest convenience. Reply STOP to stop these messages.,,,0,45.0,30-59 DPD
MSGB100720,Agency B,BOR201922,SL101520,2025-01-27 07:00:00,Hardship Program Info,You may qualify for a temporary hardship repayment plan. Call us to discuss your options. Reply STOP to unsubscribe from texts.,,,0,15.0,1-29 DPD
MSGB101619,Agency B,BOR201492,SL100490,2021-12-28 13:00:00,Hardship Program Info,You may qualify for a temporary hardship repayment plan. Call us to discuss your options. Reply STOP to unsubscribe from texts.,,,0,45.0,30-59 DPD
MSGB101176,Agency B,BOR200069,SL100825,2022-10-13 12:00:00,Payment Reminder,"Hi, this is a reminder that your student loan payment is past due. Call us or visit your account portal to make a payment. Reply STOP to opt out of text alerts.",,,0,15.0,1-29 DPD
MSGB100728,Agency B,BOR200579,SL101641,2023-12-28 13:00:00,Hardship Program Info,You may qualify for a temporary hardship repayment plan. Call us to discuss your options. Reply STOP to unsubscribe from texts.,,,0,15.0,1-29 DPD
MSGB101696,Agency B,BOR201626,SL100700,2025-12-23 12:00:00,Payment Reminder,Your loan payment is overdue. Please contact us today to avoid further action. Msg&data rates may apply. Reply STOP to unsubscribe.,wrong number,2025-12-23 16:00:00,0,15.0,1-29 DPD
MSGB100481,Agency B,BOR201682,SL100600,2023-03-24 06:00:00,Settlement Offer,You may be eligible for a reduced settlement on your account. Contact us to learn more before this offer expires. Reply STOP to opt out.,,,0,75.0,60-89 DPD
MSGB100359,Agency B,BOR202168,SL101355,2024-11-06 11:00:00,Settlement Offer,You may be eligible for a reduced settlement on your account. Contact us to learn more before this offer expires. Reply STOP to opt out.,,,0,75.0,60-89 DPD
MSGB100927,Agency B,BOR201463,SL100896,2024-12-28 15:00:00,Payment Reminder,Your loan payment is overdue. Please contact us today to avoid further action. Msg&data rates may apply. Reply STOP to unsubscribe.,,,0,75.0,60-89 DPD
MSGB100407,Agency B,BOR201397,SL100968,2021-08-15 12:00:00,Hardship Program Info,You may qualify for a temporary hardship repayment plan. Call us to discuss your options. Reply STOP to unsubscribe from texts.,,,0,15.0,1-29 DPD
MSGB101630,Agency B,BOR200488,SL101824,2023-02-14 14:00:00,Payment Reminder,Your loan payment is overdue. Please contact us today to avoid further action. Msg&data rates may apply. Reply STOP to unsubscribe.,not stopping til this is paid off lol,2023-02-14 15:26:00,1,15.0,1-29 DPD
MSGB101095,Agency B,BOR200829,SL100432,2023-03-11 16:00:00,Settlement Offer,You may be eligible for a reduced settlement on your account. Contact us to learn more before this offer expires. Reply STOP to opt out.,not stopping til this is paid off lol,2023-03-11 22:10:00,1,15.0,1-29 DPD
MSGB100985,Agency B,BOR200491,SL102219,2022-05-26 05:00:00,General Notice,Your account requires attention. Please contact our office at your earliest convenience. Reply STOP to stop these messages.,,,0,135.0,120-149 DPD
MSGB100282,Agency B,BOR200527,SL100589,2023-05-14 09:00:00,General Notice,Your account requires attention. Please contact our office at your earliest convenience. Reply STOP to stop these messages.,,,0,135.0,120-149 DPD
MSGB100584,Agency B,BOR202319,SL100160,2026-03-13 14:00:00,Payment Reminder,Your loan payment is overdue. Please contact us today to avoid further action. Msg&data rates may apply. Reply STOP to unsubscribe.,,,0,135.0,120-149 DPD
MSGB100945,Agency B,BOR201239,SL102186,2024-05-08 06:00:00,General Notice,Your account requires attention. Please contact our office at your earliest convenience. Reply STOP to stop these messages.,,,0,15.0,1-29 DPD
MSGB100823,Agency B,BOR200440,SL101462,2026-02-04 05:00:00,Settlement Offer,You may be eligible for a reduced settlement on your account. Contact us to learn more before this offer expires. Reply STOP to opt out.,,,0,15.0,1-29 DPD
MSGB101874,Agency B,BOR201585,SL101213,2025-03-21 15:00:00,Payment Reminder,Your loan payment is overdue. Please contact us today to avoid further action. Msg&data rates may apply. Reply STOP to unsubscribe.,,,0,75.0,60-89 DPD
MSGB100935,Agency B,BOR202060,SL100639,2024-02-04 11:00:00,General Notice,Your account requires attention. Please contact our office at your earliest convenience. Reply STOP to stop these messages.,,,0,15.0,1-29 DPD
MSGB101303,Agency B,BOR201766,SL102082,2023-09-04 05:00:00,Payment Reminder,"Hi, this is a reminder that your student loan payment is past due. Call us or visit your account portal to make a payment. Reply STOP to opt out of text alerts.",nonstop calls today about this smh,2023-09-04 09:55:00,1,15.0,1-29 DPD
MSGB100321,Agency B,BOR201759,SL100944,2023-02-25 16:00:00,General Notice,Your account requires attention. Please contact our office at your earliest convenience. Reply STOP to stop these messages.,he stopped answering his phone so im calling on his behalf,2023-02-25 19:35:00,1,15.0,1-29 DPD
MSGB100280,Agency B,BOR201929,SL101066,2021-09-24 11:00:00,General Notice,Your account requires attention. Please contact our office at your earliest convenience. Reply STOP to stop these messages.,,,0,15.0,1-29 DPD
MSGB100114,Agency B,BOR200716,SL101839,2025-02-09 15:00:00,Hardship Program Info,,,,0,15.0,1-29 DPD
MSGB101086,Agency B,BOR201310,SL100311,2023-12-12 08:00:00,Hardship Program Info,,wrong number,2023-12-12 09:08:00,0,15.0,1-29 DPD
MSGB100507,Agency B,BOR200670,SL101859,2025-10-17 12:00:00,Payment Reminder,"Hi, this is a reminder that your student loan payment is past due. Call us or visit your account portal to make a payment. Reply STOP to opt out of text alerts.",,,0,45.0,30-59 DPD
MSGB101191,Agency B,BOR201649,SL102280,2021-06-14 16:00:00,Hardship Program Info,You may qualify for a temporary hardship repayment plan. Call us to discuss your options. Reply STOP to unsubscribe from texts.,,,0,45.0,30-59 DPD
MSGB100628,Agency B,BOR201302,SL101225,2022-02-20 11:00:00,Payment Reminder,"Hi, this is a reminder that your student loan payment is past due. Call us or visit your account portal to make a payment. Reply STOP to opt out of text alerts.",,,0,15.0,1-29 DPD
MSGB100461,Agency B,BOR200785,SL102070,2024-03-25 10:00:00,Payment Reminder,Your loan payment is overdue. Please contact us today to avoid further action. Msg&data rates may apply. Reply STOP to unsubscribe.,,,0,45.0,30-59 DPD
MSGB101755,Agency B,BOR201325,SL101139,2024-01-16 08:00:00,Settlement Offer,You may be eligible for a reduced settlement on your account. Contact us to learn more before this offer expires. Reply STOP to opt out.,,,0,45.0,30-59 DPD
MSGB101799,Agency B,BOR201342,SL100744,2026-03-15 08:00:00,Settlement Offer,You may be eligible for a reduced settlement on your account. Contact us to learn more before this offer expires. Reply STOP to opt out.,,,0,45.0,30-59 DPD
MSGB101160,Agency B,BOR200088,SL101101,2026-05-10 08:00:00,Payment Reminder,Your loan payment is overdue. Please contact us today to avoid further action. Msg&data rates may apply. Reply STOP to unsubscribe.,,,0,15.0,1-29 DPD
MSGB101574,Agency B,BOR202184,SL101118,2024-09-15 11:00:00,Payment Reminder,"Hi, this is a reminder that your student loan payment is past due. Call us or visit your account portal to make a payment. Reply STOP to opt out of text alerts.",,,0,135.0,120-149 DPD
MSGB100122,Agency B,BOR200502,SL101733,2024-11-12 09:00:00,Payment Reminder,Your loan payment is overdue. Please contact us today to avoid further action. Msg&data rates may apply. Reply STOP to unsubscribe.,,,0,45.0,30-59 DPD
MSGB101487,Agency B,BOR200507,SL100208,2023-09-23 07:00:00,Payment Reminder,"Hi, this is a reminder that your student loan payment is past due. Call us or visit your account portal to make a payment. Reply STOP to opt out of text alerts.",,,0,15.0,1-29 DPD
MSGB100890,Agency B,BOR201329,SL100726,2024-09-25 09:00:00,Payment Reminder,"Hi, this is a reminder that your student loan payment is past due. Call us or visit your account portal to make a payment. Reply STOP to opt out of text alerts.",,,0,75.0,60-89 DPD
MSGB101599,Agency B,BOR200682,SL101474,2025-08-05 12:00:00,Payment Reminder,Your loan payment is overdue. Please contact us today to avoid further action. Msg&data rates may apply. Reply STOP to unsubscribe.,,,0,75.0,60-89 DPD
MSGB101377,Agency B,BOR201958,SL101431,2024-04-04 12:00:00,General Notice,Your account requires attention. Please contact our office at your earliest convenience. Reply STOP to stop these messages.,,,0,15.0,1-29 DPD
MSGB101865,Agency B,BOR201905,SL101612,2024-02-11 14:00:00,Hardship Program Info,You may qualify for a temporary hardship repayment plan. Call us to discuss your options. Reply STOP to unsubscribe from texts.,nonstop calls today about this smh,2024-02-11 15:30:00,1,135.0,120-149 DPD
MSGB101307,Agency B,BOR201469,SL101048,2023-08-08 07:00:00,Payment Reminder,"Hi, this is a reminder that your student loan payment is past due. Call us or visit your account portal to make a payment. Reply STOP to opt out of text alerts.",,,0,15.0,1-29 DPD
MSGB100982,Agency B,BOR200836,SL102211,2026-05-10 16:00:00,Hardship Program Info,You may qualify for a temporary hardship repayment plan. Call us to discuss your options. Reply STOP to unsubscribe from texts.,already paid this,2026-05-10 17:19:00,0,105.0,90-119 DPD
MSGB100362,Agency B,BOR201329,SL100726,2025-01-23 13:00:00,Settlement Offer,You may be eligible for a reduced settlement on your account. Contact us to learn more before this offer expires. Reply STOP to opt out.,,,0,105.0,90-119 DPD
MSGB101103,Agency B,BOR201241,SL101588,2025-07-22 12:00:00,Payment Reminder,"Hi, this is a reminder that your student loan payment is past due. Call us or visit your account portal to make a payment. Reply STOP to opt out of text alerts.",,,0,45.0,30-59 DPD
MSGB101502,Agency B,BOR200876,SL100081,2021-05-19 14:00:00,Settlement Offer,You may be eligible for a reduced settlement on your account. Contact us to learn more before this offer expires. Reply STOP to opt out.,,,0,105.0,90-119 DPD
MSGB101798,Agency B,BOR201830,SL100299,2023-12-25 05:00:00,Payment Reminder,"Hi, this is a reminder that your student loan payment is past due. Call us or visit your account portal to make a payment. Reply STOP to opt out of text alerts.",,,0,135.0,120-149 DPD
MSGB100418,Agency B,BOR201267,SL100869,2025-05-17 09:00:00,Hardship Program Info,You may qualify for a temporary hardship repayment plan. Call us to discuss your options. Reply STOP to unsubscribe from texts.,,,0,135.0,120-149 DPD
MSGB100658,Agency B,BOR200139,SL100069,2022-05-10 09:00:00,Settlement Offer,You may be eligible for a reduced settlement on your account. Contact us to learn more before this offer expires. Reply STOP to opt out.,,,0,15.0,1-29 DPD
MSGB100160,Agency B,BOR201421,SL101939,2025-08-19 10:00:00,Hardship Program Info,You may qualify for a temporary hardship repayment plan. Call us to discuss your options. Reply STOP to unsubscribe from texts.,,,0,15.0,1-29 DPD
MSGB101723,Agency B,BOR201098,SL101205,2025-09-09 16:00:00,Payment Reminder,"Hi, this is a reminder that your student loan payment is past due. Call us or visit your account portal to make a payment. Reply STOP to opt out of text alerts.",,,0,15.0,1-29 DPD
MSGB101061,Agency B,BOR202237,SL100674,2023-05-15 13:00:00,Payment Reminder,"Hi, this is a reminder that your student loan payment is past due. Call us or visit your account portal to make a payment. Reply STOP to opt out of text alerts.",,,0,135.0,120-149 DPD
MSGB100987,Agency B,BOR201663,SL102065,2022-05-26 15:00:00,Payment Reminder,Your loan payment is overdue. Please contact us today to avoid further action. Msg&data rates may apply. Reply STOP to unsubscribe.,,,0,75.0,60-89 DPD
MSGB101727,Agency B,BOR200056,SL100948,2023-07-20 08:00:00,General Notice,Your account requires attention. Please contact our office at your earliest convenience. Reply STOP to stop these messages.,,,0,165.0,150-179 DPD
MSGB101029,Agency B,BOR200005,SL101557,2023-08-28 05:00:00,General Notice,Your account requires attention. Please contact our office at your earliest convenience. Reply STOP to stop these messages.,Stop - remove my number,2023-08-28 07:03:00,1,15.0,1-29 DPD
MSGB100283,Agency B,BOR201928,SL100038,2025-11-19 15:00:00,Payment Reminder,"Hi, this is a reminder that your student loan payment is past due. Call us or visit your account portal to make a payment. Reply STOP to opt out of text alerts.",,,0,15.0,1-29 DPD
MSGB100778,Agency B,BOR201544,SL101832,2022-04-27 13:00:00,Hardship Program Info,You may qualify for a temporary hardship repayment plan. Call us to discuss your options. Reply STOP to unsubscribe from texts.,,,0,75.0,60-89 DPD
MSGB101284,Agency B,BOR202135,SL101822,2025-05-17 06:00:00,Payment Reminder,"Hi, this is a reminder that your student loan payment is past due. Call us or visit your account portal to make a payment. Reply STOP to opt out of text alerts.",,,0,105.0,90-119 DPD
MSGB100514,Agency B,BOR202307,SL100142,2026-07-05 05:00:00,General Notice,Your account requires attention. Please contact our office at your earliest convenience. Reply STOP to stop these messages.,,,0,15.0,1-29 DPD
MSGB101744,Agency B,BOR200541,SL102296,2021-12-11 16:00:00,Settlement Offer,You may be eligible for a reduced settlement on your account. Contact us to learn more before this offer expires. Reply STOP to opt out.,,,0,15.0,1-29 DPD
MSGB101833,Agency B,BOR200290,SL102341,2024-08-05 16:00:00,General Notice,Your account requires attention. Please contact our office at your earliest convenience. Reply STOP to stop these messages.,,,0,15.0,1-29 DPD
MSGB100841,Agency B,BOR201173,SL100917,2023-01-06 08:00:00,Payment Reminder,"Hi, this is a reminder that your student loan payment is past due. Call us or visit your account portal to make a payment. Reply STOP to opt out of text alerts.",,,0,15.0,1-29 DPD
MSGB101769,Agency B,BOR201274,SL101878,2026-07-13 15:00:00,Hardship Program Info,You may qualify for a temporary hardship repayment plan. Call us to discuss your options. Reply STOP to unsubscribe from texts.,,,0,45.0,30-59 DPD
MSGB101724,Agency B,BOR201966,SL101441,2024-12-14 05:00:00,Hardship Program Info,You may qualify for a temporary hardship repayment plan. Call us to discuss your options. Reply STOP to unsubscribe from texts.,,,0,15.0,1-29 DPD
MSGB101204,Agency B,BOR200240,SL102251,2025-04-27 16:00:00,Payment Reminder,"Hi, this is a reminder that your student loan payment is past due. Call us or visit your account portal to make a payment. Reply STOP to opt out of text alerts.",,,0,15.0,1-29 DPD
MSGB100934,Agency B,BOR201573,SL102035,2025-05-09 15:00:00,Payment Reminder,Your loan payment is overdue. Please contact us today to avoid further action. Msg&data rates may apply. Reply STOP to unsubscribe.,,,0,45.0,30-59 DPD
MSGB100469,Agency B,BOR200573,SL100149,2024-09-25 10:00:00,General Notice,Your account requires attention. Please contact our office at your earliest convenience. Reply STOP to stop these messages.,,,0,45.0,30-59 DPD
MSGB100943,Agency B,BOR201795,SL100665,2022-03-20 15:00:00,Settlement Offer,You may be eligible for a reduced settlement on your account. Contact us to learn more before this offer expires. Reply STOP to opt out.,,,0,75.0,60-89 DPD
MSGB101115,Agency B,BOR202259,SL102049,2023-06-09 12:00:00,Payment Reminder,Your loan payment is overdue. Please contact us today to avoid further action. Msg&data rates may apply. Reply STOP to unsubscribe.,,,0,15.0,1-29 DPD
MSGB100721,Agency B,BOR201677,SL100888,2024-09-08 16:00:00,Hardship Program Info,You may qualify for a temporary hardship repayment plan. Call us to discuss your options. Reply STOP to unsubscribe from texts.,nonstop calls today about this smh,2024-09-08 21:57:00,1,105.0,90-119 DPD
MSGB100896,Agency B,BOR200801,SL100698,2026-02-25 11:00:00,Payment Reminder,Your loan payment is overdue. Please contact us today to avoid further action. Msg&data rates may apply. Reply STOP to unsubscribe.,sorry missed the bus stop have to call back later,2026-02-25 13:19:00,1,15.0,1-29 DPD
MSGB100193,Agency B,BOR200863,SL101848,2024-08-08 14:00:00,Payment Reminder,"Hi, this is a reminder that your student loan payment is past due. Call us or visit your account portal to make a payment. Reply STOP to opt out of text alerts.",,,0,15.0,1-29 DPD
MSGB100227,Agency B,BOR201019,SL101291,2023-05-12 16:00:00,General Notice,Your account requires attention. Please contact our office at your earliest convenience. Reply STOP to stop these messages.,,,0,45.0,30-59 DPD
MSGB100954,Agency B,BOR202254,SL102264,2022-09-15 06:00:00,Payment Reminder,Your loan payment is overdue. Please contact us today to avoid further action. Msg&data rates may apply. Reply STOP to unsubscribe.,,,0,75.0,60-89 DPD
MSGB101661,Agency B,BOR202285,SL100538,2026-02-07 05:00:00,Payment Reminder,"Hi, this is a reminder that your student loan payment is past due. Call us or visit your account portal to make a payment. Reply STOP to opt out of text alerts.",,,0,75.0,60-89 DPD
MSGB101069,Agency B,BOR202237,SL100674,2023-02-16 10:00:00,Payment Reminder,"Hi, this is a reminder that your student loan payment is past due. Call us or visit your account portal to make a payment. Reply STOP to opt out of text alerts.",,,0,105.0,90-119 DPD
MSGB100432,Agency B,BOR201681,SL101142,2024-03-24 06:00:00,Payment Reminder,"Hi, this is a reminder that your student loan payment is past due. Call us or visit your account portal to make a payment. Reply STOP to opt out of text alerts.",,,0,75.0,60-89 DPD
MSGB100042,Agency B,BOR200900,SL101954,2024-10-18 12:00:00,Settlement Offer,You may be eligible for a reduced settlement on your account. Contact us to learn more before this offer expires. Reply STOP to opt out.,,,0,15.0,1-29 DPD
MSGB100031,Agency B,BOR201681,SL101976,2025-09-14 14:00:00,General Notice,Your account requires attention. Please contact our office at your earliest convenience. Reply STOP to stop these messages.,,,0,75.0,60-89 DPD
MSGB101018,AGENCY_B,BOR201281,SL101568,2025-04-10 12:00:00,General Notice,Your account requires attention. Please contact our office at your earliest convenience. Reply STOP to stop these messages.,,,0,45.0,30-59 DPD
MSGB100900,Agency B,BOR202149,SL101638,2023-10-27 15:00:00,Payment Reminder,Your loan payment is overdue. Please contact us today to avoid further action. Msg&data rates may apply. Reply STOP to unsubscribe.,,,0,15.0,1-29 DPD
MSGB100941,Agency B,BOR202027,SL101808,2025-02-19 07:00:00,Payment Reminder,"Hi, this is a reminder that your student loan payment is past due. Call us or visit your account portal to make a payment. Reply STOP to opt out of text alerts.",,,0,15.0,1-29 DPD
MSGB100543,Agency B,BOR201241,SL101588,2025-10-16 06:00:00,General Notice,Your account requires attention. Please contact our office at your earliest convenience. Reply STOP to stop these messages.,,,0,75.0,60-89 DPD
MSGB101678,Agency B,BOR201105,SL102423,2023-07-23 15:00:00,General Notice,Your account requires attention. Please contact our office at your earliest convenience. Reply STOP to stop these messages.,,,0,45.0,30-59 DPD
MSGB100933,Agency B,BOR201811,SL102056,2024-05-07 13:00:00,Settlement Offer,You may be eligible for a reduced settlement on your account. Contact us to learn more before this offer expires. Reply STOP to opt out.,,,0,195.0,180+ DPD
MSGB101662,Agency B,BOR200872,SL100806,2025-11-07 06:00:00,Payment Reminder,Your loan payment is overdue. Please contact us today to avoid further action. Msg&data rates may apply. Reply STOP to unsubscribe.,,,0,45.0,30-59 DPD
MSGB100428,Agency B,BOR202313,SL100772,2023-06-25 16:00:00,Payment Reminder,Your loan payment is overdue. Please contact us today to avoid further action. Msg&data rates may apply. Reply STOP to unsubscribe.,,,0,15.0,1-29 DPD
MSGB100727,Agency B,BOR201830,SL100299,2024-02-09 16:00:00,Payment Reminder,"Hi, this is a reminder that your student loan payment is past due. Call us or visit your account portal to make a payment. Reply STOP to opt out of text alerts.",,,0,135.0,120-149 DPD
MSGB100212,Agency B,BOR200832,SL101699,2026-06-09 16:00:00,Settlement Offer,You may be eligible for a reduced settlement on your account. Contact us to learn more before this offer expires. Reply STOP to opt out.,,,0,135.0,120-149 DPD
MSGB101352,Agency B,BOR201878,SL101999,2023-08-12 10:00:00,Payment Reminder,Your loan payment is overdue. Please contact us today to avoid further action. Msg&data rates may apply. Reply STOP to unsubscribe.,,,0,45.0,30-59 DPD
MSGB100919,Agency B,BOR201723,SL101196,2023-10-05 06:00:00,General Notice,Your account requires attention. Please contact our office at your earliest convenience. Reply STOP to stop these messages.,,,0,15.0,1-29 DPD
MSGB101266,Agency B,BOR200610,SL102152,2024-04-04 15:00:00,General Notice,Your account requires attention. Please contact our office at your earliest convenience. Reply STOP to stop these messages.,,,0,75.0,60-89 DPD
MSGB100702,Agency B,BOR201488,SL100559,2025-09-23 07:00:00,Payment Reminder,"Hi, this is a reminder that your student loan payment is past due. Call us or visit your account portal to make a payment. Reply STOP to opt out of text alerts.",,,0,75.0,60-89 DPD
MSGB101808,Agency B,BOR201183,SL100163,2022-01-13 16:00:00,Hardship Program Info,You may qualify for a temporary hardship repayment plan. Call us to discuss your options. Reply STOP to unsubscribe from texts.,,,0,75.0,60-89 DPD
MSGB101471,Agency B,BOR201872,SL102204,2023-09-18 11:00:00,Payment Reminder,,,,0,15.0,1-29 DPD
MSGB100854,Agency B,BOR200240,SL102251,2024-09-24 07:00:00,Settlement Offer,You may be eligible for a reduced settlement on your account. Contact us to learn more before this offer expires. Reply STOP to opt out.,,,0,15.0,1-29 DPD
MSGB101361,Agency B,BOR200305,SL101597,2026-07-10 08:00:00,Payment Reminder,"Hi, this is a reminder that your student loan payment is past due. Call us or visit your account portal to make a payment. Reply STOP to opt out of text alerts.",,,0,15.0,1-29 DPD
MSGB100439,Agency B,BOR201623,SL101688,2024-10-06 07:00:00,Settlement Offer,You may be eligible for a reduced settlement on your account. Contact us to learn more before this offer expires. Reply STOP to opt out.,,,0,15.0,1-29 DPD
MSGB101822,Agency B,BOR200654,SL101947,2026-01-28 07:00:00,Payment Reminder,Your loan payment is overdue. Please contact us today to avoid further action. Msg&data rates may apply. Reply STOP to unsubscribe.,,,0,45.0,30-59 DPD
MSGB101482,Agency B,BOR200069,SL100825,2021-08-05 07:00:00,Payment Reminder,"Hi, this is a reminder that your student loan payment is past due. Call us or visit your account portal to make a payment. Reply STOP to opt out of text alerts.",,,0,135.0,120-149 DPD
MSGB100956,Agency B,BOR200836,SL102211,2024-04-11 10:00:00,Payment Reminder,"Hi, this is a reminder that your student loan payment is past due. Call us or visit your account portal to make a payment. Reply STOP to opt out of text alerts.",,,0,45.0,30-59 DPD
MSGB101524,Agency B,BOR202152,SL100987,2023-05-19 09:00:00,Payment Reminder,"Hi, this is a reminder that your student loan payment is past due. Call us or visit your account portal to make a payment. Reply STOP to opt out of text alerts.",,,0,15.0,1-29 DPD
MSGB101324,Agency B,BOR200700,SL102398,2024-08-14 09:00:00,General Notice,Your account requires attention. Please contact our office at your earliest convenience. Reply STOP to stop these messages.,,,0,15.0,1-29 DPD
MSGB100521,Agency B,BOR201090,SL100584,2023-01-15 08:00:00,Hardship Program Info,You may qualify for a temporary hardship repayment plan. Call us to discuss your options. Reply STOP to unsubscribe from texts.,,,0,75.0,60-89 DPD
MSGB100891,Agency B,BOR201369,SL101887,2022-07-21 16:00:00,Hardship Program Info,You may qualify for a temporary hardship repayment plan. Call us to discuss your options. Reply STOP to unsubscribe from texts.,,,0,15.0,1-29 DPD
MSGB100478,Agency B,BOR201868,SL100068,2025-05-25 09:00:00,Payment Reminder,"Hi, this is a reminder that your student loan payment is past due. Call us or visit your account portal to make a payment. Reply STOP to opt out of text alerts.",,,0,15.0,1-29 DPD
MSGB101762,Agency B,BOR200290,SL102341,2021-11-13 13:00:00,General Notice,Your account requires attention. Please contact our office at your earliest convenience. Reply STOP to stop these messages.,,,0,15.0,1-29 DPD
MSGB101746,Agency B,BOR202281,SL102422,2026-06-08 07:00:00,Payment Reminder,"Hi, this is a reminder that your student loan payment is past due. Call us or visit your account portal to make a payment. Reply STOP to opt out of text alerts.",nonstop calls today about this smh,2026-06-08 13:37:00,1,45.0,30-59 DPD
MSGB100808,Agency B,BOR200881,SL102466,2024-06-26 10:00:00,Payment Reminder,"Hi, this is a reminder that your student loan payment is past due. Call us or visit your account portal to make a payment. Reply STOP to opt out of text alerts.",,,0,15.0,1-29 DPD
MSGB101233,Agency B,BOR201505,SL101053,2022-06-08 06:00:00,General Notice,Your account requires attention. Please contact our office at your earliest convenience. Reply STOP to stop these messages.,,,0,45.0,30-59 DPD
MSGB100353,Agency B,BOR201896,SL100666,2021-06-20 09:00:00,Payment Reminder,Your loan payment is overdue. Please contact us today to avoid further action. Msg&data rates may apply. Reply STOP to unsubscribe.,,,0,15.0,1-29 DPD
MSGB100363,Agency B,BOR202029,SL101817,2025-09-20 05:00:00,Payment Reminder,Your loan payment is overdue. Please contact us today to avoid further action. Msg&data rates may apply. Reply STOP to unsubscribe.,,,0,15.0,1-29 DPD
MSGB100509,Agency B,BOR200893,SL100322,2024-04-24 10:00:00,General Notice,Your account requires attention. Please contact our office at your earliest convenience. Reply STOP to stop these messages.,,,0,45.0,30-59 DPD
MSGB101418,Agency B,BOR202256,SL102137,2023-03-22 15:00:00,Payment Reminder,Your loan payment is overdue. Please contact us today to avoid further action. Msg&data rates may apply. Reply STOP to unsubscribe.,,,0,195.0,180+ DPD
MSGB100236,Agency B,BOR201528,SL100676,2024-02-20 08:00:00,Payment Reminder,Your loan payment is overdue. Please contact us today to avoid further action. Msg&data rates may apply. Reply STOP to unsubscribe.,"stop it's already paid, why do I keep getting texts",2024-02-20 15:56:00,1,75.0,60-89 DPD
MSGB100410,Agency B,BOR200235,SL101534,2024-11-15 06:00:00,Payment Reminder,"Hi, this is a reminder that your student loan payment is past due. Call us or visit your account portal to make a payment. Reply STOP to opt out of text alerts.",who is this,2024-11-15 14:34:00,0,15.0,1-29 DPD
MSGB101214,Agency B,BOR201509,SL100801,2026-06-15 13:00:00,Settlement Offer,You may be eligible for a reduced settlement on your account. Contact us to learn more before this offer expires. Reply STOP to opt out.,,,0,45.0,30-59 DPD
MSGB101020,Agency B,BOR200113,SL102102,2025-07-09 08:00:00,Settlement Offer,You may be eligible for a reduced settlement on your account. Contact us to learn more before this offer expires. Reply STOP to opt out.,,,0,75.0,60-89 DPD
MSGB100289,Agency B,BOR201811,SL102056,2023-08-05 10:00:00,Hardship Program Info,You may qualify for a temporary hardship repayment plan. Call us to discuss your options. Reply STOP to unsubscribe from texts.,,,0,135.0,120-149 DPD
MSGB100009,Agency B,BOR200496,SL100166,2026-01-08 06:00:00,Settlement Offer,You may be eligible for a reduced settlement on your account. Contact us to learn more before this offer expires. Reply STOP to opt out.,,,0,45.0,30-59 DPD
MSGB100412,Agency B,BOR201300,SL101480,2023-02-24 08:00:00,Hardship Program Info,You may qualify for a temporary hardship repayment plan. Call us to discuss your options. Reply STOP to unsubscribe from texts.,,,0,45.0,30-59 DPD
MSGB101585,Agency B,BOR200610,SL102152,2024-08-10 13:00:00,Hardship Program Info,You may qualify for a temporary hardship repayment plan. Call us to discuss your options. Reply STOP to unsubscribe from texts.,,,0,105.0,90-119 DPD
MSGB100448,Agency B,BOR200059,SL101890,2025-08-22 08:00:00,Payment Reminder,Your loan payment is overdue. Please contact us today to avoid further action. Msg&data rates may apply. Reply STOP to unsubscribe.,,,0,45.0,30-59 DPD
MSGB100510,Agency B,BOR201026,SL100067,2025-07-06 13:00:00,Payment Reminder,Your loan payment is overdue. Please contact us today to avoid further action. Msg&data rates may apply. Reply STOP to unsubscribe.,,,0,75.0,60-89 DPD
MSGB100303,Agency B,BOR200986,SL102343,2021-04-27 15:00:00,Settlement Offer,You may be eligible for a reduced settlement on your account. Contact us to learn more before this offer expires. Reply STOP to opt out.,,,0,15.0,1-29 DPD
MSGB101258,Agency B,BOR200423,SL100715,2022-07-21 08:00:00,General Notice,Your account requires attention. Please contact our office at your earliest convenience. Reply STOP to stop these messages.,,,0,45.0,30-59 DPD
MSGB100255,Agency B,BOR201681,SL101976,2023-01-13 07:00:00,Hardship Program Info,You may qualify for a temporary hardship repayment plan. Call us to discuss your options. Reply STOP to unsubscribe from texts.,,,0,75.0,60-89 DPD
MSGB101814,Agency B,BOR201543,SL101909,2023-02-19 14:00:00,Settlement Offer,You may be eligible for a reduced settlement on your account. Contact us to learn more before this offer expires. Reply STOP to opt out.,,,0,15.0,1-29 DPD
MSGB100273,Agency B,BOR200821,SL100035,2022-12-18 15:00:00,Payment Reminder,"Hi, this is a reminder that your student loan payment is past due. Call us or visit your account portal to make a payment. Reply STOP to opt out of text alerts.",,,0,15.0,1-29 DPD
MSGB101264,Agency B,BOR200954,SL101930,2024-11-06 09:00:00,Payment Reminder,"Hi, this is a reminder that your student loan payment is past due. Call us or visit your account portal to make a payment. Reply STOP to opt out of text alerts.",,,0,135.0,120-149 DPD
MSGB101726,Agency B,BOR200364,SL100392,2021-03-18 16:00:00,Settlement Offer,You may be eligible for a reduced settlement on your account. Contact us to learn more before this offer expires. Reply STOP to opt out.,,,0,15.0,1-29 DPD
MSGB101197,Agency B,BOR201767,SL100000,2026-03-05 13:00:00,General Notice,Your account requires attention. Please contact our office at your earliest convenience. Reply STOP to stop these messages.,not stopping til this is paid off lol,2026-03-05 20:17:00,1,45.0,30-59 DPD
MSGB100292,Agency B,BOR201519,SL100300,2022-04-13 15:00:00,General Notice,Your account requires attention. Please contact our office at your earliest convenience. Reply STOP to stop these messages.,,,0,45.0,30-59 DPD
MSGB101401,Agency B,BOR201649,SL102280,2021-07-12 16:00:00,Settlement Offer,You may be eligible for a reduced settlement on your account. Contact us to learn more before this offer expires. Reply STOP to opt out.,,,0,75.0,60-89 DPD
MSGB101689,Agency B,BOR201469,SL101048,2026-01-15 16:00:00,Payment Reminder,Your loan payment is overdue. Please contact us today to avoid further action. Msg&data rates may apply. Reply STOP to unsubscribe.,,,0,45.0,30-59 DPD
MSGB100511,Agency B,BOR200981,SL101642,2022-05-15 12:00:00,Payment Reminder,Your loan payment is overdue. Please contact us today to avoid further action. Msg&data rates may apply. Reply STOP to unsubscribe.,,,0,15.0,1-29 DPD
MSGB100430,Agency B,BOR201845,SL102154,2025-09-15 09:00:00,General Notice,Your account requires attention. Please contact our office at your earliest convenience. Reply STOP to stop these messages.,,,0,45.0,30-59 DPD
MSGB101464,Agency B,BOR201376,SL101493,2023-10-21 14:00:00,General Notice,Your account requires attention. Please contact our office at your earliest convenience. Reply STOP to stop these messages.,,,0,105.0,90-119 DPD
MSGB101443,Agency B,BOR202125,SL100091,2022-08-27 11:00:00,Hardship Program Info,You may qualify for a temporary hardship repayment plan. Call us to discuss your options. Reply STOP to unsubscribe from texts.,,,0,105.0,90-119 DPD
MSGB100877,Agency B,BOR201946,SL102334,2024-08-10 05:00:00,Payment Reminder,"Hi, this is a reminder that your student loan payment is past due. Call us or visit your account portal to make a payment. Reply STOP to opt out of text alerts.",,,0,15.0,1-29 DPD
MSGB101820,Agency B,BOR201544,SL101832,2023-08-28 08:00:00,Payment Reminder,"Hi, this is a reminder that your student loan payment is past due. Call us or visit your account portal to make a payment. Reply STOP to opt out of text alerts.",STOP please,2023-08-28 12:19:00,1,15.0,1-29 DPD
MSGB100125,Agency B,BOR201310,SL100311,2025-03-05 10:00:00,Payment Reminder,"Hi, this is a reminder that your student loan payment is past due. Call us or visit your account portal to make a payment. Reply STOP to opt out of text alerts.",I stopped by the branch yesterday and paid already,2025-03-05 16:03:00,1,45.0,30-59 DPD
MSGB100296,Agency B,BOR200011,SL102018,2022-09-16 15:00:00,Payment Reminder,Your loan payment is overdue. Please contact us today to avoid further action. Msg&data rates may apply. Reply STOP to unsubscribe.,,,0,45.0,30-59 DPD
MSGB101554,Agency B,BOR202127,SL100147,2024-02-24 05:00:00,Settlement Offer,You may be eligible for a reduced settlement on your account. Contact us to learn more before this offer expires. Reply STOP to opt out.,,,0,45.0,30-59 DPD
MSGB100559,Agency B,BOR201789,SL101732,2025-12-22 12:00:00,Payment Reminder,"Hi, this is a reminder that your student loan payment is past due. Call us or visit your account portal to make a payment. Reply STOP to opt out of text alerts.",,,0,15.0,1-29 DPD
MSGB100936,Agency B,BOR202184,SL101118,2024-07-18 16:00:00,Payment Reminder,Your loan payment is overdue. Please contact us today to avoid further action. Msg&data rates may apply. Reply STOP to unsubscribe.,,,0,75.0,60-89 DPD
MSGB101857,Agency B,BOR200211,SL102372,2025-02-22 15:00:00,Settlement Offer,You may be eligible for a reduced settlement on your account. Contact us to learn more before this offer expires. Reply STOP to opt out.,,,0,45.0,30-59 DPD
MSGB100142,Agency B,BOR201452,SL100225,2023-10-23 06:00:00,Payment Reminder,"Hi, this is a reminder that your student loan payment is past due. Call us or visit your account portal to make a payment. Reply STOP to opt out of text alerts.",k,2023-10-23 15:33:00,0,45.0,30-59 DPD
MSGB101528,Agency B,BOR200084,SL101774,2026-01-21 07:00:00,Hardship Program Info,You may qualify for a temporary hardship repayment plan. Call us to discuss your options. Reply STOP to unsubscribe from texts.,,,0,75.0,60-89 DPD
MSGB101847,Agency B,BOR201214,SL100664,2026-05-14 09:00:00,Hardship Program Info,You may qualify for a temporary hardship repayment plan. Call us to discuss your options. Reply STOP to unsubscribe from texts.,,,0,45.0,30-59 DPD
MSGB101051,Agency B,BOR202069,SL102483,2025-12-04 12:00:00,Payment Reminder,Your loan payment is overdue. Please contact us today to avoid further action. Msg&data rates may apply. Reply STOP to unsubscribe.,,,0,15.0,1-29 DPD
MSGB100304,Agency B,BOR201120,SL100788,2021-11-21 15:00:00,General Notice,Your account requires attention. Please contact our office at your earliest convenience. Reply STOP to stop these messages.,,,0,15.0,1-29 DPD
MSGB100994,Agency B,BOR201463,SL100896,2024-09-13 15:00:00,Payment Reminder,"Hi, this is a reminder that your student loan payment is past due. Call us or visit your account portal to make a payment. Reply STOP to opt out of text alerts.",,,0,15.0,1-29 DPD
MSGB100194,Agency B,BOR200605,SL101260,2026-02-22 16:00:00,General Notice,Your account requires attention. Please contact our office at your earliest convenience. Reply STOP to stop these messages.,,,0,15.0,1-29 DPD
MSGB100687,Agency B,BOR200832,SL101699,2025-10-17 14:00:00,Payment Reminder,Your loan payment is overdue. Please contact us today to avoid further action. Msg&data rates may apply. Reply STOP to unsubscribe.,,,0,75.0,60-89 DPD
MSGB101427,Agency B,BOR201682,SL100600,2023-04-27 16:00:00,Payment Reminder,"Hi, this is a reminder that your student loan payment is past due. Call us or visit your account portal to make a payment. Reply STOP to opt out of text alerts.",,,0,105.0,90-119 DPD
MSGB100924,Agency B,BOR200069,SL100825,2021-10-06 11:00:00,Payment Reminder,Your loan payment is overdue. Please contact us today to avoid further action. Msg&data rates may apply. Reply STOP to unsubscribe.,"stop it's already paid, why do I keep getting texts",2021-10-06 12:11:00,1,135.0,120-149 DPD
MSGB101543,Agency B,BOR201120,SL100788,2022-05-28 06:00:00,General Notice,Your account requires attention. Please contact our office at your earliest convenience. Reply STOP to stop these messages.,,,0,135.0,120-149 DPD
MSGB101465,Agency B,BOR200527,SL100589,2022-01-13 16:00:00,Payment Reminder,Your loan payment is overdue. Please contact us today to avoid further action. Msg&data rates may apply. Reply STOP to unsubscribe.,Stop - remove my number,2022-01-13 18:20:00,1,15.0,1-29 DPD
MSGB101067,Agency B,BOR201018,SL102169,2024-08-12 15:00:00,Payment Reminder,Your loan payment is overdue. Please contact us today to avoid further action. Msg&data rates may apply. Reply STOP to unsubscribe.,,,0,45.0,30-59 DPD
MSGB100780,Agency B,BOR200256,SL100655,2022-01-20 13:00:00,Payment Reminder,"Hi, this is a reminder that your student loan payment is past due. Call us or visit your account portal to make a payment. Reply STOP to opt out of text alerts.",,,0,15.0,1-29 DPD
MSGB100679,Agency B,BOR201815,SL102265,2025-08-17 08:00:00,Settlement Offer,You may be eligible for a reduced settlement on your account. Contact us to learn more before this offer expires. Reply STOP to opt out.,,,0,75.0,60-89 DPD
MSGB101877,Agency B,BOR201106,SL100470,2025-09-11 09:00:00,Hardship Program Info,You may qualify for a temporary hardship repayment plan. Call us to discuss your options. Reply STOP to unsubscribe from texts.,  sorry missed the bus stop have to call back later   ,2025-09-11 12:59:00,1,105.0,90-119 DPD
MSGB101734,Agency B,BOR201742,SL101133,2021-02-23 09:00:00,Settlement Offer,You may be eligible for a reduced settlement on your account. Contact us to learn more before this offer expires. Reply STOP to opt out.,,,0,45.0,30-59 DPD
MSGB100946,Agency B,BOR202265,SL100965,2023-08-24 06:00:00,Payment Reminder,Your loan payment is overdue. Please contact us today to avoid further action. Msg&data rates may apply. Reply STOP to unsubscribe.,,,0,45.0,30-59 DPD
MSGB101497,Agency B,BOR200631,SL100321,2026-08-07 06:00:00,Payment Reminder,Your loan payment is overdue. Please contact us today to avoid further action. Msg&data rates may apply. Reply STOP to unsubscribe.,please STOP texting me forever,2026-08-07 15:19:00,1,45.0,30-59 DPD
MSGB100215,Agency B,BOR202287,SL100602,2023-06-04 13:00:00,Payment Reminder,Your loan payment is overdue. Please contact us today to avoid further action. Msg&data rates may apply. Reply STOP to unsubscribe.,,,0,105.0,90-119 DPD
MSGB101848,Agency B,BOR201825,SL101985,2026-08-23 09:00:00,General Notice,Your account requires attention. Please contact our office at your earliest convenience. Reply STOP to stop these messages.,,,0,15.0,1-29 DPD
MSGB101295,AGENCY_B,BOR200424,SL102182,2022-12-11 05:00:00,Payment Reminder,Your loan payment is overdue. Please contact us today to avoid further action. Msg&data rates may apply. Reply STOP to unsubscribe.,,,0,45.0,30-59 DPD
MSGB100387,Agency B,BOR200585,SL102405,2026-02-05 12:00:00,Payment Reminder,Your loan payment is overdue. Please contact us today to avoid further action. Msg&data rates may apply. Reply STOP to unsubscribe.,,,0,15.0,1-29 DPD
MSGB100554,Agency B,BOR200960,SL100749,2025-05-12 11:00:00,Payment Reminder,Your loan payment is overdue. Please contact us today to avoid further action. Msg&data rates may apply. Reply STOP to unsubscribe.,,,0,45.0,30-59 DPD
MSGB100276,Agency B,BOR200801,SL100698,2025-12-05 05:00:00,Payment Reminder,Your loan payment is overdue. Please contact us today to avoid further action. Msg&data rates may apply. Reply STOP to unsubscribe.,who is this,2025-12-05 13:05:00,0,15.0,1-29 DPD
MSGB101536,Agency B,BOR200775,SL100171,2025-07-09 14:00:00,Settlement Offer,You may be eligible for a reduced settlement on your account. Contact us to learn more before this offer expires. Reply STOP to opt out.,,,0,45.0,30-59 DPD
MSGB100339,Agency B,BOR200696,SL101393,2025-05-22 10:00:00,Payment Reminder,Your loan payment is overdue. Please contact us today to avoid further action. Msg&data rates may apply. Reply STOP to unsubscribe.,,,0,15.0,1-29 DPD
MSGB101579,Agency B,BOR201245,SL100930,2025-08-06 15:00:00,Payment Reminder,"Hi, this is a reminder that your student loan payment is past due. Call us or visit your account portal to make a payment. Reply STOP to opt out of text alerts.","stop it's already paid, why do I keep getting texts",2025-08-06 22:38:00,1,45.0,30-59 DPD
MSGB100367,AGENCY_B,BOR202051,SL100161,2025-12-10 08:00:00,Payment Reminder,Your loan payment is overdue. Please contact us today to avoid further action. Msg&data rates may apply. Reply STOP to unsubscribe.,,,0,15.0,1-29 DPD
MSGB101043,Agency B,BOR202299,SL102401,2026-03-21 14:00:00,Payment Reminder,"Hi, this is a reminder that your student loan payment is past due. Call us or visit your account portal to make a payment. Reply STOP to opt out of text alerts.",,,0,15.0,1-29 DPD
MSGB101595,Agency B,BOR200785,SL102070,2026-04-10 14:00:00,Payment Reminder,"Hi, this is a reminder that your student loan payment is past due. Call us or visit your account portal to make a payment. Reply STOP to opt out of text alerts.",sorry missed the bus stop have to call back later,2026-04-10 16:02:00,1,45.0,30-59 DPD
MSGB100930,Agency B,BOR200585,SL102405,2025-11-19 13:00:00,Hardship Program Info,You may qualify for a temporary hardship repayment plan. Call us to discuss your options. Reply STOP to unsubscribe from texts.,,,0,15.0,1-29 DPD
MSGB100241,Agency B,BOR202287,SL100602,2022-12-10 06:00:00,General Notice,Your account requires attention. Please contact our office at your earliest convenience. Reply STOP to stop these messages.,,,0,75.0,60-89 DPD
MSGB101567,Agency B,BOR200032,SL102184,2025-03-23 13:00:00,Payment Reminder,"Hi, this is a reminder that your student loan payment is past due. Call us or visit your account portal to make a payment. Reply STOP to opt out of text alerts.",,,0,15.0,1-29 DPD
MSGB101028,Agency B,BOR200486,SL100276,2023-07-27 13:00:00,General Notice,Your account requires attention. Please contact our office at your earliest convenience. Reply STOP to stop these messages.,,,0,15.0,1-29 DPD
MSGB100730,Agency B,BOR200541,SL102296,2023-03-08 11:00:00,Settlement Offer,You may be eligible for a reduced settlement on your account. Contact us to learn more before this offer expires. Reply STOP to opt out.,,,0,75.0,60-89 DPD
MSGB100016,Agency B,BOR201738,SL100779,2025-12-22 05:00:00,General Notice,Your account requires attention. Please contact our office at your earliest convenience. Reply STOP to stop these messages.,,,0,15.0,1-29 DPD
MSGB100875,Agency B,BOR200029,SL102310,2023-03-21 14:00:00,General Notice,Your account requires attention. Please contact our office at your earliest convenience. Reply STOP to stop these messages.,I already stopped autopay is that why im getting these,2023-03-21 14:49:00,1,15.0,1-29 DPD
MSGB100859,Agency B,BOR202254,SL102264,2022-02-11 15:00:00,Settlement Offer,You may be eligible for a reduced settlement on your account. Contact us to learn more before this offer expires. Reply STOP to opt out.,  yes   ,2022-02-11 20:46:00,0,45.0,30-59 DPD
MSGB101301,Agency B,BOR200971,SL101058,2022-03-19 12:00:00,Settlement Offer,You may be eligible for a reduced settlement on your account. Contact us to learn more before this offer expires. Reply STOP to opt out.,,,0,15.0,1-29 DPD
MSGB100071,Agency B,BOR201238,SL100102,2025-11-08 15:00:00,General Notice,Your account requires attention. Please contact our office at your earliest convenience. Reply STOP to stop these messages.,who is this,2025-11-08 19:26:00,0,15.0,1-29 DPD
MSGB101316,Agency B,BOR202140,SL101117,2023-09-16 07:00:00,Payment Reminder,"Hi, this is a reminder that your student loan payment is past due. Call us or visit your account portal to make a payment. Reply STOP to opt out of text alerts.",,,0,45.0,30-59 DPD
MSGB100029,Agency B,BOR201082,SL100168,2025-12-19 16:00:00,General Notice,Your account requires attention. Please contact our office at your earliest convenience. Reply STOP to stop these messages.,,,0,15.0,1-29 DPD
MSGB100986,Agency B,BOR200805,SL100191,2021-03-27 13:00:00,Hardship Program Info,You may qualify for a temporary hardship repayment plan. Call us to discuss your options. Reply STOP to unsubscribe from texts.,,,0,15.0,1-29 DPD
MSGB101756,Agency B,BOR201457,SL101691,2026-08-11 16:00:00,Payment Reminder,"Hi, this is a reminder that your student loan payment is past due. Call us or visit your account portal to make a payment. Reply STOP to opt out of text alerts.",,,0,195.0,180+ DPD
MSGB100383,Agency B,BOR201549,SL100294,2023-06-16 07:00:00,Payment Reminder,"Hi, this is a reminder that your student loan payment is past due. Call us or visit your account portal to make a payment. Reply STOP to opt out of text alerts.",,,0,15.0,1-29 DPD
MSGB101434,Agency B,BOR200708,SL100070,2024-09-27 15:00:00,Payment Reminder,"Hi, this is a reminder that your student loan payment is past due. Call us or visit your account portal to make a payment. Reply STOP to opt out of text alerts.",,,0,15.0,1-29 DPD
MSGB101558,Agency B,BOR200769,SL100343,2022-10-08 12:00:00,General Notice,Your account requires attention. Please contact our office at your earliest convenience. Reply STOP to stop these messages.,,,0,15.0,1-29 DPD
MSGB100443,Agency B,BOR201327,SL102351,2026-06-15 07:00:00,Hardship Program Info,You may qualify for a temporary hardship repayment plan. Call us to discuss your options. Reply STOP to unsubscribe from texts.,,,0,105.0,90-119 DPD
MSGB101655,Agency B,BOR200751,SL102270,2023-10-16 06:00:00,General Notice,Your account requires attention. Please contact our office at your earliest convenience. Reply STOP to stop these messages.,,,0,15.0,1-29 DPD
MSGB101683,Agency B,BOR201815,SL102265,2025-09-04 06:00:00,Hardship Program Info,You may qualify for a temporary hardship repayment plan. Call us to discuss your options. Reply STOP to unsubscribe from texts.,,,0,75.0,60-89 DPD
MSGB100835,Agency B,BOR200808,SL101208,2022-11-12 06:00:00,Hardship Program Info,You may qualify for a temporary hardship repayment plan. Call us to discuss your options. Reply STOP to unsubscribe from texts.,,,0,105.0,90-119 DPD
MSGB100265,Agency B,BOR200211,SL102372,2023-12-16 13:00:00,Settlement Offer,You may be eligible for a reduced settlement on your account. Contact us to learn more before this offer expires. Reply STOP to opt out.,,,0,15.0,1-29 DPD
MSGB101298,Agency B,BOR201815,SL102265,2025-05-07 12:00:00,Hardship Program Info,You may qualify for a temporary hardship repayment plan. Call us to discuss your options. Reply STOP to unsubscribe from texts.,,,0,15.0,1-29 DPD
MSGB101631,Agency B,BOR200793,SL100263,2025-10-15 09:00:00,Settlement Offer,You may be eligible for a reduced settlement on your account. Contact us to learn more before this offer expires. Reply STOP to opt out.,,,0,45.0,30-59 DPD
MSGB101227,Agency B,BOR200579,SL101641,2021-09-21 11:00:00,General Notice,Your account requires attention. Please contact our office at your earliest convenience. Reply STOP to stop these messages.,,,0,45.0,30-59 DPD
MSGB101379,AGENCY_B,BOR200211,SL100107,2025-10-07 14:00:00,Hardship Program Info,You may qualify for a temporary hardship repayment plan. Call us to discuss your options. Reply STOP to unsubscribe from texts.,,,0,45.0,30-59 DPD
MSGB100868,Agency B,BOR200364,SL100392,2021-05-16 14:00:00,Payment Reminder,Your loan payment is overdue. Please contact us today to avoid further action. Msg&data rates may apply. Reply STOP to unsubscribe.,ok will pay soon,2021-05-16 19:00:00,0,45.0,30-59 DPD
MSGB100887,Agency B,BOR201952,SL102231,2024-08-09 16:00:00,Payment Reminder,Your loan payment is overdue. Please contact us today to avoid further action. Msg&data rates may apply. Reply STOP to unsubscribe.,,,0,15.0,1-29 DPD
MSGB100751,Agency B,BOR201452,SL100225,2023-02-11 07:00:00,Payment Reminder,"Hi, this is a reminder that your student loan payment is past due. Call us or visit your account portal to make a payment. Reply STOP to opt out of text alerts.",,,0,15.0,1-29 DPD
MSGB101713,Agency B,BOR201553,SL100958,2024-10-04 16:00:00,Payment Reminder,Your loan payment is overdue. Please contact us today to avoid further action. Msg&data rates may apply. Reply STOP to unsubscribe.,,,0,15.0,1-29 DPD
MSGB100688,Agency B,BOR200246,SL100581,2023-04-14 08:00:00,Hardship Program Info,You may qualify for a temporary hardship repayment plan. Call us to discuss your options. Reply STOP to unsubscribe from texts.,,,0,45.0,30-59 DPD
MSGB100135,Agency B,BOR201118,SL101900,2023-07-09 06:00:00,Payment Reminder,"Hi, this is a reminder that your student loan payment is past due. Call us or visit your account portal to make a payment. Reply STOP to opt out of text alerts.",can you call me instead,2023-07-09 14:07:00,0,15.0,1-29 DPD
MSGB100861,Agency B,BOR200751,SL102270,2024-02-10 13:00:00,Payment Reminder,Your loan payment is overdue. Please contact us today to avoid further action. Msg&data rates may apply. Reply STOP to unsubscribe.,,,0,75.0,60-89 DPD
MSGB101448,Agency B,BOR200829,SL100432,2025-07-21 06:00:00,Payment Reminder,"Hi, this is a reminder that your student loan payment is past due. Call us or visit your account portal to make a payment. Reply STOP to opt out of text alerts.",,,0,165.0,150-179 DPD
MSGB100541,Agency B,BOR201159,SL101776,2023-08-26 07:00:00,Payment Reminder,"Hi, this is a reminder that your student loan payment is past due. Call us or visit your account portal to make a payment. Reply STOP to opt out of text alerts.",,,0,15.0,1-29 DPD
MSGB101580,Agency B,BOR201835,SL100417,2025-11-21 16:00:00,Hardship Program Info,You may qualify for a temporary hardship repayment plan. Call us to discuss your options. Reply STOP to unsubscribe from texts.,,,0,15.0,1-29 DPD
MSGB100615,Agency B,BOR202193,SL101312,2021-04-17 07:00:00,General Notice,Your account requires attention. Please contact our office at your earliest convenience. Reply STOP to stop these messages.,,,0,45.0,30-59 DPD
MSGB100587,Agency B,BOR200829,SL100432,2024-10-07 08:00:00,Payment Reminder,"Hi, this is a reminder that your student loan payment is past due. Call us or visit your account portal to make a payment. Reply STOP to opt out of text alerts.",,,0,45.0,30-59 DPD
MSGB101569,Agency B,BOR202045,SL100056,2023-09-10 08:00:00,Hardship Program Info,You may qualify for a temporary hardship repayment plan. Call us to discuss your options. Reply STOP to unsubscribe from texts.,,,0,105.0,90-119 DPD
MSGB100435,Agency B,BOR200863,SL101848,2024-02-20 06:00:00,Payment Reminder,Your loan payment is overdue. Please contact us today to avoid further action. Msg&data rates may apply. Reply STOP to unsubscribe.,,,0,15.0,1-29 DPD
MSGB100174,Agency B,BOR201547,SL100120,2021-06-17 06:00:00,Payment Reminder,Your loan payment is overdue. Please contact us today to avoid further action. Msg&data rates may apply. Reply STOP to unsubscribe.,,,0,15.0,1-29 DPD
MSGB101719,Agency B,BOR201456,SL101092,2024-11-11 12:00:00,General Notice,Your account requires attention. Please contact our office at your earliest convenience. Reply STOP to stop these messages.,,,0,15.0,1-29 DPD
MSGB100962,Agency B,BOR200954,SL101930,2024-02-23 07:00:00,Payment Reminder,Your loan payment is overdue. Please contact us today to avoid further action. Msg&data rates may apply. Reply STOP to unsubscribe.,yes,2024-02-23 07:58:00,0,15.0,1-29 DPD
MSGB101332,Agency B,BOR200706,SL101379,2021-09-12 12:00:00,Hardship Program Info,You may qualify for a temporary hardship repayment plan. Call us to discuss your options. Reply STOP to unsubscribe from texts.,,,0,45.0,30-59 DPD
MSGB101706,Agency B,BOR200074,SL100044,2025-11-09 10:00:00,Hardship Program Info,You may qualify for a temporary hardship repayment plan. Call us to discuss your options. Reply STOP to unsubscribe from texts.,yes,2025-11-09 12:56:00,0,15.0,1-29 DPD
MSGB100150,Agency B,BOR200311,SL101359,2023-12-25 16:00:00,Hardship Program Info,You may qualify for a temporary hardship repayment plan. Call us to discuss your options. Reply STOP to unsubscribe from texts.,he stopped answering his phone so im calling on his behalf,2023-12-25 23:36:00,1,15.0,1-29 DPD
MSGB101272,Agency B,BOR200424,SL102182,2022-03-20 10:00:00,Payment Reminder,Your loan payment is overdue. Please contact us today to avoid further action. Msg&data rates may apply. Reply STOP to unsubscribe.,,,0,15.0,1-29 DPD
MSGB100811,Agency B,BOR201536,SL101727,2024-11-12 07:00:00,General Notice,Your account requires attention. Please contact our office at your earliest convenience. Reply STOP to stop these messages.,,,0,45.0,30-59 DPD
MSGB101446,Agency B,BOR201970,SL101618,2026-03-10 12:00:00,Payment Reminder,Your loan payment is overdue. Please contact us today to avoid further action. Msg&data rates may apply. Reply STOP to unsubscribe.,,,0,15.0,1-29 DPD
MSGB101242,Agency B,BOR201636,SL100156,2024-08-18 07:00:00,Settlement Offer,You may be eligible for a reduced settlement on your account. Contact us to learn more before this offer expires. Reply STOP to opt out.,,,0,15.0,1-29 DPD
MSGB101839,Agency B,BOR201632,SL102111,2022-12-26 16:00:00,Payment Reminder,Your loan payment is overdue. Please contact us today to avoid further action. Msg&data rates may apply. Reply STOP to unsubscribe.,,,0,45.0,30-59 DPD
MSGB101288,Agency B,BOR201026,SL100067,2022-11-06 10:00:00,General Notice,Your account requires attention. Please contact our office at your earliest convenience. Reply STOP to stop these messages.,,,0,15.0,1-29 DPD
MSGB100843,Agency B,BOR201707,SL101395,2024-07-28 09:00:00,Payment Reminder,"Hi, this is a reminder that your student loan payment is past due. Call us or visit your account portal to make a payment. Reply STOP to opt out of text alerts.",,,0,45.0,30-59 DPD
MSGB100358,Agency B,BOR200950,SL101189,2024-02-23 15:00:00,Payment Reminder,Your loan payment is overdue. Please contact us today to avoid further action. Msg&data rates may apply. Reply STOP to unsubscribe.,,,0,75.0,60-89 DPD
MSGB100223,Agency B,BOR200601,SL100203,2023-05-14 10:00:00,Payment Reminder,"Hi, this is a reminder that your student loan payment is past due. Call us or visit your account portal to make a payment. Reply STOP to opt out of text alerts.",can u stop texting me at work im in a meeting,2023-05-14 15:31:00,1,195.0,180+ DPD
MSGB100291,AGENCY_B,BOR200173,SL100434,2024-07-07 14:00:00,Hardship Program Info,You may qualify for a temporary hardship repayment plan. Call us to discuss your options. Reply STOP to unsubscribe from texts.,,,0,105.0,90-119 DPD
MSGB100544,Agency B,BOR201966,SL101441,2026-02-02 11:00:00,Hardship Program Info,You may qualify for a temporary hardship repayment plan. Call us to discuss your options. Reply STOP to unsubscribe from texts.,yes,2026-02-02 12:30:00,0,135.0,120-149 DPD
MSGB100377,Agency B,BOR200173,SL100434,2024-05-23 10:00:00,Settlement Offer,You may be eligible for a reduced settlement on your account. Contact us to learn more before this offer expires. Reply STOP to opt out.,sorry missed the bus stop have to call back later,2024-05-23 13:37:00,1,105.0,90-119 DPD
MSGB100473,Agency B,BOR201273,SL100348,2022-05-20 14:00:00,General Notice,Your account requires attention. Please contact our office at your earliest convenience. Reply STOP to stop these messages.,,,0,45.0,30-59 DPD
MSGB100844,Agency B,BOR201391,SL101026,2024-04-14 06:00:00,Settlement Offer,You may be eligible for a reduced settlement on your account. Contact us to learn more before this offer expires. Reply STOP to opt out.,,,0,15.0,1-29 DPD
MSGB100312,Agency B,BOR201938,SL102054,2024-11-11 11:00:00,General Notice,Your account requires attention. Please contact our office at your earliest convenience. Reply STOP to stop these messages.,,,0,75.0,60-89 DPD
MSGB100572,Agency B,BOR200167,SL101845,2026-08-05 08:00:00,General Notice,Your account requires attention. Please contact our office at your earliest convenience. Reply STOP to stop these messages.,,,0,105.0,90-119 DPD
MSGB100668,Agency B,BOR201742,SL101133,2025-06-22 07:00:00,Payment Reminder,"Hi, this is a reminder that your student loan payment is past due. Call us or visit your account portal to make a payment. Reply STOP to opt out of text alerts.",,,0,165.0,150-179 DPD
MSGB100597,Agency B,BOR200423,SL100715,2022-03-09 09:00:00,General Notice,Your account requires attention. Please contact our office at your earliest convenience. Reply STOP to stop these messages.,,,0,15.0,1-29 DPD
MSGB101276,AGENCY_B,BOR200881,SL102466,2023-05-08 07:00:00,Payment Reminder,Your loan payment is overdue. Please contact us today to avoid further action. Msg&data rates may apply. Reply STOP to unsubscribe.,he stopped answering his phone so im calling on his behalf,2023-05-08 11:47:00,1,15.0,1-29 DPD
MSGB100149,Agency B,BOR200481,SL100567,2025-10-12 05:00:00,General Notice,Your account requires attention. Please contact our office at your earliest convenience. Reply STOP to stop these messages.,,,0,45.0,30-59 DPD
MSGB101710,Agency B,BOR202203,SL100273,2023-10-07 16:00:00,Payment Reminder,"Hi, this is a reminder that your student loan payment is past due. Call us or visit your account portal to make a payment. Reply STOP to opt out of text alerts.",,,0,15.0,1-29 DPD
MSGB101842,Agency B,BOR201527,SL101671,2024-12-21 16:00:00,Hardship Program Info,You may qualify for a temporary hardship repayment plan. Call us to discuss your options. Reply STOP to unsubscribe from texts.,,,0,45.0,30-59 DPD
MSGB100426,Agency B,BOR201349,SL101112,2024-04-23 13:00:00,Settlement Offer,You may be eligible for a reduced settlement on your account. Contact us to learn more before this offer expires. Reply STOP to opt out.,,,0,15.0,1-29 DPD
MSGB101229,Agency B,BOR200629,SL102403,2021-05-19 07:00:00,Payment Reminder,"Hi, this is a reminder that your student loan payment is past due. Call us or visit your account portal to make a payment. Reply STOP to opt out of text alerts.",,,0,15.0,1-29 DPD
MSGB100926,Agency B,BOR200960,SL100749,2025-07-19 16:00:00,Payment Reminder,Your loan payment is overdue. Please contact us today to avoid further action. Msg&data rates may apply. Reply STOP to unsubscribe.,can u stop texting me at work im in a meeting,2025-07-19 23:01:00,1,75.0,60-89 DPD
MSGB100660,Agency B,BOR200975,SL101693,2023-12-08 08:00:00,General Notice,Your account requires attention. Please contact our office at your earliest convenience. Reply STOP to stop these messages.,,,0,15.0,1-29 DPD
MSGB101781,Agency B,BOR200477,SL101135,2023-08-11 07:00:00,Payment Reminder,"Hi, this is a reminder that your student loan payment is past due. Call us or visit your account portal to make a payment. Reply STOP to opt out of text alerts.",,,0,15.0,1-29 DPD
MSGB100661,Agency B,BOR200960,SL100749,2025-09-25 14:00:00,Payment Reminder,"Hi, this is a reminder that your student loan payment is past due. Call us or visit your account portal to make a payment. Reply STOP to opt out of text alerts.",,,0,75.0,60-89 DPD
MSGB100550,Agency B,BOR200581,SL100376,2022-09-16 12:00:00,General Notice,Your account requires attention. Please contact our office at your earliest convenience. Reply STOP to stop these messages.,k,2022-09-16 18:18:00,0,105.0,90-119 DPD
MSGB100726,Agency B,BOR202045,SL100056,2022-11-18 15:00:00,Payment Reminder,"Hi, this is a reminder that your student loan payment is past due. Call us or visit your account portal to make a payment. Reply STOP to opt out of text alerts.",,,0,45.0,30-59 DPD
MSGB101246,Agency B,BOR201676,SL100634,2024-10-12 16:00:00,Hardship Program Info,You may qualify for a temporary hardship repayment plan. Call us to discuss your options. Reply STOP to unsubscribe from texts.,when does interest stop accruing on this loan,2024-10-12 17:59:00,1,75.0,60-89 DPD
MSGB100152,Agency B,BOR200849,SL101934,2026-06-15 09:00:00,Payment Reminder,"Hi, this is a reminder that your student loan payment is past due. Call us or visit your account portal to make a payment. Reply STOP to opt out of text alerts.",,,0,15.0,1-29 DPD
MSGB101358,Agency B,BOR201245,SL100930,2025-09-26 10:00:00,Payment Reminder,"Hi, this is a reminder that your student loan payment is past due. Call us or visit your account portal to make a payment. Reply STOP to opt out of text alerts.",wrong number,2025-09-26 16:01:00,0,45.0,30-59 DPD
MSGB100219,Agency B,BOR201724,SL100894,2023-12-05 15:00:00,Payment Reminder,Your loan payment is overdue. Please contact us today to avoid further action. Msg&data rates may apply. Reply STOP to unsubscribe.,,,0,75.0,60-89 DPD
MSGB101308,Agency B,BOR201548,SL101465,2023-09-10 15:00:00,Settlement Offer,You may be eligible for a reduced settlement on your account. Contact us to learn more before this offer expires. Reply STOP to opt out.,,,0,45.0,30-59 DPD
MSGB100155,Agency B,BOR200610,SL102152,2024-01-14 16:00:00,Settlement Offer,You may be eligible for a reduced settlement on your account. Contact us to learn more before this offer expires. Reply STOP to opt out.,,,0,45.0,30-59 DPD
MSGB101835,Agency B,BOR201249,SL101724,2025-01-20 15:00:00,Payment Reminder,"Hi, this is a reminder that your student loan payment is past due. Call us or visit your account portal to make a payment. Reply STOP to opt out of text alerts.",,,0,45.0,30-59 DPD
MSGB100758,Agency B,BOR202252,SL100724,2022-07-11 13:00:00,General Notice,Your account requires attention. Please contact our office at your earliest convenience. Reply STOP to stop these messages.,,,0,15.0,1-29 DPD
MSGB100371,Agency B,BOR200184,SL101234,2023-05-17 11:00:00,General Notice,Your account requires attention. Please contact our office at your earliest convenience. Reply STOP to stop these messages.,,,0,45.0,30-59 DPD
MSGB100763,Agency B,BOR201310,SL100311,2022-08-19 14:00:00,Payment Reminder,"Hi, this is a reminder that your student loan payment is past due. Call us or visit your account portal to make a payment. Reply STOP to opt out of text alerts.",,,0,15.0,1-29 DPD
MSGB101225,Agency B,BOR201302,SL101225,2023-06-13 12:00:00,Payment Reminder,Your loan payment is overdue. Please contact us today to avoid further action. Msg&data rates may apply. Reply STOP to unsubscribe.,,,0,45.0,30-59 DPD
MSGB100444,Agency B,BOR201475,SL101187,2025-04-22 08:00:00,Payment Reminder,Your loan payment is overdue. Please contact us today to avoid further action. Msg&data rates may apply. Reply STOP to unsubscribe.,,,0,15.0,1-29 DPD
MSGB101017,Agency B,BOR202147,SL101284,2025-07-18 08:00:00,General Notice,Your account requires attention. Please contact our office at your earliest convenience. Reply STOP to stop these messages.,,,0,15.0,1-29 DPD
MSGB101250,Agency B,BOR201829,SL100188,2021-05-08 11:00:00,Hardship Program Info,You may qualify for a temporary hardship repayment plan. Call us to discuss your options. Reply STOP to unsubscribe from texts.,unsubscribe STOP,2021-05-08 16:00:00,1,15.0,1-29 DPD
MSGB101545,Agency B,BOR200596,SL101551,2025-07-05 08:00:00,Settlement Offer,You may be eligible for a reduced settlement on your account. Contact us to learn more before this offer expires. Reply STOP to opt out.,k,2025-07-05 16:53:00,0,75.0,60-89 DPD
MSGB101173,Agency B,BOR201246,SL101427,2024-08-25 05:00:00,Payment Reminder,"Hi, this is a reminder that your student loan payment is past due. Call us or visit your account portal to make a payment. Reply STOP to opt out of text alerts.",,,0,45.0,30-59 DPD
MSGB100132,Agency B,BOR201918,SL101285,2024-11-06 11:00:00,Payment Reminder,Your loan payment is overdue. Please contact us today to avoid further action. Msg&data rates may apply. Reply STOP to unsubscribe.,,,0,45.0,30-59 DPD
MSGB101620,Agency B,BOR201040,SL101398,2023-09-22 15:00:00,Settlement Offer,You may be eligible for a reduced settlement on your account. Contact us to learn more before this offer expires. Reply STOP to opt out.,,,0,15.0,1-29 DPD
MSGB100972,Agency B,BOR200490,SL101426,2026-08-08 06:00:00,Payment Reminder,"Hi, this is a reminder that your student loan payment is past due. Call us or visit your account portal to make a payment. Reply STOP to opt out of text alerts.",can you call me instead,2026-08-08 06:05:00,0,15.0,1-29 DPD
MSGB100094,Agency B,BOR200054,SL100633,2023-03-16 07:00:00,Payment Reminder,Your loan payment is overdue. Please contact us today to avoid further action. Msg&data rates may apply. Reply STOP to unsubscribe.,,,0,15.0,1-29 DPD
MSGB101712,Agency B,BOR200121,SL100381,2025-02-23 14:00:00,Hardship Program Info,You may qualify for a temporary hardship repayment plan. Call us to discuss your options. Reply STOP to unsubscribe from texts.,,,0,75.0,60-89 DPD
MSGB101182,Agency B,BOR201346,SL101451,2026-07-12 11:00:00,Payment Reminder,Your loan payment is overdue. Please contact us today to avoid further action. Msg&data rates may apply. Reply STOP to unsubscribe.,,,0,75.0,60-89 DPD
MSGB101608,Agency B,BOR202290,SL101372,2022-06-06 14:00:00,Payment Reminder,Your loan payment is overdue. Please contact us today to avoid further action. Msg&data rates may apply. Reply STOP to unsubscribe.,,,0,15.0,1-29 DPD
MSGB101636,Agency B,BOR200960,SL100749,2025-10-18 10:00:00,General Notice,Your account requires attention. Please contact our office at your earliest convenience. Reply STOP to stop these messages.,,,0,75.0,60-89 DPD
MSGB101390,Agency B,BOR200132,SL100931,2021-03-05 08:00:00,Payment Reminder,"Hi, this is a reminder that your student loan payment is past due. Call us or visit your account portal to make a payment. Reply STOP to opt out of text alerts.",,,0,15.0,1-29 DPD
MSGB101582,Agency B,BOR200601,SL100203,2022-12-25 15:00:00,General Notice,Your account requires attention. Please contact our office at your earliest convenience. Reply STOP to stop these messages.,,,0,105.0,90-119 DPD
MSGB101188,Agency B,BOR200462,SL101585,2022-09-21 06:00:00,General Notice,Your account requires attention. Please contact our office at your earliest convenience. Reply STOP to stop these messages.,,,0,15.0,1-29 DPD
MSGB101297,Agency B,BOR200151,SL101603,2025-05-23 07:00:00,Payment Reminder,"Hi, this is a reminder that your student loan payment is past due. Call us or visit your account portal to make a payment. Reply STOP to opt out of text alerts.",,,0,15.0,1-29 DPD
MSGB100170,Agency B,BOR201376,SL101493,2024-11-19 08:00:00,Payment Reminder,"Hi, this is a reminder that your student loan payment is past due. Call us or visit your account portal to make a payment. Reply STOP to opt out of text alerts.",  sorry missed the bus stop have to call back later   ,2024-11-19 15:05:00,1,15.0,1-29 DPD
MSGB101081,Agency B,BOR201799,SL100491,2021-09-19 09:00:00,Payment Reminder,"Hi, this is a reminder that your student loan payment is past due. Call us or visit your account portal to make a payment. Reply STOP to opt out of text alerts.",,,0,105.0,90-119 DPD
MSGB100232,Agency B,BOR201526,SL101049,2023-04-03 13:00:00,Payment Reminder,"Hi, this is a reminder that your student loan payment is past due. Call us or visit your account portal to make a payment. Reply STOP to opt out of text alerts.",,,0,15.0,1-29 DPD
MSGB100250,Agency B,BOR201155,SL101872,2024-06-21 08:00:00,General Notice,Your account requires attention. Please contact our office at your earliest convenience. Reply STOP to stop these messages.,,,0,165.0,150-179 DPD
MSGB100090,Agency B,BOR200610,SL102152,2025-02-08 14:00:00,General Notice,Your account requires attention. Please contact our office at your earliest convenience. Reply STOP to stop these messages.,,,0,135.0,120-149 DPD
MSGB100989,Agency B,BOR200553,SL101746,2021-03-18 14:00:00,General Notice,Your account requires attention. Please contact our office at your earliest convenience. Reply STOP to stop these messages.,nonstop calls today about this smh,2021-03-18 15:40:00,1,15.0,1-29 DPD
MSGB100953,Agency B,BOR201498,SL100595,2023-09-04 07:00:00,Hardship Program Info,You may qualify for a temporary hardship repayment plan. Call us to discuss your options. Reply STOP to unsubscribe from texts.,,,0,135.0,120-149 DPD
MSGB101503,Agency B,BOR200739,SL101636,2026-08-16 15:00:00,General Notice,Your account requires attention. Please contact our office at your earliest convenience. Reply STOP to stop these messages.,,,0,135.0,120-149 DPD
MSGB100659,Agency B,BOR200750,SL100628,2022-01-28 05:00:00,Payment Reminder,Your loan payment is overdue. Please contact us today to avoid further action. Msg&data rates may apply. Reply STOP to unsubscribe.,,,0,135.0,120-149 DPD
MSGB100673,Agency B,BOR201482,SL102394,2024-02-11 15:00:00,Settlement Offer,You may be eligible for a reduced settlement on your account. Contact us to learn more before this offer expires. Reply STOP to opt out.,,,0,45.0,30-59 DPD
MSGB101888,Agency B,BOR200774,SL100072,2024-08-24 08:00:00,Settlement Offer,You may be eligible for a reduced settlement on your account. Contact us to learn more before this offer expires. Reply STOP to opt out.,,,0,15.0,1-29 DPD
MSGB101404,Agency B,BOR201291,SL100342,2024-09-19 12:00:00,Payment Reminder,"Hi, this is a reminder that your student loan payment is past due. Call us or visit your account portal to make a payment. Reply STOP to opt out of text alerts.",,,0,45.0,30-59 DPD
MSGB101269,Agency B,BOR200111,SL101627,2025-02-06 07:00:00,Payment Reminder,"Hi, this is a reminder that your student loan payment is past due. Call us or visit your account portal to make a payment. Reply STOP to opt out of text alerts.",,,0,75.0,60-89 DPD
MSGB100329,Agency B,BOR200981,SL101642,2025-11-20 05:00:00,General Notice,Your account requires attention. Please contact our office at your earliest convenience. Reply STOP to stop these messages.,,,0,15.0,1-29 DPD
MSGB101590,Agency B,BOR200662,SL101456,2025-10-05 12:00:00,Payment Reminder,Your loan payment is overdue. Please contact us today to avoid further action. Msg&data rates may apply. Reply STOP to unsubscribe.,,,0,15.0,1-29 DPD
MSGB100940,Agency B,BOR201199,SL101081,2025-02-25 10:00:00,General Notice,Your account requires attention. Please contact our office at your earliest convenience. Reply STOP to stop these messages.,,,0,15.0,1-29 DPD
MSGB100068,Agency B,BOR201694,SL100472,2025-06-27 13:00:00,Payment Reminder,Your loan payment is overdue. Please contact us today to avoid further action. Msg&data rates may apply. Reply STOP to unsubscribe.,,,0,105.0,90-119 DPD
MSGB100964,Agency B,BOR201183,SL100163,2022-11-03 09:00:00,Payment Reminder,Your loan payment is overdue. Please contact us today to avoid further action. Msg&data rates may apply. Reply STOP to unsubscribe.,when does interest stop accruing on this loan,2022-11-03 19:00:00,1,45.0,30-59 DPD
MSGB100540,Agency B,BOR200273,SL101995,2024-04-07 16:00:00,Payment Reminder,"Hi, this is a reminder that your student loan payment is past due. Call us or visit your account portal to make a payment. Reply STOP to opt out of text alerts.",,,0,15.0,1-29 DPD
MSGB100144,Agency B,BOR200596,SL102490,2023-06-08 15:00:00,Payment Reminder,"Hi, this is a reminder that your student loan payment is past due. Call us or visit your account portal to make a payment. Reply STOP to opt out of text alerts.",,,0,45.0,30-59 DPD
MSGB100576,Agency B,BOR200140,SL101836,2026-03-20 09:00:00,Payment Reminder,"Hi, this is a reminder that your student loan payment is past due. Call us or visit your account portal to make a payment. Reply STOP to opt out of text alerts.",,,0,15.0,1-29 DPD
MSGB100803,Agency B,BOR201047,SL100232,2024-06-05 08:00:00,Hardship Program Info,You may qualify for a temporary hardship repayment plan. Call us to discuss your options. Reply STOP to unsubscribe from texts.,,,0,105.0,90-119 DPD
MSGB101815,Agency B,BOR201476,SL100205,2025-12-16 15:00:00,Hardship Program Info,You may qualify for a temporary hardship repayment plan. Call us to discuss your options. Reply STOP to unsubscribe from texts.,,,0,15.0,1-29 DPD
MSGB100752,Agency B,BOR201244,SL101233,2024-12-22 15:00:00,Hardship Program Info,You may qualify for a temporary hardship repayment plan. Call us to discuss your options. Reply STOP to unsubscribe from texts.,,,0,15.0,1-29 DPD
MSGB100196,Agency B,BOR200463,SL101268,2024-12-04 14:00:00,Payment Reminder,Your loan payment is overdue. Please contact us today to avoid further action. Msg&data rates may apply. Reply STOP to unsubscribe.,,,0,45.0,30-59 DPD
MSGB100491,Agency B,BOR201965,SL101830,2024-12-04 11:00:00,Payment Reminder,Your loan payment is overdue. Please contact us today to avoid further action. Msg&data rates may apply. Reply STOP to unsubscribe.,,,0,45.0,30-59 DPD
MSGB100229,Agency B,BOR200026,SL102472,2026-06-15 08:00:00,Settlement Offer,You may be eligible for a reduced settlement on your account. Contact us to learn more before this offer expires. Reply STOP to opt out.,,,0,45.0,30-59 DPD
MSGB101121,Agency B,BOR201292,SL102416,2021-07-27 13:00:00,Payment Reminder,"Hi, this is a reminder that your student loan payment is past due. Call us or visit your account portal to make a payment. Reply STOP to opt out of text alerts.",,,0,15.0,1-29 DPD
MSGB100344,Agency B,BOR200851,SL101929,2025-04-18 15:00:00,Payment Reminder,"Hi, this is a reminder that your student loan payment is past due. Call us or visit your account portal to make a payment. Reply STOP to opt out of text alerts.",,,0,45.0,30-59 DPD
MSGB100365,Agency B,BOR200392,SL101651,2023-04-13 15:00:00,Settlement Offer,You may be eligible for a reduced settlement on your account. Contact us to learn more before this offer expires. Reply STOP to opt out.,,,0,15.0,1-29 DPD
MSGB100079,Agency B,BOR201767,SL100000,2026-04-03 14:00:00,Payment Reminder,"Hi, this is a reminder that your student loan payment is past due. Call us or visit your account portal to make a payment. Reply STOP to opt out of text alerts.",,,0,45.0,30-59 DPD
MSGB101249,Agency B,BOR201429,SL102193,2023-07-28 06:00:00,Payment Reminder,"Hi, this is a reminder that your student loan payment is past due. Call us or visit your account portal to make a payment. Reply STOP to opt out of text alerts.",,,0,15.0,1-29 DPD
MSGB100552,Agency B,BOR200575,SL100560,2026-07-18 05:00:00,Payment Reminder,"Hi, this is a reminder that your student loan payment is past due. Call us or visit your account portal to make a payment. Reply STOP to opt out of text alerts.",,,0,45.0,30-59 DPD
MSGB101605,Agency B,BOR201830,SL100299,2024-03-14 13:00:00,Payment Reminder,Your loan payment is overdue. Please contact us today to avoid further action. Msg&data rates may apply. Reply STOP to unsubscribe.,,,0,135.0,120-149 DPD
MSGB100317,Agency B,BOR200785,SL102070,2024-01-23 09:00:00,General Notice,Your account requires attention. Please contact our office at your earliest convenience. Reply STOP to stop these messages.,I stopped by the branch yesterday and paid already,2024-01-23 14:38:00,1,15.0,1-29 DPD
MSGB100918,Agency B,BOR201457,SL101691,2026-04-26 07:00:00,Hardship Program Info,You may qualify for a temporary hardship repayment plan. Call us to discuss your options. Reply STOP to unsubscribe from texts.,,,0,195.0,180+ DPD
MSGB100361,Agency B,BOR201338,SL100403,2023-12-15 06:00:00,Payment Reminder,"Hi, this is a reminder that your student loan payment is past due. Call us or visit your account portal to make a payment. Reply STOP to opt out of text alerts.",,,0,45.0,30-59 DPD
MSGB101423,Agency B,BOR201526,SL101049,2021-08-17 13:00:00,Payment Reminder,"Hi, this is a reminder that your student loan payment is past due. Call us or visit your account portal to make a payment. Reply STOP to opt out of text alerts.",,,0,105.0,90-119 DPD
MSGB101123,Agency B,BOR200739,SL101636,2026-02-23 10:00:00,Payment Reminder,Your loan payment is overdue. Please contact us today to avoid further action. Msg&data rates may apply. Reply STOP to unsubscribe.,,,0,45.0,30-59 DPD
MSGB100950,Agency B,BOR200142,SL101396,2026-02-10 05:00:00,General Notice,Your account requires attention. Please contact our office at your earliest convenience. Reply STOP to stop these messages.,,,0,15.0,1-29 DPD
MSGB101042,Agency B,BOR200750,SL100628,2021-12-23 05:00:00,Hardship Program Info,You may qualify for a temporary hardship repayment plan. Call us to discuss your options. Reply STOP to unsubscribe from texts.,,,0,105.0,90-119 DPD
MSGB100158,Agency B,BOR200596,SL102490,2023-04-13 15:00:00,Payment Reminder,"Hi, this is a reminder that your student loan payment is past due. Call us or visit your account portal to make a payment. Reply STOP to opt out of text alerts.",when does interest stop accruing on this loan,2023-04-13 16:37:00,1,15.0,1-29 DPD
MSGB100441,Agency B,BOR201332,SL101747,2025-12-27 12:00:00,Settlement Offer,You may be eligible for a reduced settlement on your account. Contact us to learn more before this offer expires. Reply STOP to opt out.,,,0,45.0,30-59 DPD
MSGB101129,Agency B,BOR202060,SL100639,2021-05-11 09:00:00,Hardship Program Info,You may qualify for a temporary hardship repayment plan. Call us to discuss your options. Reply STOP to unsubscribe from texts.,,,0,45.0,30-59 DPD
MSGB101478,Agency B,BOR200531,SL100217,2021-07-20 06:00:00,Payment Reminder,Your loan payment is overdue. Please contact us today to avoid further action. Msg&data rates may apply. Reply STOP to unsubscribe.,can you call me instead,2021-07-20 10:58:00,0,15.0,1-29 DPD
MSGB100209,Agency B,BOR200282,SL100373,2024-08-18 13:00:00,General Notice,Your account requires attention. Please contact our office at your earliest convenience. Reply STOP to stop these messages.,,,0,45.0,30-59 DPD
MSGB100617,Agency B,BOR201391,SL101026,2024-12-16 11:00:00,Payment Reminder,Your loan payment is overdue. Please contact us today to avoid further action. Msg&data rates may apply. Reply STOP to unsubscribe.,,,0,75.0,60-89 DPD
MSGB100701,Agency B,BOR200045,SL100554,2024-12-26 07:00:00,Payment Reminder,"Hi, this is a reminder that your student loan payment is past due. Call us or visit your account portal to make a payment. Reply STOP to opt out of text alerts.",,,0,15.0,1-29 DPD
MSGB101033,Agency B,BOR201152,SL101596,2026-01-14 07:00:00,General Notice,Your account requires attention. Please contact our office at your earliest convenience. Reply STOP to stop these messages.,,,0,15.0,1-29 DPD
MSGB101772,Agency B,BOR202254,SL102264,2025-12-16 10:00:00,Payment Reminder,"Hi, this is a reminder that your student loan payment is past due. Call us or visit your account portal to make a payment. Reply STOP to opt out of text alerts.",,,0,45.0,30-59 DPD
MSGB101700,Agency B,BOR202252,SL100724,2024-07-26 08:00:00,General Notice,Your account requires attention. Please contact our office at your earliest convenience. Reply STOP to stop these messages.,,,0,105.0,90-119 DPD
MSGB100159,Agency B,BOR201829,SL100188,2025-07-11 10:00:00,Payment Reminder,"Hi, this is a reminder that your student loan payment is past due. Call us or visit your account portal to make a payment. Reply STOP to opt out of text alerts.",,,0,15.0,1-29 DPD
MSGB100769,Agency B,BOR201452,SL100225,2023-08-28 11:00:00,Hardship Program Info,You may qualify for a temporary hardship repayment plan. Call us to discuss your options. Reply STOP to unsubscribe from texts.,,,0,45.0,30-59 DPD
MSGB100176,Agency B,BOR201260,SL100818,2026-01-19 08:00:00,Payment Reminder,Your loan payment is overdue. Please contact us today to avoid further action. Msg&data rates may apply. Reply STOP to unsubscribe.,,,0,15.0,1-29 DPD
MSGB101036,Agency B,BOR201446,SL101937,2021-10-27 06:00:00,Payment Reminder,"Hi, this is a reminder that your student loan payment is past due. Call us or visit your account portal to make a payment. Reply STOP to opt out of text alerts.",,,0,15.0,1-29 DPD
MSGB100863,Agency B,BOR202045,SL100056,2025-02-21 06:00:00,Hardship Program Info,You may qualify for a temporary hardship repayment plan. Call us to discuss your options. Reply STOP to unsubscribe from texts.,Stop - remove my number,2025-02-21 09:35:00,1,135.0,120-149 DPD
MSGB100027,Agency B,BOR200981,SL101642,2024-04-27 16:00:00,Settlement Offer,You may be eligible for a reduced settlement on your account. Contact us to learn more before this offer expires. Reply STOP to opt out.,,,0,105.0,90-119 DPD
MSGB100619,Agency B,BOR201830,SL100299,2024-05-18 15:00:00,Payment Reminder,"Hi, this is a reminder that your student loan payment is past due. Call us or visit your account portal to make a payment. Reply STOP to opt out of text alerts.",already paid this,2024-05-18 18:09:00,0,135.0,120-149 DPD
MSGB100855,Agency B,BOR201329,SL100726,2024-08-04 11:00:00,Settlement Offer,You may be eligible for a reduced settlement on your account. Contact us to learn more before this offer expires. Reply STOP to opt out.,,,0,45.0,30-59 DPD
MSGB100237,Agency B,BOR200463,SL101268,2024-11-04 11:00:00,Hardship Program Info,You may qualify for a temporary hardship repayment plan. Call us to discuss your options. Reply STOP to unsubscribe from texts.,,,0,15.0,1-29 DPD
MSGB101344,Agency B,BOR202147,SL101284,2023-04-06 07:00:00,Payment Reminder,"Hi, this is a reminder that your student loan payment is past due. Call us or visit your account portal to make a payment. Reply STOP to opt out of text alerts.",,,0,15.0,1-29 DPD
MSGB101667,Agency B,BOR201536,SL101727,2025-12-23 08:00:00,Payment Reminder,"Hi, this is a reminder that your student loan payment is past due. Call us or visit your account portal to make a payment. Reply STOP to opt out of text alerts.",,,0,135.0,120-149 DPD
MSGB100146,Agency B,BOR202135,SL101822,2025-02-13 05:00:00,General Notice,Your account requires attention. Please contact our office at your earliest convenience. Reply STOP to stop these messages.,,,0,105.0,90-119 DPD
MSGB101460,Agency B,BOR200418,SL102464,2025-03-17 09:00:00,General Notice,Your account requires attention. Please contact our office at your earliest convenience. Reply STOP to stop these messages.,wrong number,2025-03-17 18:53:00,0,165.0,150-179 DPD
MSGB101557,Agency B,BOR200463,SL101268,2023-03-07 14:00:00,Payment Reminder,"Hi, this is a reminder that your student loan payment is past due. Call us or visit your account portal to make a payment. Reply STOP to opt out of text alerts.",,,0,15.0,1-29 DPD
MSGB101572,Agency B,BOR201663,SL102065,2023-09-22 09:00:00,Payment Reminder,Your loan payment is overdue. Please contact us today to avoid further action. Msg&data rates may apply. Reply STOP to unsubscribe.,,,0,75.0,60-89 DPD
MSGB101337,Agency B,BOR201009,SL100382,2026-08-13 13:00:00,Payment Reminder,"Hi, this is a reminder that your student loan payment is past due. Call us or visit your account portal to make a payment. Reply STOP to opt out of text alerts.",k,2026-08-13 19:37:00,0,15.0,1-29 DPD
MSGB100084,Agency B,BOR200688,SL101888,2025-01-25 07:00:00,General Notice,Your account requires attention. Please contact our office at your earliest convenience. Reply STOP to stop these messages.,,,0,75.0,60-89 DPD
MSGB100318,Agency B,BOR200936,SL100116,2023-08-10 16:00:00,Settlement Offer,You may be eligible for a reduced settlement on your account. Contact us to learn more before this offer expires. Reply STOP to opt out.,,,0,45.0,30-59 DPD
MSGB101463,Agency B,BOR201922,SL101520,2026-04-16 11:00:00,Settlement Offer,You may be eligible for a reduced settlement on your account. Contact us to learn more before this offer expires. Reply STOP to opt out.,,,0,15.0,1-29 DPD
MSGB101741,Agency B,BOR200329,SL101470,2024-12-27 10:00:00,Payment Reminder,"Hi, this is a reminder that your student loan payment is past due. Call us or visit your account portal to make a payment. Reply STOP to opt out of text alerts.",,,0,45.0,30-59 DPD
MSGB100806,Agency B,BOR200113,SL102102,2024-03-10 12:00:00,Payment Reminder,"Hi, this is a reminder that your student loan payment is past due. Call us or visit your account portal to make a payment. Reply STOP to opt out of text alerts.",,,0,15.0,1-29 DPD
MSGB100785,Agency B,BOR201334,SL101834,2026-07-25 09:00:00,General Notice,Your account requires attention. Please contact our office at your earliest convenience. Reply STOP to stop these messages.,,,0,15.0,1-29 DPD
MSGB100786,Agency B,BOR201682,SL100600,2022-05-19 05:00:00,General Notice,Your account requires attention. Please contact our office at your earliest convenience. Reply STOP to stop these messages.,,,0,45.0,30-59 DPD
MSGB101112,Agency B,BOR202029,SL101496,2025-07-11 05:00:00,Payment Reminder,"Hi, this is a reminder that your student loan payment is past due. Call us or visit your account portal to make a payment. Reply STOP to opt out of text alerts.",,,0,15.0,1-29 DPD
MSGB100516,Agency B,BOR201397,SL100968,2023-09-17 09:00:00,General Notice,Your account requires attention. Please contact our office at your earliest convenience. Reply STOP to stop these messages.,,,0,105.0,90-119 DPD
MSGB100110,Agency B,BOR201830,SL100299,2024-07-07 12:00:00,Payment Reminder,Your loan payment is overdue. Please contact us today to avoid further action. Msg&data rates may apply. Reply STOP to unsubscribe.,,,0,135.0,120-149 DPD
MSGB100586,Agency B,BOR202303,SL100960,2022-10-14 10:00:00,Hardship Program Info,You may qualify for a temporary hardship repayment plan. Call us to discuss your options. Reply STOP to unsubscribe from texts.,who is this,2022-10-14 14:57:00,0,15.0,1-29 DPD
MSGB100711,Agency B,BOR200459,SL101838,2023-06-24 11:00:00,General Notice,Your account requires attention. Please contact our office at your earliest convenience. Reply STOP to stop these messages.,I already stopped autopay is that why im getting these,2023-06-24 12:44:00,1,105.0,90-119 DPD
MSGB101073,Agency B,BOR200157,SL100688,2024-04-12 11:00:00,Payment Reminder,Your loan payment is overdue. Please contact us today to avoid further action. Msg&data rates may apply. Reply STOP to unsubscribe.,,,0,75.0,60-89 DPD
MSGB101629,Agency B,BOR201058,SL101652,2026-03-20 07:00:00,General Notice,Your account requires attention. Please contact our office at your earliest convenience. Reply STOP to stop these messages.,,,0,15.0,1-29 DPD
MSGB101165,Agency B,BOR201952,SL102231,2021-08-08 13:00:00,Payment Reminder,"Hi, this is a reminder that your student loan payment is past due. Call us or visit your account portal to make a payment. Reply STOP to opt out of text alerts.",,,0,15.0,1-29 DPD
MSGB100852,Agency B,BOR200527,SL100589,2022-03-26 13:00:00,Payment Reminder,"Hi, this is a reminder that your student loan payment is past due. Call us or visit your account portal to make a payment. Reply STOP to opt out of text alerts.",,,0,45.0,30-59 DPD
MSGB100767,Agency B,BOR200280,SL102223,2024-08-17 15:00:00,General Notice,Your account requires attention. Please contact our office at your earliest convenience. Reply STOP to stop these messages.,,,0,15.0,1-29 DPD
MSGB101525,Agency B,BOR200056,SL101455,2022-08-27 13:00:00,Payment Reminder,Your loan payment is overdue. Please contact us today to avoid further action. Msg&data rates may apply. Reply STOP to unsubscribe.,,,0,15.0,1-29 DPD
MSGB101283,Agency B,BOR201267,SL100869,2024-11-08 11:00:00,General Notice,Your account requires attention. Please contact our office at your earliest convenience. Reply STOP to stop these messages.,,,0,45.0,30-59 DPD
MSGB101016,Agency B,BOR200507,SL100208,2025-11-08 14:00:00,Payment Reminder,"Hi, this is a reminder that your student loan payment is past due. Call us or visit your account portal to make a payment. Reply STOP to opt out of text alerts.",,,0,45.0,30-59 DPD
MSGB100405,Agency B,BOR200739,SL101636,2026-06-16 16:00:00,General Notice,Your account requires attention. Please contact our office at your earliest convenience. Reply STOP to stop these messages.,,,0,75.0,60-89 DPD
MSGB100385,Agency B,BOR202300,SL102269,2025-03-10 09:00:00,Payment Reminder,Your loan payment is overdue. Please contact us today to avoid further action. Msg&data rates may apply. Reply STOP to unsubscribe.,,,0,15.0,1-29 DPD
MSGB100134,Agency B,BOR200211,SL100107,2026-05-27 11:00:00,Payment Reminder,Your loan payment is overdue. Please contact us today to avoid further action. Msg&data rates may apply. Reply STOP to unsubscribe.,,,0,15.0,1-29 DPD
MSGB100651,Agency B,BOR200056,SL100948,2023-02-11 14:00:00,General Notice,Your account requires attention. Please contact our office at your earliest convenience. Reply STOP to stop these messages.,,,0,105.0,90-119 DPD
MSGB101440,Agency B,BOR201514,SL100670,2024-05-16 09:00:00,Payment Reminder,"Hi, this is a reminder that your student loan payment is past due. Call us or visit your account portal to make a payment. Reply STOP to opt out of text alerts.",,,0,105.0,90-119 DPD
MSGB100062,Agency B,BOR201334,SL101834,2026-08-19 09:00:00,Payment Reminder,"Hi, this is a reminder that your student loan payment is past due. Call us or visit your account portal to make a payment. Reply STOP to opt out of text alerts.",,,0,15.0,1-29 DPD
MSGB101144,Agency B,BOR200836,SL102211,2021-10-04 06:00:00,Settlement Offer,You may be eligible for a reduced settlement on your account. Contact us to learn more before this offer expires. Reply STOP to opt out.,ok will pay soon,2021-10-04 08:56:00,0,15.0,1-29 DPD
MSGB101336,Agency B,BOR200813,SL101212,2025-02-06 10:00:00,Payment Reminder,Your loan payment is overdue. Please contact us today to avoid further action. Msg&data rates may apply. Reply STOP to unsubscribe.,,,0,45.0,30-59 DPD
MSGB100517,AGENCY_B,BOR202286,SL102165,2021-06-22 12:00:00,Payment Reminder,"Hi, this is a reminder that your student loan payment is past due. Call us or visit your account portal to make a payment. Reply STOP to opt out of text alerts.",,,0,45.0,30-59 DPD
MSGB101198,Agency B,BOR201505,SL101053,2022-11-26 14:00:00,Payment Reminder,"Hi, this is a reminder that your student loan payment is past due. Call us or visit your account portal to make a payment. Reply STOP to opt out of text alerts.",,,0,105.0,90-119 DPD
MSGB101509,Agency B,BOR201239,SL102186,2024-02-21 12:00:00,Payment Reminder,"Hi, this is a reminder that your student loan payment is past due. Call us or visit your account portal to make a payment. Reply STOP to opt out of text alerts.",,,0,45.0,30-59 DPD
MSGB101881,Agency B,BOR202191,SL101698,2022-09-20 12:00:00,Settlement Offer,You may be eligible for a reduced settlement on your account. Contact us to learn more before this offer expires. Reply STOP to opt out.,,,0,135.0,120-149 DPD
MSGB100839,Agency B,BOR202252,SL100724,2024-05-13 11:00:00,Payment Reminder,"Hi, this is a reminder that your student loan payment is past due. Call us or visit your account portal to make a payment. Reply STOP to opt out of text alerts.",he stopped answering his phone so im calling on his behalf,2024-05-13 18:09:00,1,105.0,90-119 DPD
MSGB101305,Agency B,BOR200866,SL101044,2024-11-23 12:00:00,Settlement Offer,You may be eligible for a reduced settlement on your account. Contact us to learn more before this offer expires. Reply STOP to opt out.,I already stopped autopay is that why im getting these,2024-11-23 19:03:00,1,15.0,1-29 DPD
MSGB100484,Agency B,BOR200822,SL101094,2022-01-19 13:00:00,Payment Reminder,Your loan payment is overdue. Please contact us today to avoid further action. Msg&data rates may apply. Reply STOP to unsubscribe.,,,0,15.0,1-29 DPD
MSGB101140,Agency B,BOR201369,SL101887,2022-01-04 06:00:00,Hardship Program Info,You may qualify for a temporary hardship repayment plan. Call us to discuss your options. Reply STOP to unsubscribe from texts.,,,0,105.0,90-119 DPD
MSGB101533,Agency B,BOR201173,SL100917,2024-12-07 08:00:00,Payment Reminder,Your loan payment is overdue. Please contact us today to avoid further action. Msg&data rates may apply. Reply STOP to unsubscribe.,,,0,75.0,60-89 DPD
MSGB101235,AGENCY_B,BOR201983,SL100616,2023-05-24 07:00:00,Payment Reminder,Your loan payment is overdue. Please contact us today to avoid further action. Msg&data rates may apply. Reply STOP to unsubscribe.,,,0,15.0,1-29 DPD
MSGB101840,Agency B,BOR200769,SL100343,2025-07-04 09:00:00,Hardship Program Info,You may qualify for a temporary hardship repayment plan. Call us to discuss your options. Reply STOP to unsubscribe from texts.,,,0,15.0,1-29 DPD
MSGB101612,Agency B,BOR201733,SL102329,2025-06-17 15:00:00,Payment Reminder,"Hi, this is a reminder that your student loan payment is past due. Call us or visit your account portal to make a payment. Reply STOP to opt out of text alerts.",,,0,15.0,1-29 DPD
MSGB101030,AGENCY_B,BOR201435,SL100008,2023-08-22 07:00:00,Payment Reminder,"Hi, this is a reminder that your student loan payment is past due. Call us or visit your account portal to make a payment. Reply STOP to opt out of text alerts.",,,0,15.0,1-29 DPD
MSGB100045,Agency B,BOR200290,SL102341,2024-10-05 06:00:00,Settlement Offer,You may be eligible for a reduced settlement on your account. Contact us to learn more before this offer expires. Reply STOP to opt out.,  k   ,2024-10-05 15:45:00,0,75.0,60-89 DPD
MSGB101311,Agency B,BOR200031,SL101347,2022-11-17 14:00:00,Settlement Offer,You may be eligible for a reduced settlement on your account. Contact us to learn more before this offer expires. Reply STOP to opt out.,my payment stopped going through last month can you check,2022-11-17 19:14:00,1,45.0,30-59 DPD
MSGB101699,Agency B,BOR200459,SL101838,2024-04-24 09:00:00,Payment Reminder,Your loan payment is overdue. Please contact us today to avoid further action. Msg&data rates may apply. Reply STOP to unsubscribe.,not stopping til this is paid off lol,2024-04-24 18:05:00,1,195.0,180+ DPD
MSGB100526,Agency B,BOR200960,SL100749,2026-06-07 12:00:00,Payment Reminder,"Hi, this is a reminder that your student loan payment is past due. Call us or visit your account portal to make a payment. Reply STOP to opt out of text alerts.",,,0,135.0,120-149 DPD
MSGB101817,Agency B,BOR201939,SL100797,2026-08-21 12:00:00,Hardship Program Info,You may qualify for a temporary hardship repayment plan. Call us to discuss your options. Reply STOP to unsubscribe from texts.,,,0,45.0,30-59 DPD
MSGB100242,Agency B,BOR201572,SL100082,2023-04-15 10:00:00,Hardship Program Info,You may qualify for a temporary hardship repayment plan. Call us to discuss your options. Reply STOP to unsubscribe from texts.,,,0,75.0,60-89 DPD
MSGB100389,Agency B,BOR200581,SL100988,2025-12-19 15:00:00,Hardship Program Info,You may qualify for a temporary hardship repayment plan. Call us to discuss your options. Reply STOP to unsubscribe from texts.,,,0,15.0,1-29 DPD
MSGB101764,Agency B,BOR202140,SL101117,2021-10-07 10:00:00,Payment Reminder,"Hi, this is a reminder that your student loan payment is past due. Call us or visit your account portal to make a payment. Reply STOP to opt out of text alerts.",,,0,15.0,1-29 DPD
MSGB101695,Agency B,BOR200981,SL101642,2022-02-13 09:00:00,General Notice,Your account requires attention. Please contact our office at your earliest convenience. Reply STOP to stop these messages.,,,0,45.0,30-59 DPD
MSGB100106,Agency B,BOR200109,SL101599,2024-07-24 06:00:00,Settlement Offer,You may be eligible for a reduced settlement on your account. Contact us to learn more before this offer expires. Reply STOP to opt out.,,,0,165.0,150-179 DPD
MSGB100470,Agency B,BOR200872,SL100806,2026-01-27 09:00:00,Payment Reminder,Your loan payment is overdue. Please contact us today to avoid further action. Msg&data rates may apply. Reply STOP to unsubscribe.,,,0,75.0,60-89 DPD
MSGB101202,Agency B,BOR201718,SL102477,2023-01-16 15:00:00,Hardship Program Info,You may qualify for a temporary hardship repayment plan. Call us to discuss your options. Reply STOP to unsubscribe from texts.,,,0,45.0,30-59 DPD
MSGB100582,Agency B,BOR202184,SL101118,2024-03-22 09:00:00,Payment Reminder,"Hi, this is a reminder that your student loan payment is past due. Call us or visit your account portal to make a payment. Reply STOP to opt out of text alerts.",,,0,45.0,30-59 DPD
MSGB100456,Agency B,BOR200580,SL100341,2025-06-06 12:00:00,Payment Reminder,Your loan payment is overdue. Please contact us today to avoid further action. Msg&data rates may apply. Reply STOP to unsubscribe.,,,0,105.0,90-119 DPD
MSGB100731,Agency B,BOR201362,SL100244,2025-03-07 14:00:00,General Notice,Your account requires attention. Please contact our office at your earliest convenience. Reply STOP to stop these messages.,,,0,15.0,1-29 DPD
MSGB100745,Agency B,BOR201444,SL100601,2023-08-24 13:00:00,Payment Reminder,Your loan payment is overdue. Please contact us today to avoid further action. Msg&data rates may apply. Reply STOP to unsubscribe.,,,0,15.0,1-29 DPD
MSGB101365,Agency B,BOR200502,SL101733,2024-10-08 09:00:00,Hardship Program Info,You may qualify for a temporary hardship repayment plan. Call us to discuss your options. Reply STOP to unsubscribe from texts.,,,0,15.0,1-29 DPD
MSGB100570,Agency B,BOR201547,SL100120,2024-11-25 05:00:00,Payment Reminder,Your loan payment is overdue. Please contact us today to avoid further action. Msg&data rates may apply. Reply STOP to unsubscribe.,,,0,15.0,1-29 DPD
MSGB101637,Agency B,BOR200290,SL102341,2024-09-03 15:00:00,Payment Reminder,"Hi, this is a reminder that your student loan payment is past due. Call us or visit your account portal to make a payment. Reply STOP to opt out of text alerts.",,,0,45.0,30-59 DPD
MSGB100091,Agency B,BOR201397,SL100968,2023-06-27 13:00:00,Payment Reminder,Your loan payment is overdue. Please contact us today to avoid further action. Msg&data rates may apply. Reply STOP to unsubscribe.,,,0,105.0,90-119 DPD
MSGB101481,Agency B,BOR202021,SL102390,2025-02-16 05:00:00,Hardship Program Info,You may qualify for a temporary hardship repayment plan. Call us to discuss your options. Reply STOP to unsubscribe from texts.,,,0,45.0,30-59 DPD
MSGB101314,Agency B,BOR200839,SL101345,2023-04-18 15:00:00,General Notice,Your account requires attention. Please contact our office at your earliest convenience. Reply STOP to stop these messages.,,,0,15.0,1-29 DPD
MSGB101066,Agency B,BOR201243,SL101810,2023-03-05 14:00:00,General Notice,Your account requires attention. Please contact our office at your earliest convenience. Reply STOP to stop these messages.,,,0,15.0,1-29 DPD
MSGB101234,Agency B,BOR202254,SL102264,2026-06-12 06:00:00,General Notice,Your account requires attention. Please contact our office at your earliest convenience. Reply STOP to stop these messages.,,,0,75.0,60-89 DPD
MSGB101154,Agency B,BOR201269,SL101293,2023-06-04 13:00:00,General Notice,Your account requires attention. Please contact our office at your earliest convenience. Reply STOP to stop these messages.,,,0,15.0,1-29 DPD
MSGB101626,Agency B,BOR200562,SL101955,2026-05-14 15:00:00,Payment Reminder,"Hi, this is a reminder that your student loan payment is past due. Call us or visit your account portal to make a payment. Reply STOP to opt out of text alerts.",,,0,15.0,1-29 DPD
MSGB100464,Agency B,BOR202080,SL102226,2021-10-28 07:00:00,General Notice,Your account requires attention. Please contact our office at your earliest convenience. Reply STOP to stop these messages.,,,0,15.0,1-29 DPD
MSGB101402,Agency B,BOR201498,SL100595,2026-01-23 09:00:00,Settlement Offer,You may be eligible for a reduced settlement on your account. Contact us to learn more before this offer expires. Reply STOP to opt out.,,,0,105.0,90-119 DPD
MSGB101609,Agency B,BOR200710,SL100671,2024-10-12 15:00:00,Payment Reminder,Your loan payment is overdue. Please contact us today to avoid further action. Msg&data rates may apply. Reply STOP to unsubscribe.,,,0,75.0,60-89 DPD
MSGB101778,Agency B,BOR200123,SL101574,2026-08-24 05:00:00,Payment Reminder,"Hi, this is a reminder that your student loan payment is past due. Call us or visit your account portal to make a payment. Reply STOP to opt out of text alerts.",,,0,45.0,30-59 DPD
MSGB101105,Agency B,BOR201026,SL100067,2025-06-05 11:00:00,General Notice,Your account requires attention. Please contact our office at your earliest convenience. Reply STOP to stop these messages.,,,0,45.0,30-59 DPD
MSGB100378,Agency B,BOR201452,SL100225,2024-04-07 16:00:00,Hardship Program Info,You may qualify for a temporary hardship repayment plan. Call us to discuss your options. Reply STOP to unsubscribe from texts.,,,0,75.0,60-89 DPD
MSGB100085,Agency B,BOR201903,SL101743,2026-07-07 10:00:00,Payment Reminder,"Hi, this is a reminder that your student loan payment is past due. Call us or visit your account portal to make a payment. Reply STOP to opt out of text alerts.",,,0,15.0,1-29 DPD
MSGB101758,Agency B,BOR202191,SL101698,2022-08-18 15:00:00,Hardship Program Info,You may qualify for a temporary hardship repayment plan. Call us to discuss your options. Reply STOP to unsubscribe from texts.,,,0,135.0,120-149 DPD
MSGB101851,Agency B,BOR200610,SL102152,2024-10-20 10:00:00,Payment Reminder,Your loan payment is overdue. Please contact us today to avoid further action. Msg&data rates may apply. Reply STOP to unsubscribe.,,,0,135.0,120-149 DPD
MSGB100849,Agency B,BOR201026,SL100067,2025-11-04 06:00:00,Payment Reminder,Your loan payment is overdue. Please contact us today to avoid further action. Msg&data rates may apply. Reply STOP to unsubscribe.,,,0,135.0,120-149 DPD
MSGB101535,Agency B,BOR201997,SL101430,2026-06-12 14:00:00,Settlement Offer,You may be eligible for a reduced settlement on your account. Contact us to learn more before this offer expires. Reply STOP to opt out.,,,0,75.0,60-89 DPD
MSGB100328,Agency B,BOR201246,SL101427,2024-09-11 15:00:00,Payment Reminder,Your loan payment is overdue. Please contact us today to avoid further action. Msg&data rates may apply. Reply STOP to unsubscribe.,,,0,45.0,30-59 DPD
MSGB101331,Agency B,BOR201482,SL102394,2022-04-03 11:00:00,Payment Reminder,"Hi, this is a reminder that your student loan payment is past due. Call us or visit your account portal to make a payment. Reply STOP to opt out of text alerts.",,,0,45.0,30-59 DPD
MSGB100534,Agency B,BOR202184,SL101118,2024-10-12 13:00:00,Payment Reminder,Your loan payment is overdue. Please contact us today to avoid further action. Msg&data rates may apply. Reply STOP to unsubscribe.,,,0,165.0,150-179 DPD
MSGB101519,Agency B,BOR201475,SL101187,2026-04-07 11:00:00,General Notice,Your account requires attention. Please contact our office at your earliest convenience. Reply STOP to stop these messages.,,,0,15.0,1-29 DPD
MSGB101026,Agency B,BOR201544,SL101832,2022-02-09 08:00:00,Payment Reminder,Your loan payment is overdue. Please contact us today to avoid further action. Msg&data rates may apply. Reply STOP to unsubscribe.,,,0,45.0,30-59 DPD
MSGB101239,Agency B,BOR201778,SL101661,2024-07-20 05:00:00,Payment Reminder,"Hi, this is a reminder that your student loan payment is past due. Call us or visit your account portal to make a payment. Reply STOP to opt out of text alerts.",,,0,15.0,1-29 DPD
MSGB100738,Agency B,BOR202313,SL100772,2024-07-04 05:00:00,Payment Reminder,Your loan payment is overdue. Please contact us today to avoid further action. Msg&data rates may apply. Reply STOP to unsubscribe.,,,0,15.0,1-29 DPD
MSGB101441,Agency B,BOR200327,SL100480,2024-12-25 14:00:00,Payment Reminder,Your loan payment is overdue. Please contact us today to avoid further action. Msg&data rates may apply. Reply STOP to unsubscribe.,,,0,15.0,1-29 DPD
MSGB100655,Agency B,BOR201815,SL102265,2025-07-15 13:00:00,Payment Reminder,Your loan payment is overdue. Please contact us today to avoid further action. Msg&data rates may apply. Reply STOP to unsubscribe.,,,0,45.0,30-59 DPD
MSGB100776,Agency B,BOR200297,SL102202,2025-02-25 13:00:00,Settlement Offer,You may be eligible for a reduced settlement on your account. Contact us to learn more before this offer expires. Reply STOP to opt out.,,,0,45.0,30-59 DPD
MSGB101285,Agency B,BOR202120,SL100771,2023-04-07 16:00:00,Settlement Offer,You may be eligible for a reduced settlement on your account. Contact us to learn more before this offer expires. Reply STOP to opt out.,wrong number,2023-04-07 17:10:00,0,15.0,1-29 DPD
MSGB100677,Agency B,BOR200942,SL102312,2024-03-17 12:00:00,Settlement Offer,You may be eligible for a reduced settlement on your account. Contact us to learn more before this offer expires. Reply STOP to opt out.,,,0,15.0,1-29 DPD
MSGB100315,Agency B,BOR201526,SL101049,2021-07-23 10:00:00,Payment Reminder,Your loan payment is overdue. Please contact us today to avoid further action. Msg&data rates may apply. Reply STOP to unsubscribe.,,,0,105.0,90-119 DPD
MSGB100637,Agency B,BOR200872,SL100806,2026-02-23 06:00:00,Settlement Offer,You may be eligible for a reduced settlement on your account. Contact us to learn more before this offer expires. Reply STOP to opt out.,,,0,75.0,60-89 DPD
MSGB100036,Agency B,BOR201244,SL102063,2026-08-06 14:00:00,General Notice,Your account requires attention. Please contact our office at your earliest convenience. Reply STOP to stop these messages.,,,0,15.0,1-29 DPD
MSGB100388,Agency B,BOR201742,SL101133,2024-06-06 14:00:00,General Notice,Your account requires attention. Please contact our office at your earliest convenience. Reply STOP to stop these messages.,,,0,15.0,1-29 DPD
MSGB101648,Agency B,BOR201830,SL100299,2025-11-05 08:00:00,Payment Reminder,"Hi, this is a reminder that your student loan payment is past due. Call us or visit your account portal to make a payment. Reply STOP to opt out of text alerts.",,,0,15.0,1-29 DPD
MSGB101692,Agency B,BOR201456,SL101092,2021-07-12 13:00:00,Settlement Offer,You may be eligible for a reduced settlement on your account. Contact us to learn more before this offer expires. Reply STOP to opt out.,,,0,15.0,1-29 DPD
MSGB100053,Agency B,BOR201841,SL101227,2022-11-07 08:00:00,Payment Reminder,Your loan payment is overdue. Please contact us today to avoid further action. Msg&data rates may apply. Reply STOP to unsubscribe.,,,0,15.0,1-29 DPD
MSGB101056,Agency B,BOR202148,SL102060,2025-12-13 05:00:00,Settlement Offer,You may be eligible for a reduced settlement on your account. Contact us to learn more before this offer expires. Reply STOP to opt out.,,,0,15.0,1-29 DPD
MSGB100801,Agency B,BOR201238,SL100102,2026-08-09 09:00:00,General Notice,Your account requires attention. Please contact our office at your earliest convenience. Reply STOP to stop these messages.,,,0,45.0,30-59 DPD
MSGB100015,Agency B,BOR201372,SL102050,2023-10-26 12:00:00,General Notice,Your account requires attention. Please contact our office at your earliest convenience. Reply STOP to stop these messages.,,,0,75.0,60-89 DPD
MSGB100719,Agency B,BOR200714,SL100298,2024-09-13 10:00:00,Hardship Program Info,You may qualify for a temporary hardship repayment plan. Call us to discuss your options. Reply STOP to unsubscribe from texts.,,,0,75.0,60-89 DPD
MSGB101219,AGENCY_B,BOR200704,SL101673,2026-07-06 10:00:00,General Notice,Your account requires attention. Please contact our office at your earliest convenience. Reply STOP to stop these messages.,,,0,15.0,1-29 DPD
MSGB100436,Agency B,BOR201609,SL100113,2026-06-10 06:00:00,Payment Reminder,"Hi, this is a reminder that your student loan payment is past due. Call us or visit your account portal to make a payment. Reply STOP to opt out of text alerts.",,,0,15.0,1-29 DPD
MSGB101832,Agency B,BOR200775,SL100171,2025-06-22 16:00:00,General Notice,Your account requires attention. Please contact our office at your earliest convenience. Reply STOP to stop these messages.,,,0,45.0,30-59 DPD
MSGB100970,Agency B,BOR201176,SL100396,2022-09-11 06:00:00,Payment Reminder,Your loan payment is overdue. Please contact us today to avoid further action. Msg&data rates may apply. Reply STOP to unsubscribe.,,,0,15.0,1-29 DPD
MSGB101812,Agency B,BOR201201,SL100882,2023-02-17 06:00:00,Payment Reminder,"Hi, this is a reminder that your student loan payment is past due. Call us or visit your account portal to make a payment. Reply STOP to opt out of text alerts.",,,0,15.0,1-29 DPD
MSGB100208,Agency B,BOR200808,SL101208,2023-01-04 13:00:00,General Notice,Your account requires attention. Please contact our office at your earliest convenience. Reply STOP to stop these messages.,,,0,105.0,90-119 DPD
MSGB100649,Agency B,BOR201385,SL100242,2023-12-28 07:00:00,Hardship Program Info,You may qualify for a temporary hardship repayment plan. Call us to discuss your options. Reply STOP to unsubscribe from texts.,,,0,45.0,30-59 DPD
MSGB100997,Agency B,BOR202319,SL100532,2023-08-15 12:00:00,General Notice,Your account requires attention. Please contact our office at your earliest convenience. Reply STOP to stop these messages.,,,0,45.0,30-59 DPD
MSGB101793,Agency B,BOR200623,SL101182,2026-07-27 08:00:00,Payment Reminder,Your loan payment is overdue. Please contact us today to avoid further action. Msg&data rates may apply. Reply STOP to unsubscribe.,,,0,45.0,30-59 DPD
MSGB100210,Agency B,BOR202045,SL100056,2021-11-12 05:00:00,General Notice,Your account requires attention. Please contact our office at your earliest convenience. Reply STOP to stop these messages.,,,0,75.0,60-89 DPD
MSGB100904,Agency B,BOR200075,SL101461,2026-05-08 08:00:00,General Notice,Your account requires attention. Please contact our office at your earliest convenience. Reply STOP to stop these messages.,,,0,15.0,1-29 DPD
MSGB100804,Agency B,BOR201457,SL101691,2024-12-10 10:00:00,Payment Reminder,Your loan payment is overdue. Please contact us today to avoid further action. Msg&data rates may apply. Reply STOP to unsubscribe.,,,0,105.0,90-119 DPD
MSGB101794,Agency B,BOR200385,SL100999,2024-11-07 15:00:00,Hardship Program Info,You may qualify for a temporary hardship repayment plan. Call us to discuss your options. Reply STOP to unsubscribe from texts.,,,0,15.0,1-29 DPD
MSGB100271,Agency B,BOR202031,SL100443,2025-06-23 11:00:00,Payment Reminder,Your loan payment is overdue. Please contact us today to avoid further action. Msg&data rates may apply. Reply STOP to unsubscribe.,yes,2025-06-23 12:25:00,0,45.0,30-59 DPD
MSGB101417,Agency B,BOR200406,SL101877,2025-04-06 13:00:00,Settlement Offer,You may be eligible for a reduced settlement on your account. Contact us to learn more before this offer expires. Reply STOP to opt out.,,,0,15.0,1-29 DPD
MSGB101447,Agency B,BOR200418,SL102464,2026-01-19 09:00:00,Settlement Offer,You may be eligible for a reduced settlement on your account. Contact us to learn more before this offer expires. Reply STOP to opt out.,,,0,195.0,180+ DPD
MSGB101312,Agency B,BOR202254,SL102264,2022-11-05 13:00:00,Payment Reminder,Your loan payment is overdue. Please contact us today to avoid further action. Msg&data rates may apply. Reply STOP to unsubscribe.,,,0,135.0,120-149 DPD
MSGB101243,Agency B,BOR201696,SL101477,2025-05-07 14:00:00,Payment Reminder,"Hi, this is a reminder that your student loan payment is past due. Call us or visit your account portal to make a payment. Reply STOP to opt out of text alerts.",,,0,105.0,90-119 DPD
MSGB101455,Agency B,BOR201369,SL101887,2021-10-15 13:00:00,Settlement Offer,You may be eligible for a reduced settlement on your account. Contact us to learn more before this offer expires. Reply STOP to opt out.,,,0,45.0,30-59 DPD
MSGB100625,Agency B,BOR200132,SL100931,2025-11-24 07:00:00,Settlement Offer,You may be eligible for a reduced settlement on your account. Contact us to learn more before this offer expires. Reply STOP to opt out.,,,0,135.0,120-149 DPD
MSGB100834,Agency B,BOR200719,SL100599,2026-02-14 06:00:00,Payment Reminder,Your loan payment is overdue. Please contact us today to avoid further action. Msg&data rates may apply. Reply STOP to unsubscribe.,,,0,15.0,1-29 DPD
MSGB100325,Agency B,BOR200132,SL100931,2025-10-12 07:00:00,Payment Reminder,"Hi, this is a reminder that your student loan payment is past due. Call us or visit your account portal to make a payment. Reply STOP to opt out of text alerts.",,,0,105.0,90-119 DPD
MSGB100766,Agency B,BOR200581,SL100376,2022-05-12 08:00:00,Payment Reminder,Your loan payment is overdue. Please contact us today to avoid further action. Msg&data rates may apply. Reply STOP to unsubscribe.,,,0,45.0,30-59 DPD
MSGB100381,Agency B,BOR200662,SL101456,2025-08-16 07:00:00,Payment Reminder,Your loan payment is overdue. Please contact us today to avoid further action. Msg&data rates may apply. Reply STOP to unsubscribe.,,,0,45.0,30-59 DPD
MSGB101320,Agency B,BOR200682,SL101474,2026-06-22 08:00:00,Payment Reminder,"Hi, this is a reminder that your student loan payment is past due. Call us or visit your account portal to make a payment. Reply STOP to opt out of text alerts.",,,0,135.0,120-149 DPD
MSGB100293,Agency B,BOR201098,SL101205,2026-07-23 10:00:00,Hardship Program Info,You may qualify for a temporary hardship repayment plan. Call us to discuss your options. Reply STOP to unsubscribe from texts.,,,0,45.0,30-59 DPD
MSGB100922,Agency B,BOR202254,SL102264,2026-08-27 06:00:00,General Notice,Your account requires attention. Please contact our office at your earliest convenience. Reply STOP to stop these messages.,,,0,75.0,60-89 DPD
MSGB101240,Agency B,BOR200700,SL102429,2022-12-25 13:00:00,Payment Reminder,"Hi, this is a reminder that your student loan payment is past due. Call us or visit your account portal to make a payment. Reply STOP to opt out of text alerts.",,,0,15.0,1-29 DPD
MSGB100415,Agency B,BOR201400,SL100442,2024-05-17 05:00:00,General Notice,Your account requires attention. Please contact our office at your earliest convenience. Reply STOP to stop these messages.,,,0,15.0,1-29 DPD
MSGB101223,Agency B,BOR201505,SL101053,2022-10-08 08:00:00,Payment Reminder,Your loan payment is overdue. Please contact us today to avoid further action. Msg&data rates may apply. Reply STOP to unsubscribe.,,,0,105.0,90-119 DPD
MSGB100795,Agency B,BOR200173,SL100434,2023-10-19 06:00:00,Settlement Offer,You may be eligible for a reduced settlement on your account. Contact us to learn more before this offer expires. Reply STOP to opt out.,,,0,15.0,1-29 DPD
MSGB100482,Agency B,BOR201031,SL101103,2025-09-08 05:00:00,Settlement Offer,You may be eligible for a reduced settlement on your account. Contact us to learn more before this offer expires. Reply STOP to opt out.,,,0,15.0,1-29 DPD
MSGB101872,Agency B,BOR200590,SL101548,2025-09-12 10:00:00,Settlement Offer,You may be eligible for a reduced settlement on your account. Contact us to learn more before this offer expires. Reply STOP to opt out.,,,0,105.0,90-119 DPD
MSGB101343,Agency B,BOR201861,SL100409,2024-12-16 07:00:00,Payment Reminder,Your loan payment is overdue. Please contact us today to avoid further action. Msg&data rates may apply. Reply STOP to unsubscribe.,nonstop calls today about this smh,2024-12-16 13:26:00,1,15.0,1-29 DPD
MSGB101505,Agency B,BOR201130,SL101560,2024-05-11 12:00:00,Payment Reminder,Your loan payment is overdue. Please contact us today to avoid further action. Msg&data rates may apply. Reply STOP to unsubscribe.,,,0,135.0,120-149 DPD
MSGB101721,Agency B,BOR202153,SL101942,2024-12-18 07:00:00,Payment Reminder,"Hi, this is a reminder that your student loan payment is past due. Call us or visit your account portal to make a payment. Reply STOP to opt out of text alerts.",,,0,15.0,1-29 DPD
MSGB101091,Agency B,BOR200059,SL101890,2024-12-08 14:00:00,Payment Reminder,"Hi, this is a reminder that your student loan payment is past due. Call us or visit your account portal to make a payment. Reply STOP to opt out of text alerts.",,,0,15.0,1-29 DPD
MSGB101622,Agency B,BOR200156,SL102097,2024-07-22 10:00:00,Settlement Offer,You may be eligible for a reduced settlement on your account. Contact us to learn more before this offer expires. Reply STOP to opt out.,,,0,15.0,1-29 DPD
MSGB100270,Agency B,BOR201199,SL101081,2025-04-11 12:00:00,Payment Reminder,"Hi, this is a reminder that your student loan payment is past due. Call us or visit your account portal to make a payment. Reply STOP to opt out of text alerts.",,,0,75.0,60-89 DPD
MSGB100017,Agency B,BOR201918,SL101285,2025-05-16 06:00:00,Payment Reminder,"Hi, this is a reminder that your student loan payment is past due. Call us or visit your account portal to make a payment. Reply STOP to opt out of text alerts.",,,0,105.0,90-119 DPD
MSGB100123,Agency B,BOR200110,SL100222,2024-08-13 09:00:00,General Notice,Your account requires attention. Please contact our office at your earliest convenience. Reply STOP to stop these messages.,,,0,45.0,30-59 DPD
MSGB100489,Agency B,BOR201981,SL100481,2025-09-23 11:00:00,Hardship Program Info,You may qualify for a temporary hardship repayment plan. Call us to discuss your options. Reply STOP to unsubscribe from texts.,,,0,45.0,30-59 DPD
MSGB101150,Agency B,BOR200150,SL101089,2025-12-16 12:00:00,Settlement Offer,You may be eligible for a reduced settlement on your account. Contact us to learn more before this offer expires. Reply STOP to opt out.,,,0,105.0,90-119 DPD
MSGB100197,Agency B,BOR201175,SL102062,2025-07-08 05:00:00,Payment Reminder,"Hi, this is a reminder that your student loan payment is past due. Call us or visit your account portal to make a payment. Reply STOP to opt out of text alerts.",,,0,45.0,30-59 DPD
MSGB101248,Agency B,BOR201886,SL101132,2026-07-20 15:00:00,General Notice,Your account requires attention. Please contact our office at your earliest convenience. Reply STOP to stop these messages.,,,0,15.0,1-29 DPD
MSGB100414,Agency B,BOR201589,SL100400,2024-12-28 08:00:00,Payment Reminder,"Hi, this is a reminder that your student loan payment is past due. Call us or visit your account portal to make a payment. Reply STOP to opt out of text alerts.",,,0,15.0,1-29 DPD
MSGB100635,Agency B,BOR201478,SL101056,2025-02-03 14:00:00,Payment Reminder,Your loan payment is overdue. Please contact us today to avoid further action. Msg&data rates may apply. Reply STOP to unsubscribe.,,,0,15.0,1-29 DPD
MSGB101348,Agency B,BOR200954,SL101930,2024-10-20 12:00:00,Hardship Program Info,You may qualify for a temporary hardship repayment plan. Call us to discuss your options. Reply STOP to unsubscribe from texts.,can u stop texting me at work im in a meeting,2024-10-20 14:25:00,1,135.0,120-149 DPD
MSGB100876,Agency B,BOR200401,SL102263,2023-02-23 13:00:00,Payment Reminder,Your loan payment is overdue. Please contact us today to avoid further action. Msg&data rates may apply. Reply STOP to unsubscribe.,,,0,15.0,1-29 DPD
MSGB101459,Agency B,BOR200562,SL101955,2021-11-16 14:00:00,Settlement Offer,You may be eligible for a reduced settlement on your account. Contact us to learn more before this offer expires. Reply STOP to opt out.,,,0,15.0,1-29 DPD
MSGB100192,Agency B,BOR201011,SL101510,2022-07-20 07:00:00,Payment Reminder,"Hi, this is a reminder that your student loan payment is past due. Call us or visit your account portal to make a payment. Reply STOP to opt out of text alerts.",,,0,45.0,30-59 DPD
MSGB101639,AGENCY_B,BOR200562,SL101955,2022-06-03 07:00:00,Hardship Program Info,You may qualify for a temporary hardship repayment plan. Call us to discuss your options. Reply STOP to unsubscribe from texts.,,,0,15.0,1-29 DPD
MSGB101561,Agency B,BOR201811,SL102056,2023-04-18 10:00:00,Payment Reminder,"Hi, this is a reminder that your student loan payment is past due. Call us or visit your account portal to make a payment. Reply STOP to opt out of text alerts.",can you call me instead,2023-04-18 10:20:00,0,45.0,30-59 DPD
MSGB101584,AGENCY_B,BOR201258,SL100682,2026-04-27 08:00:00,Settlement Offer,You may be eligible for a reduced settlement on your account. Contact us to learn more before this offer expires. Reply STOP to opt out.,,,0,15.0,1-29 DPD
MSGB100172,Agency B,BOR201839,SL102475,2026-06-11 09:00:00,Settlement Offer,You may be eligible for a reduced settlement on your account. Contact us to learn more before this offer expires. Reply STOP to opt out.,,,0,15.0,1-29 DPD
MSGB100944,Agency B,BOR201273,SL100348,2026-06-06 11:00:00,Payment Reminder,"Hi, this is a reminder that your student loan payment is past due. Call us or visit your account portal to make a payment. Reply STOP to opt out of text alerts.",STOP please,2026-06-06 11:42:00,1,105.0,90-119 DPD
MSGB100696,Agency B,BOR201817,SL101740,2026-08-14 16:00:00,Payment Reminder,"Hi, this is a reminder that your student loan payment is past due. Call us or visit your account portal to make a payment. Reply STOP to opt out of text alerts.",,,0,15.0,1-29 DPD
MSGB100512,Agency B,BOR202069,SL102483,2025-08-21 05:00:00,Hardship Program Info,You may qualify for a temporary hardship repayment plan. Call us to discuss your options. Reply STOP to unsubscribe from texts.,,,0,15.0,1-29 DPD
MSGB101371,Agency B,BOR201546,SL101986,2024-07-16 15:00:00,Settlement Offer,You may be eligible for a reduced settlement on your account. Contact us to learn more before this offer expires. Reply STOP to opt out.,,,0,75.0,60-89 DPD
MSGB101861,Agency B,BOR202216,SL101804,2024-11-11 06:00:00,General Notice,Your account requires attention. Please contact our office at your earliest convenience. Reply STOP to stop these messages.,,,0,15.0,1-29 DPD
MSGB101373,Agency B,BOR201809,SL102157,2026-03-25 10:00:00,Payment Reminder,"Hi, this is a reminder that your student loan payment is past due. Call us or visit your account portal to make a payment. Reply STOP to opt out of text alerts.",,,0,15.0,1-29 DPD
MSGB100857,AGENCY_B,BOR201490,SL100337,2022-01-07 06:00:00,Payment Reminder,Your loan payment is overdue. Please contact us today to avoid further action. Msg&data rates may apply. Reply STOP to unsubscribe.,STOP,2022-01-07 14:59:00,1,45.0,30-59 DPD
MSGB101575,Agency B,BOR200418,SL102464,2023-12-16 10:00:00,Payment Reminder,Your loan payment is overdue. Please contact us today to avoid further action. Msg&data rates may apply. Reply STOP to unsubscribe.,,,0,45.0,30-59 DPD
MSGB101185,Agency B,BOR202254,SL102264,2021-11-07 14:00:00,Payment Reminder,"Hi, this is a reminder that your student loan payment is past due. Call us or visit your account portal to make a payment. Reply STOP to opt out of text alerts.",,,0,15.0,1-29 DPD
MSGB100592,Agency B,BOR201849,SL102320,2025-10-08 15:00:00,Payment Reminder,Your loan payment is overdue. Please contact us today to avoid further action. Msg&data rates may apply. Reply STOP to unsubscribe.,,,0,105.0,90-119 DPD
MSGB100256,Agency B,BOR201966,SL101441,2025-06-26 11:00:00,Hardship Program Info,You may qualify for a temporary hardship repayment plan. Call us to discuss your options. Reply STOP to unsubscribe from texts.,who is this,2025-06-26 11:03:00,0,105.0,90-119 DPD
MSGB100678,Agency B,BOR201837,SL102273,2025-08-14 14:00:00,Payment Reminder,"Hi, this is a reminder that your student loan payment is past due. Call us or visit your account portal to make a payment. Reply STOP to opt out of text alerts.",,,0,15.0,1-29 DPD
MSGB100346,Agency B,BOR200383,SL102486,2025-08-07 12:00:00,Hardship Program Info,You may qualify for a temporary hardship repayment plan. Call us to discuss your options. Reply STOP to unsubscribe from texts.,,,0,45.0,30-59 DPD
MSGB100333,Agency B,BOR201681,SL101976,2022-11-22 10:00:00,General Notice,Your account requires attention. Please contact our office at your earliest convenience. Reply STOP to stop these messages.,,,0,45.0,30-59 DPD
MSGB101411,Agency B,BOR200298,SL101304,2023-11-26 10:00:00,General Notice,Your account requires attention. Please contact our office at your earliest convenience. Reply STOP to stop these messages.,,,0,15.0,1-29 DPD
MSGB100340,AGENCY_B,BOR202045,SL100056,2023-01-13 09:00:00,General Notice,Your account requires attention. Please contact our office at your earliest convenience. Reply STOP to stop these messages.,,,0,75.0,60-89 DPD
MSGB100230,Agency B,BOR201771,SL100519,2024-01-24 09:00:00,Payment Reminder,"Hi, this is a reminder that your student loan payment is past due. Call us or visit your account portal to make a payment. Reply STOP to opt out of text alerts.",,,0,15.0,1-29 DPD
MSGB100136,Agency B,BOR200590,SL101548,2023-11-06 07:00:00,General Notice,Your account requires attention. Please contact our office at your earliest convenience. Reply STOP to stop these messages.,,,0,45.0,30-59 DPD
MSGB100502,Agency B,BOR200173,SL100434,2024-04-23 09:00:00,Payment Reminder,Your loan payment is overdue. Please contact us today to avoid further action. Msg&data rates may apply. Reply STOP to unsubscribe.,,,0,105.0,90-119 DPD
MSGB100640,Agency B,BOR201165,SL101522,2026-04-09 11:00:00,Payment Reminder,Your loan payment is overdue. Please contact us today to avoid further action. Msg&data rates may apply. Reply STOP to unsubscribe.,nonstop calls today about this smh,2026-04-09 17:02:00,1,45.0,30-59 DPD
MSGB100429,Agency B,BOR200876,SL100081,2022-03-25 09:00:00,Settlement Offer,You may be eligible for a reduced settlement on your account. Contact us to learn more before this offer expires. Reply STOP to opt out.,,,0,195.0,180+ DPD
MSGB100231,Agency B,BOR200915,SL100885,2026-04-11 06:00:00,Payment Reminder,Your loan payment is overdue. Please contact us today to avoid further action. Msg&data rates may apply. Reply STOP to unsubscribe.,,,0,75.0,60-89 DPD
MSGB100836,Agency B,BOR200808,SL101208,2022-09-04 08:00:00,Settlement Offer,You may be eligible for a reduced settlement on your account. Contact us to learn more before this offer expires. Reply STOP to opt out.,,,0,105.0,90-119 DPD
MSGB100774,Agency B,BOR202294,SL101005,2025-04-18 11:00:00,Payment Reminder,"Hi, this is a reminder that your student loan payment is past due. Call us or visit your account portal to make a payment. Reply STOP to opt out of text alerts.",,,0,15.0,1-29 DPD
MSGB100501,Agency B,BOR200517,SL101609,2025-05-20 06:00:00,Payment Reminder,Your loan payment is overdue. Please contact us today to avoid further action. Msg&data rates may apply. Reply STOP to unsubscribe.,,,0,45.0,30-59 DPD
MSGB101099,Agency B,BOR202171,SL101021,2025-11-22 06:00:00,Payment Reminder,"Hi, this is a reminder that your student loan payment is past due. Call us or visit your account portal to make a payment. Reply STOP to opt out of text alerts.",,,0,15.0,1-29 DPD
MSGB101565,Agency B,BOR200139,SL100069,2025-04-15 11:00:00,General Notice,Your account requires attention. Please contact our office at your earliest convenience. Reply STOP to stop these messages.,,,0,15.0,1-29 DPD
MSGB100104,Agency B,BOR200319,SL100993,2023-07-11 13:00:00,Payment Reminder,"Hi, this is a reminder that your student loan payment is past due. Call us or visit your account portal to make a payment. Reply STOP to opt out of text alerts.",,,0,105.0,90-119 DPD
MSGB100462,Agency B,BOR201199,SL101081,2025-07-25 12:00:00,Payment Reminder,Your loan payment is overdue. Please contact us today to avoid further action. Msg&data rates may apply. Reply STOP to unsubscribe.,,,0,105.0,90-119 DPD
MSGB101430,Agency B,BOR200297,SL102202,2026-02-25 11:00:00,Payment Reminder,Your loan payment is overdue. Please contact us today to avoid further action. Msg&data rates may apply. Reply STOP to unsubscribe.,,,0,75.0,60-89 DPD
MSGB100913,Agency B,BOR201201,SL100882,2025-02-24 07:00:00,General Notice,Your account requires attention. Please contact our office at your earliest convenience. Reply STOP to stop these messages.,,,0,15.0,1-29 DPD
MSGB100089,Agency B,BOR200059,SL101890,2025-05-04 08:00:00,General Notice,Your account requires attention. Please contact our office at your earliest convenience. Reply STOP to stop these messages.,,,0,15.0,1-29 DPD
MSGB100691,Agency B,BOR200573,SL100149,2021-05-12 07:00:00,Settlement Offer,You may be eligible for a reduced settlement on your account. Contact us to learn more before this offer expires. Reply STOP to opt out.,,,0,45.0,30-59 DPD
MSGB101474,Agency B,BOR200254,SL101894,2026-01-09 08:00:00,Payment Reminder,"Hi, this is a reminder that your student loan payment is past due. Call us or visit your account portal to make a payment. Reply STOP to opt out of text alerts.",I already stopped autopay is that why im getting these,2026-01-09 16:51:00,1,15.0,1-29 DPD
MSGB100736,Agency B,BOR201137,SL101697,2024-01-17 13:00:00,Payment Reminder,Your loan payment is overdue. Please contact us today to avoid further action. Msg&data rates may apply. Reply STOP to unsubscribe.,,,0,15.0,1-29 DPD
MSGB101736,Agency B,BOR200302,SL102021,2025-04-16 06:00:00,Settlement Offer,You may be eligible for a reduced settlement on your account. Contact us to learn more before this offer expires. Reply STOP to opt out.,,,0,15.0,1-29 DPD
MSGB100254,Agency B,BOR200502,SL101733,2025-04-15 12:00:00,Settlement Offer,You may be eligible for a reduced settlement on your account. Contact us to learn more before this offer expires. Reply STOP to opt out.,,,0,75.0,60-89 DPD
MSGB100200,Agency B,BOR201715,SL101146,2023-06-14 05:00:00,Payment Reminder,Your loan payment is overdue. Please contact us today to avoid further action. Msg&data rates may apply. Reply STOP to unsubscribe.,,,0,15.0,1-29 DPD
MSGB101132,Agency B,BOR201663,SL102065,2024-02-23 13:00:00,Payment Reminder,"Hi, this is a reminder that your student loan payment is past due. Call us or visit your account portal to make a payment. Reply STOP to opt out of text alerts.",,,0,135.0,120-149 DPD
MSGB101383,Agency B,BOR201549,SL100294,2025-05-14 16:00:00,Payment Reminder,"Hi, this is a reminder that your student loan payment is past due. Call us or visit your account portal to make a payment. Reply STOP to opt out of text alerts.",Stop - remove my number,2025-05-14 20:36:00,1,105.0,90-119 DPD
MSGB100370,Agency B,BOR200631,SL100321,2026-07-08 16:00:00,Settlement Offer,You may be eligible for a reduced settlement on your account. Contact us to learn more before this offer expires. Reply STOP to opt out.,,,0,15.0,1-29 DPD
MSGB101231,Agency B,BOR201071,SL100301,2024-04-24 16:00:00,Settlement Offer,You may be eligible for a reduced settlement on your account. Contact us to learn more before this offer expires. Reply STOP to opt out.,not stopping til this is paid off lol,2024-04-24 20:27:00,1,45.0,30-59 DPD
MSGB101501,Agency B,BOR200673,SL101011,2024-07-19 15:00:00,General Notice,Your account requires attention. Please contact our office at your earliest convenience. Reply STOP to stop these messages.,"stop it's already paid, why do I keep getting texts",2024-07-19 18:40:00,1,15.0,1-29 DPD
MSGB101521,Agency B,BOR201759,SL100944,2024-10-25 10:00:00,Settlement Offer,You may be eligible for a reduced settlement on your account. Contact us to learn more before this offer expires. Reply STOP to opt out.,,,0,75.0,60-89 DPD
MSGB100350,Agency B,BOR201631,SL100312,2024-06-17 06:00:00,Payment Reminder,Your loan payment is overdue. Please contact us today to avoid further action. Msg&data rates may apply. Reply STOP to unsubscribe.,,,0,75.0,60-89 DPD
MSGB100564,Agency B,BOR200832,SL101699,2025-12-05 05:00:00,Payment Reminder,"Hi, this is a reminder that your student loan payment is past due. Call us or visit your account portal to make a payment. Reply STOP to opt out of text alerts.",,,0,105.0,90-119 DPD
MSGB101325,Agency B,BOR200751,SL102270,2024-05-05 14:00:00,Hardship Program Info,You may qualify for a temporary hardship repayment plan. Call us to discuss your options. Reply STOP to unsubscribe from texts.,,,0,105.0,90-119 DPD
MSGB101821,Agency B,BOR201490,SL100337,2022-03-10 14:00:00,Hardship Program Info,You may qualify for a temporary hardship repayment plan. Call us to discuss your options. Reply STOP to unsubscribe from texts.,,,0,75.0,60-89 DPD
MSGB100095,Agency B,BOR201249,SL101724,2025-02-21 16:00:00,General Notice,Your account requires attention. Please contact our office at your earliest convenience. Reply STOP to stop these messages.,,,0,75.0,60-89 DPD
MSGB101326,Agency B,BOR200422,SL100140,2024-05-07 08:00:00,General Notice,Your account requires attention. Please contact our office at your earliest convenience. Reply STOP to stop these messages.,,,0,45.0,30-59 DPD
MSGB100391,Agency B,BOR201750,SL100816,2026-08-13 06:00:00,Payment Reminder,Your loan payment is overdue. Please contact us today to avoid further action. Msg&data rates may apply. Reply STOP to unsubscribe.,,,0,135.0,120-149 DPD
MSGB101380,Agency B,BOR201786,SL102086,2022-11-03 11:00:00,Settlement Offer,You may be eligible for a reduced settlement on your account. Contact us to learn more before this offer expires. Reply STOP to opt out.,,,0,15.0,1-29 DPD
MSGB101134,Agency B,BOR200804,SL100507,2024-12-14 09:00:00,Hardship Program Info,You may qualify for a temporary hardship repayment plan. Call us to discuss your options. Reply STOP to unsubscribe from texts.,,,0,75.0,60-89 DPD
MSGB101450,Agency B,BOR201854,SL100910,2025-12-04 14:00:00,Payment Reminder,Your loan payment is overdue. Please contact us today to avoid further action. Msg&data rates may apply. Reply STOP to unsubscribe.,,,0,75.0,60-89 DPD
MSGB100821,Agency B,BOR200678,SL100734,2023-01-22 11:00:00,Hardship Program Info,You may qualify for a temporary hardship repayment plan. Call us to discuss your options. Reply STOP to unsubscribe from texts.,,,0,45.0,30-59 DPD
MSGB101859,Agency B,BOR201334,SL101834,2024-08-19 06:00:00,Payment Reminder,"Hi, this is a reminder that your student loan payment is past due. Call us or visit your account portal to make a payment. Reply STOP to opt out of text alerts.",,,0,135.0,120-149 DPD
MSGB100005,Agency B,BOR200450,SL101951,2022-09-19 12:00:00,Hardship Program Info,You may qualify for a temporary hardship repayment plan. Call us to discuss your options. Reply STOP to unsubscribe from texts.,how much do I owe,2022-09-19 17:23:00,0,75.0,60-89 DPD
MSGB101800,Agency B,BOR201682,SL100600,2022-12-21 09:00:00,Payment Reminder,"Hi, this is a reminder that your student loan payment is past due. Call us or visit your account portal to make a payment. Reply STOP to opt out of text alerts.",who is this,2022-12-21 13:42:00,0,75.0,60-89 DPD
MSGB100076,Agency B,BOR201183,SL100163,2024-07-11 09:00:00,Payment Reminder,"Hi, this is a reminder that your student loan payment is past due. Call us or visit your account portal to make a payment. Reply STOP to opt out of text alerts.",,,0,75.0,60-89 DPD
MSGB100666,Agency B,BOR200093,SL101628,2026-04-27 09:00:00,General Notice,Your account requires attention. Please contact our office at your earliest convenience. Reply STOP to stop these messages.,,,0,75.0,60-89 DPD
MSGB100485,Agency B,BOR200211,SL102372,2024-01-09 05:00:00,General Notice,Your account requires attention. Please contact our office at your earliest convenience. Reply STOP to stop these messages.,,,0,45.0,30-59 DPD
MSGB100035,Agency B,BOR200032,SL102184,2025-07-18 09:00:00,Hardship Program Info,You may qualify for a temporary hardship repayment plan. Call us to discuss your options. Reply STOP to unsubscribe from texts.,I already stopped autopay is that why im getting these,2025-07-18 17:30:00,1,75.0,60-89 DPD
MSGB100137,Agency B,BOR200682,SL101474,2026-02-11 14:00:00,Settlement Offer,You may be eligible for a reduced settlement on your account. Contact us to learn more before this offer expires. Reply STOP to opt out.,,,0,135.0,120-149 DPD
MSGB100763,Agency B,BOR201310,SL100311,2022-08-19 14:00:00,Payment Reminder,"Hi, this is a reminder that your student loan payment is past due. Call us or visit your account portal to make a payment. Reply STOP to opt out of text alerts.",,,0,15.0,1-29 DPD
MSGB100449,Agency B,BOR200418,SL102464,2024-01-23 10:00:00,Payment Reminder,Your loan payment is overdue. Please contact us today to avoid further action. Msg&data rates may apply. Reply STOP to unsubscribe.,,,0,45.0,30-59 DPD
MSGB100474,Agency B,BOR201682,SL100600,2023-01-28 14:00:00,Payment Reminder,"Hi, this is a reminder that your student loan payment is past due. Call us or visit your account portal to make a payment. Reply STOP to opt out of text alerts.",I stopped by the branch yesterday and paid already,2023-01-28 20:56:00,1,75.0,60-89 DPD
MSGB101170,Agency B,BOR201718,SL102477,2022-12-13 15:00:00,Payment Reminder,Your loan payment is overdue. Please contact us today to avoid further action. Msg&data rates may apply. Reply STOP to unsubscribe.,,,0,15.0,1-29 DPD
MSGB101737,Agency B,BOR201330,SL101336,2026-02-18 08:00:00,General Notice,Your account requires attention. Please contact our office at your earliest convenience. Reply STOP to stop these messages.,,,0,15.0,1-29 DPD
MSGB101627,Agency B,BOR202237,SL100674,2023-04-14 10:00:00,Payment Reminder,"Hi, this is a reminder that your student loan payment is past due. Call us or visit your account portal to make a payment. Reply STOP to opt out of text alerts.",,,0,135.0,120-149 DPD
MSGB101318,Agency B,BOR200785,SL102070,2026-02-09 08:00:00,Payment Reminder,Your loan payment is overdue. Please contact us today to avoid further action. Msg&data rates may apply. Reply STOP to unsubscribe.,,,0,15.0,1-29 DPD
MSGB101082,Agency B,BOR201183,SL100163,2024-03-04 09:00:00,Payment Reminder,"Hi, this is a reminder that your student loan payment is past due. Call us or visit your account portal to make a payment. Reply STOP to opt out of text alerts.",,,0,15.0,1-29 DPD
MSGB101774,Agency B,BOR201715,SL101146,2025-04-27 08:00:00,Payment Reminder,"Hi, this is a reminder that your student loan payment is past due. Call us or visit your account portal to make a payment. Reply STOP to opt out of text alerts.",,,0,15.0,1-29 DPD
MSGB100028,Agency B,BOR202191,SL101698,2024-08-24 09:00:00,Payment Reminder,"Hi, this is a reminder that your student loan payment is past due. Call us or visit your account portal to make a payment. Reply STOP to opt out of text alerts.",,,0,15.0,1-29 DPD
MSGB100253,Agency B,BOR201938,SL102054,2024-12-23 15:00:00,Payment Reminder,Your loan payment is overdue. Please contact us today to avoid further action. Msg&data rates may apply. Reply STOP to unsubscribe.,,,0,75.0,60-89 DPD
MSGB101589,Agency B,BOR201673,SL100408,2023-03-16 08:00:00,Payment Reminder,Your loan payment is overdue. Please contact us today to avoid further action. Msg&data rates may apply. Reply STOP to unsubscribe.,,,0,75.0,60-89 DPD
MSGB101831,Agency B,BOR200596,SL102490,2024-02-13 06:00:00,General Notice,Your account requires attention. Please contact our office at your earliest convenience. Reply STOP to stop these messages.,please STOP texting me forever,2024-02-13 11:43:00,1,195.0,180+ DPD
MSGB100126,Agency B,BOR201938,SL102054,2025-02-19 15:00:00,Hardship Program Info,You may qualify for a temporary hardship repayment plan. Call us to discuss your options. Reply STOP to unsubscribe from texts.,,,0,75.0,60-89 DPD
MSGB101722,Agency B,BOR200319,SL100993,2023-09-13 14:00:00,General Notice,Your account requires attention. Please contact our office at your earliest convenience. Reply STOP to stop these messages.,,,0,135.0,120-149 DPD
MSGB101006,Agency B,BOR201338,SL100403,2024-06-22 14:00:00,Settlement Offer,You may be eligible for a reduced settlement on your account. Contact us to learn more before this offer expires. Reply STOP to opt out.,he stopped answering his phone so im calling on his behalf,2024-06-22 22:11:00,1,105.0,90-119 DPD
MSGB100425,Agency B,BOR202117,SL101816,2025-07-15 10:00:00,Payment Reminder,"Hi, this is a reminder that your student loan payment is past due. Call us or visit your account portal to make a payment. Reply STOP to opt out of text alerts.",,,0,15.0,1-29 DPD
MSGB100118,Agency B,BOR202265,SL100965,2023-11-24 16:00:00,General Notice,Your account requires attention. Please contact our office at your earliest convenience. Reply STOP to stop these messages.,how much do I owe,2023-11-25 01:41:00,0,75.0,60-89 DPD
MSGB100722,Agency B,BOR201696,SL101477,2025-01-07 11:00:00,Payment Reminder,Your loan payment is overdue. Please contact us today to avoid further action. Msg&data rates may apply. Reply STOP to unsubscribe.,,,0,45.0,30-59 DPD
MSGB101195,Agency B,BOR200879,SL100813,2023-11-05 14:00:00,General Notice,Your account requires attention. Please contact our office at your earliest convenience. Reply STOP to stop these messages.,,,0,135.0,120-149 DPD
MSGB100577,Agency B,BOR202293,SL100270,2023-06-18 09:00:00,General Notice,Your account requires attention. Please contact our office at your earliest convenience. Reply STOP to stop these messages.,,,0,15.0,1-29 DPD
MSGB101485,Agency B,BOR201140,SL102300,2022-06-27 05:00:00,Payment Reminder,Your loan payment is overdue. Please contact us today to avoid further action. Msg&data rates may apply. Reply STOP to unsubscribe.,STOP,2022-06-27 06:52:00,1,75.0,60-89 DPD
MSGB101323,Agency B,BOR202256,SL102137,2022-07-04 11:00:00,Hardship Program Info,You may qualify for a temporary hardship repayment plan. Call us to discuss your options. Reply STOP to unsubscribe from texts.,,,0,75.0,60-89 DPD
MSGB100434,Agency B,BOR200113,SL102102,2022-11-23 13:00:00,Payment Reminder,Your loan payment is overdue. Please contact us today to avoid further action. Msg&data rates may apply. Reply STOP to unsubscribe.,,,0,15.0,1-29 DPD
MSGB100356,Agency B,BOR200850,SL101408,2024-08-16 13:00:00,Settlement Offer,You may be eligible for a reduced settlement on your account. Contact us to learn more before this offer expires. Reply STOP to opt out.,,,0,15.0,1-29 DPD
MSGB101638,Agency B,BOR200705,SL100452,2026-04-05 06:00:00,General Notice,Your account requires attention. Please contact our office at your earliest convenience. Reply STOP to stop these messages.,,,0,15.0,1-29 DPD
MSGB101804,Agency B,BOR201071,SL100301,2024-03-12 16:00:00,General Notice,Your account requires attention. Please contact our office at your earliest convenience. Reply STOP to stop these messages.,,,0,15.0,1-29 DPD
MSGB100578,Agency B,BOR200829,SL100432,2025-08-22 11:00:00,Payment Reminder,Your loan payment is overdue. Please contact us today to avoid further action. Msg&data rates may apply. Reply STOP to unsubscribe.,when does interest stop accruing on this loan,2025-08-22 15:54:00,1,165.0,150-179 DPD
MSGB100148,Agency B,BOR202319,SL100160,2026-08-14 13:00:00,Payment Reminder,Your loan payment is overdue. Please contact us today to avoid further action. Msg&data rates may apply. Reply STOP to unsubscribe.,,,0,165.0,150-179 DPD
MSGB100332,Agency B,BOR200884,SL101505,2024-12-06 05:00:00,Settlement Offer,You may be eligible for a reduced settlement on your account. Contact us to learn more before this offer expires. Reply STOP to opt out.,who is this,2024-12-06 07:57:00,0,15.0,1-29 DPD
MSGB101019,Agency B,BOR201528,SL100676,2022-04-15 14:00:00,General Notice,Your account requires attention. Please contact our office at your earliest convenience. Reply STOP to stop these messages.,,,0,15.0,1-29 DPD
MSGB100636,Agency B,BOR201681,SL101976,2025-06-20 06:00:00,Hardship Program Info,You may qualify for a temporary hardship repayment plan. Call us to discuss your options. Reply STOP to unsubscribe from texts.,,,0,15.0,1-29 DPD
MSGB101010,Agency B,BOR201970,SL101618,2021-12-12 14:00:00,Settlement Offer,You may be eligible for a reduced settlement on your account. Contact us to learn more before this offer expires. Reply STOP to opt out.,,,0,15.0,1-29 DPD
MSGB100368,Agency B,BOR201410,SL101517,2026-04-15 14:00:00,Payment Reminder,Your loan payment is overdue. Please contact us today to avoid further action. Msg&data rates may apply. Reply STOP to unsubscribe.,,,0,15.0,1-29 DPD
MSGB101421,Agency B,BOR201682,SL100600,2023-05-28 14:00:00,Settlement Offer,You may be eligible for a reduced settlement on your account. Contact us to learn more before this offer expires. Reply STOP to opt out.,,,0,105.0,90-119 DPD
MSGB100183,Agency B,BOR201243,SL101810,2025-04-05 10:00:00,Payment Reminder,"Hi, this is a reminder that your student loan payment is past due. Call us or visit your account portal to make a payment. Reply STOP to opt out of text alerts.",,,0,15.0,1-29 DPD
MSGB101211,Agency B,BOR202173,SL101348,2023-05-23 11:00:00,Hardship Program Info,You may qualify for a temporary hardship repayment plan. Call us to discuss your options. Reply STOP to unsubscribe from texts.,,,0,15.0,1-29 DPD
MSGB100341,Agency B,BOR201653,SL100369,2026-07-17 11:00:00,Payment Reminder,"Hi, this is a reminder that your student loan payment is past due. Call us or visit your account portal to make a payment. Reply STOP to opt out of text alerts.","stop it's already paid, why do I keep getting texts",2026-07-17 11:57:00,1,15.0,1-29 DPD
MSGB100718,Agency B,BOR201849,SL102320,2021-07-27 10:00:00,General Notice,Your account requires attention. Please contact our office at your earliest convenience. Reply STOP to stop these messages.,,,0,15.0,1-29 DPD
MSGB101697,Agency B,BOR200596,SL101551,2026-01-11 06:00:00,Payment Reminder,"Hi, this is a reminder that your student loan payment is past due. Call us or visit your account portal to make a payment. Reply STOP to opt out of text alerts.",,,0,15.0,1-29 DPD
MSGB100650,Agency B,BOR200418,SL102464,2025-12-22 08:00:00,Payment Reminder,"Hi, this is a reminder that your student loan payment is past due. Call us or visit your account portal to make a payment. Reply STOP to opt out of text alerts.",,,0,195.0,180+ DPD
MSGB101070,Agency B,BOR200918,SL101108,2024-02-12 13:00:00,Payment Reminder,Your loan payment is overdue. Please contact us today to avoid further action. Msg&data rates may apply. Reply STOP to unsubscribe.,,,0,15.0,1-29 DPD
MSGB100459,Agency B,BOR201063,SL100651,2025-04-08 09:00:00,Payment Reminder,"Hi, this is a reminder that your student loan payment is past due. Call us or visit your account portal to make a payment. Reply STOP to opt out of text alerts.",,,0,15.0,1-29 DPD
MSGB100771,Agency B,BOR201585,SL101213,2023-06-04 13:00:00,Settlement Offer,You may be eligible for a reduced settlement on your account. Contact us to learn more before this offer expires. Reply STOP to opt out.,,,0,45.0,30-59 DPD
MSGB101534,Agency B,BOR200502,SL101733,2026-07-14 07:00:00,Payment Reminder,"Hi, this is a reminder that your student loan payment is past due. Call us or visit your account portal to make a payment. Reply STOP to opt out of text alerts.",,,0,165.0,150-179 DPD
MSGB100999,Agency B,BOR200486,SL100647,2024-02-02 05:00:00,Hardship Program Info,You may qualify for a temporary hardship repayment plan. Call us to discuss your options. Reply STOP to unsubscribe from texts.,,,0,45.0,30-59 DPD
MSGB101148,Agency B,BOR200521,SL102071,2025-01-11 06:00:00,Payment Reminder,Your loan payment is overdue. Please contact us today to avoid further action. Msg&data rates may apply. Reply STOP to unsubscribe.,,,0,15.0,1-29 DPD
MSGB100791,Agency B,BOR201984,SL101581,2025-12-19 06:00:00,Payment Reminder,"Hi, this is a reminder that your student loan payment is past due. Call us or visit your account portal to make a payment. Reply STOP to opt out of text alerts.",,,0,45.0,30-59 DPD
MSGB100351,Agency B,BOR201238,SL100102,2026-07-28 06:00:00,General Notice,Your account requires attention. Please contact our office at your earliest convenience. Reply STOP to stop these messages.,,,0,15.0,1-29 DPD
MSGB100133,Agency B,BOR202132,SL101356,2026-03-25 06:00:00,Payment Reminder,"Hi, this is a reminder that your student loan payment is past due. Call us or visit your account portal to make a payment. Reply STOP to opt out of text alerts.",,,0,15.0,1-29 DPD
MSGB100008,Agency B,BOR202057,SL101414,2026-04-23 08:00:00,General Notice,Your account requires attention. Please contact our office at your earliest convenience. Reply STOP to stop these messages.,,,0,105.0,90-119 DPD
MSGB101333,Agency B,BOR201663,SL102065,2023-03-23 06:00:00,Settlement Offer,You may be eligible for a reduced settlement on your account. Contact us to learn more before this offer expires. Reply STOP to opt out.,,,0,15.0,1-29 DPD
MSGB101611,Agency B,BOR201811,SL102056,2023-05-11 14:00:00,Payment Reminder,Your loan payment is overdue. Please contact us today to avoid further action. Msg&data rates may apply. Reply STOP to unsubscribe.,,,0,45.0,30-59 DPD
MSGB100073,Agency B,BOR201786,SL102086,2024-02-06 16:00:00,Hardship Program Info,You may qualify for a temporary hardship repayment plan. Call us to discuss your options. Reply STOP to unsubscribe from texts.,,,0,75.0,60-89 DPD
MSGB100657,Agency B,BOR201536,SL101727,2025-11-16 05:00:00,Payment Reminder,Your loan payment is overdue. Please contact us today to avoid further action. Msg&data rates may apply. Reply STOP to unsubscribe.,,,0,135.0,120-149 DPD
MSGB100973,Agency B,BOR201927,SL102121,2025-04-18 16:00:00,Settlement Offer,You may be eligible for a reduced settlement on your account. Contact us to learn more before this offer expires. Reply STOP to opt out.,,,0,45.0,30-59 DPD
MSGB100560,Agency B,BOR200486,SL100276,2023-12-17 05:00:00,Payment Reminder,Your loan payment is overdue. Please contact us today to avoid further action. Msg&data rates may apply. Reply STOP to unsubscribe.,,,0,15.0,1-29 DPD
MSGB101785,Agency B,BOR200708,SL100070,2025-11-22 08:00:00,Settlement Offer,You may be eligible for a reduced settlement on your account. Contact us to learn more before this offer expires. Reply STOP to opt out.,,,0,15.0,1-29 DPD
MSGB100235,Agency B,BOR202168,SL101355,2025-12-18 06:00:00,General Notice,Your account requires attention. Please contact our office at your earliest convenience. Reply STOP to stop these messages.,,,0,75.0,60-89 DPD
MSGB100185,Agency B,BOR201977,SL101789,2024-08-26 15:00:00,General Notice,Your account requires attention. Please contact our office at your earliest convenience. Reply STOP to stop these messages.,,,0,135.0,120-149 DPD
MSGB101072,Agency B,BOR201655,SL101744,2025-06-12 13:00:00,General Notice,Your account requires attention. Please contact our office at your earliest convenience. Reply STOP to stop these messages.,,,0,45.0,30-59 DPD
MSGB100693,Agency B,BOR201480,SL101254,2022-09-04 09:00:00,Payment Reminder,Your loan payment is overdue. Please contact us today to avoid further action. Msg&data rates may apply. Reply STOP to unsubscribe.,,,0,15.0,1-29 DPD
MSGB101273,Agency B,BOR200621,SL100971,2026-08-11 11:00:00,Hardship Program Info,You may qualify for a temporary hardship repayment plan. Call us to discuss your options. Reply STOP to unsubscribe from texts.,,,0,45.0,30-59 DPD
MSGB100124,Agency B,BOR202252,SL100724,2024-09-05 14:00:00,General Notice,Your account requires attention. Please contact our office at your earliest convenience. Reply STOP to stop these messages.,,,0,105.0,90-119 DPD
MSGB101213,Agency B,BOR200836,SL102211,2025-11-05 10:00:00,Settlement Offer,,,,0,45.0,30-59 DPD
MSGB100819,Agency B,BOR200319,SL100993,2022-12-21 06:00:00,Payment Reminder,Your loan payment is overdue. Please contact us today to avoid further action. Msg&data rates may apply. Reply STOP to unsubscribe.,,,0,45.0,30-59 DPD
MSGB101456,Agency B,BOR200969,SL102135,2025-02-25 15:00:00,General Notice,Your account requires attention. Please contact our office at your earliest convenience. Reply STOP to stop these messages.,,,0,15.0,1-29 DPD
MSGB100682,Agency B,BOR200623,SL101182,2026-06-03 10:00:00,Hardship Program Info,You may qualify for a temporary hardship repayment plan. Call us to discuss your options. Reply STOP to unsubscribe from texts.,,,0,15.0,1-29 DPD
MSGB101437,Agency B,BOR201254,SL101983,2023-01-12 05:00:00,Payment Reminder,Your loan payment is overdue. Please contact us today to avoid further action. Msg&data rates may apply. Reply STOP to unsubscribe.,,,0,15.0,1-29 DPD
MSGB100191,Agency B,BOR200879,SL100813,2023-09-18 08:00:00,Payment Reminder,Your loan payment is overdue. Please contact us today to avoid further action. Msg&data rates may apply. Reply STOP to unsubscribe.,can u stop texting me at work im in a meeting,2023-09-18 08:22:00,1,75.0,60-89 DPD
MSGB100680,Agency B,BOR202178,SL101936,2025-03-21 15:00:00,Payment Reminder,Your loan payment is overdue. Please contact us today to avoid further action. Msg&data rates may apply. Reply STOP to unsubscribe.,,,0,15.0,1-29 DPD
MSGB101292,Agency B,BOR201742,SL100494,2024-07-09 06:00:00,Payment Reminder,"Hi, this is a reminder that your student loan payment is past due. Call us or visit your account portal to make a payment. Reply STOP to opt out of text alerts.",k,2024-07-09 10:35:00,0,45.0,30-59 DPD
MSGB100533,Agency B,BOR202160,SL100770,2025-08-05 06:00:00,General Notice,,,,0,75.0,60-89 DPD
MSGB100075,Agency B,BOR202140,SL100721,2024-10-11 12:00:00,Settlement Offer,You may be eligible for a reduced settlement on your account. Contact us to learn more before this offer expires. Reply STOP to opt out.,,,0,15.0,1-29 DPD
MSGB101852,Agency B,BOR201682,SL100600,2022-07-23 12:00:00,Settlement Offer,You may be eligible for a reduced settlement on your account. Contact us to learn more before this offer expires. Reply STOP to opt out.,not stopping til this is paid off lol,2022-07-23 21:56:00,1,75.0,60-89 DPD
MSGB101254,Agency B,BOR200085,SL100646,2025-04-19 12:00:00,Payment Reminder,"Hi, this is a reminder that your student loan payment is past due. Call us or visit your account portal to make a payment. Reply STOP to opt out of text alerts.",,,0,45.0,30-59 DPD
MSGB101552,Agency B,BOR201369,SL101887,2025-12-17 15:00:00,General Notice,Your account requires attention. Please contact our office at your earliest convenience. Reply STOP to stop these messages.,,,0,75.0,60-89 DPD
MSGB101372,Agency B,BOR200459,SL101838,2024-09-22 16:00:00,Payment Reminder,Your loan payment is overdue. Please contact us today to avoid further action. Msg&data rates may apply. Reply STOP to unsubscribe.,,,0,195.0,180+ DPD
MSGB100023,Agency B,BOR201536,SL101727,2025-07-12 16:00:00,Settlement Offer,You may be eligible for a reduced settlement on your account. Contact us to learn more before this offer expires. Reply STOP to opt out.,,,0,135.0,120-149 DPD
MSGB101613,Agency B,BOR201919,SL100776,2025-02-17 14:00:00,Settlement Offer,You may be eligible for a reduced settlement on your account. Contact us to learn more before this offer expires. Reply STOP to opt out.,,,0,75.0,60-89 DPD
MSGB101394,Agency B,BOR202121,SL100121,2024-12-26 14:00:00,Payment Reminder,Your loan payment is overdue. Please contact us today to avoid further action. Msg&data rates may apply. Reply STOP to unsubscribe.,,,0,15.0,1-29 DPD
MSGB101592,Agency B,BOR201186,SL101237,2023-07-13 15:00:00,Settlement Offer,You may be eligible for a reduced settlement on your account. Contact us to learn more before this offer expires. Reply STOP to opt out.,,,0,45.0,30-59 DPD
MSGB101759,Agency B,BOR201310,SL100311,2025-06-18 05:00:00,Payment Reminder,"Hi, this is a reminder that your student loan payment is past due. Call us or visit your account portal to make a payment. Reply STOP to opt out of text alerts.",,,0,15.0,1-29 DPD
MSGB100187,Agency B,BOR200971,SL101058,2024-11-06 14:00:00,Settlement Offer,You may be eligible for a reduced settlement on your account. Contact us to learn more before this offer expires. Reply STOP to opt out.,,,0,15.0,1-29 DPD
MSGB100380,Agency B,BOR200808,SL101208,2022-08-13 10:00:00,Settlement Offer,You may be eligible for a reduced settlement on your account. Contact us to learn more before this offer expires. Reply STOP to opt out.,,,0,75.0,60-89 DPD
MSGB101221,Agency B,BOR200579,SL101641,2021-08-13 06:00:00,Payment Reminder,"Hi, this is a reminder that your student loan payment is past due. Call us or visit your account portal to make a payment. Reply STOP to opt out of text alerts.",,,0,15.0,1-29 DPD
MSGB100967,Agency B,BOR201469,SL101048,2025-12-05 07:00:00,Payment Reminder,Your loan payment is overdue. Please contact us today to avoid further action. Msg&data rates may apply. Reply STOP to unsubscribe.,,,0,15.0,1-29 DPD
MSGB101672,Agency B,BOR200829,SL100432,2026-02-24 15:00:00,Payment Reminder,"Hi, this is a reminder that your student loan payment is past due. Call us or visit your account portal to make a payment. Reply STOP to opt out of text alerts.",,,0,195.0,180+ DPD
MSGB100978,Agency B,BOR202252,SL100724,2022-08-25 09:00:00,Hardship Program Info,You may qualify for a temporary hardship repayment plan. Call us to discuss your options. Reply STOP to unsubscribe from texts.,my payment stopped going through last month can you check,2022-08-25 11:09:00,1,45.0,30-59 DPD
MSGB101841,Agency B,BOR201210,SL100451,2023-04-26 14:00:00,Payment Reminder,"Hi, this is a reminder that your student loan payment is past due. Call us or visit your account portal to make a payment. Reply STOP to opt out of text alerts.",,,0,15.0,1-29 DPD
MSGB101846,Agency B,BOR200319,SL100993,2021-06-25 06:00:00,Payment Reminder,"Hi, this is a reminder that your student loan payment is past due. Call us or visit your account portal to make a payment. Reply STOP to opt out of text alerts.",,,0,45.0,30-59 DPD
MSGB100991,Agency B,BOR200610,SL102152,2023-12-15 10:00:00,Payment Reminder,"Hi, this is a reminder that your student loan payment is past due. Call us or visit your account portal to make a payment. Reply STOP to opt out of text alerts.",,,0,45.0,30-59 DPD
MSGB101653,Agency B,BOR200207,SL102262,2023-03-05 10:00:00,Hardship Program Info,You may qualify for a temporary hardship repayment plan. Call us to discuss your options. Reply STOP to unsubscribe from texts.,when does interest stop accruing on this loan,2023-03-05 15:23:00,1,45.0,30-59 DPD
MSGB101422,AGENCY_B,BOR201724,SL100894,2023-06-07 09:00:00,Settlement Offer,You may be eligible for a reduced settlement on your account. Contact us to learn more before this offer expires. Reply STOP to opt out.,,,0,15.0,1-29 DPD
MSGB100245,Agency B,BOR200585,SL102405,2025-01-22 12:00:00,Settlement Offer,You may be eligible for a reduced settlement on your account. Contact us to learn more before this offer expires. Reply STOP to opt out.,,,0,15.0,1-29 DPD
MSGB101152,Agency B,BOR201786,SL102086,2024-01-10 12:00:00,Payment Reminder,"Hi, this is a reminder that your student loan payment is past due. Call us or visit your account portal to make a payment. Reply STOP to opt out of text alerts.",,,0,45.0,30-59 DPD
MSGB101158,Agency B,BOR201445,SL100871,2023-09-14 12:00:00,General Notice,Your account requires attention. Please contact our office at your earliest convenience. Reply STOP to stop these messages.,,,0,15.0,1-29 DPD
MSGB101858,Agency B,BOR202319,SL100160,2026-04-16 10:00:00,Payment Reminder,Your loan payment is overdue. Please contact us today to avoid further action. Msg&data rates may apply. Reply STOP to unsubscribe.,,,0,165.0,150-179 DPD
MSGB101617,Agency B,BOR201047,SL100232,2025-06-10 16:00:00,Settlement Offer,You may be eligible for a reduced settlement on your account. Contact us to learn more before this offer expires. Reply STOP to opt out.,,,0,15.0,1-29 DPD
MSGB100044,Agency B,BOR202303,SL100960,2025-04-27 05:00:00,Payment Reminder,Your loan payment is overdue. Please contact us today to avoid further action. Msg&data rates may apply. Reply STOP to unsubscribe.,,,0,45.0,30-59 DPD
MSGB100723,Agency B,BOR201151,SL100421,2022-10-28 10:00:00,Payment Reminder,"Hi, this is a reminder that your student loan payment is past due. Call us or visit your account portal to make a payment. Reply STOP to opt out of text alerts.",,,0,45.0,30-59 DPD
MSGB100164,Agency B,BOR200059,SL101890,2025-09-21 14:00:00,Hardship Program Info,You may qualify for a temporary hardship repayment plan. Call us to discuss your options. Reply STOP to unsubscribe from texts.,who is this,2025-09-21 20:14:00,0,75.0,60-89 DPD
MSGB100773,Agency B,BOR201471,SL102027,2026-07-05 12:00:00,General Notice,Your account requires attention. Please contact our office at your earliest convenience. Reply STOP to stop these messages.,,,0,15.0,1-29 DPD
MSGB100669,Agency B,BOR201509,SL100801,2025-11-16 11:00:00,Payment Reminder,"Hi, this is a reminder that your student loan payment is past due. Call us or visit your account portal to make a payment. Reply STOP to opt out of text alerts.",,,0,45.0,30-59 DPD
MSGB101119,Agency B,BOR202215,SL100767,2021-07-15 13:00:00,Settlement Offer,You may be eligible for a reduced settlement on your account. Contact us to learn more before this offer expires. Reply STOP to opt out.,wrong number,2021-07-15 14:33:00,0,15.0,1-29 DPD
MSGB101071,Agency B,BOR201954,SL100271,2024-05-18 13:00:00,Settlement Offer,You may be eligible for a reduced settlement on your account. Contact us to learn more before this offer expires. Reply STOP to opt out.,,,0,15.0,1-29 DPD
MSGB101351,Agency B,BOR202060,SL100639,2021-04-04 12:00:00,Payment Reminder,"Hi, this is a reminder that your student loan payment is past due. Call us or visit your account portal to make a payment. Reply STOP to opt out of text alerts.",,,0,15.0,1-29 DPD
MSGB101122,Agency B,BOR200808,SL101208,2022-07-26 12:00:00,Payment Reminder,"Hi, this is a reminder that your student loan payment is past due. Call us or visit your account portal to make a payment. Reply STOP to opt out of text alerts.",I already stopped autopay is that why im getting these,2022-07-26 12:04:00,1,45.0,30-59 DPD
MSGB100737,Agency B,BOR200836,SL102211,2021-11-16 13:00:00,Payment Reminder,Your loan payment is overdue. Please contact us today to avoid further action. Msg&data rates may apply. Reply STOP to unsubscribe.,,,0,45.0,30-59 DPD
MSGB101496,Agency B,BOR201946,SL102334,2024-12-16 12:00:00,Hardship Program Info,You may qualify for a temporary hardship repayment plan. Call us to discuss your options. Reply STOP to unsubscribe from texts.,,,0,105.0,90-119 DPD
MSGB101428,Agency B,BOR200121,SL100381,2025-01-08 14:00:00,Payment Reminder,"Hi, this is a reminder that your student loan payment is past due. Call us or visit your account portal to make a payment. Reply STOP to opt out of text alerts.",who is this,2025-01-08 16:29:00,0,45.0,30-59 DPD
MSGB100433,Agency B,BOR202125,SL100091,2021-05-08 08:00:00,Hardship Program Info,You may qualify for a temporary hardship repayment plan. Call us to discuss your options. Reply STOP to unsubscribe from texts.,how much do I owe,2021-05-08 13:18:00,0,45.0,30-59 DPD
MSGB100342,Agency B,BOR201546,SL101986,2023-06-13 06:00:00,Hardship Program Info,You may qualify for a temporary hardship repayment plan. Call us to discuss your options. Reply STOP to unsubscribe from texts.,,,0,105.0,90-119 DPD
MSGB100591,Agency B,BOR201655,SL101744,2023-10-27 08:00:00,General Notice,Your account requires attention. Please contact our office at your earliest convenience. Reply STOP to stop these messages.,,,0,75.0,60-89 DPD
MSGB101694,Agency B,BOR201854,SL100910,2026-01-26 10:00:00,Payment Reminder,"Hi, this is a reminder that your student loan payment is past due. Call us or visit your account portal to make a payment. Reply STOP to opt out of text alerts.",,,0,75.0,60-89 DPD
MSGB100622,Agency B,BOR200765,SL100131,2023-06-03 13:00:00,Settlement Offer,You may be eligible for a reduced settlement on your account. Contact us to learn more before this offer expires. Reply STOP to opt out.,,,0,15.0,1-29 DPD
MSGB101128,Agency B,BOR201334,SL101834,2024-03-09 15:00:00,Hardship Program Info,You may qualify for a temporary hardship repayment plan. Call us to discuss your options. Reply STOP to unsubscribe from texts.,,,0,105.0,90-119 DPD
MSGB101189,Agency B,BOR200915,SL100885,2026-03-26 16:00:00,General Notice,Your account requires attention. Please contact our office at your earliest convenience. Reply STOP to stop these messages.,"stop it's already paid, why do I keep getting texts",2026-03-26 17:05:00,1,45.0,30-59 DPD
MSGB100810,Agency B,BOR201026,SL100067,2025-08-19 05:00:00,Hardship Program Info,You may qualify for a temporary hardship repayment plan. Call us to discuss your options. Reply STOP to unsubscribe from texts.,,,0,75.0,60-89 DPD
MSGB101674,Agency B,BOR201151,SL100421,2022-12-26 13:00:00,Payment Reminder,Your loan payment is overdue. Please contact us today to avoid further action. Msg&data rates may apply. Reply STOP to unsubscribe.,,,0,75.0,60-89 DPD
MSGB101703,Agency B,BOR201342,SL100744,2026-07-17 14:00:00,Settlement Offer,You may be eligible for a reduced settlement on your account. Contact us to learn more before this offer expires. Reply STOP to opt out.,,,0,105.0,90-119 DPD
MSGB100624,Agency B,BOR201799,SL100491,2022-02-05 14:00:00,General Notice,Your account requires attention. Please contact our office at your earliest convenience. Reply STOP to stop these messages.,sorry missed the bus stop have to call back later,2022-02-05 21:43:00,1,15.0,1-29 DPD
MSGB100632,Agency B,BOR200876,SL100081,2021-01-26 15:00:00,Payment Reminder,"Hi, this is a reminder that your student loan payment is past due. Call us or visit your account portal to make a payment. Reply STOP to opt out of text alerts.",,,0,15.0,1-29 DPD
MSGB100968,Agency B,BOR202125,SL100091,2022-01-09 10:00:00,Settlement Offer,You may be eligible for a reduced settlement on your account. Contact us to learn more before this offer expires. Reply STOP to opt out.,,,0,45.0,30-59 DPD
MSGB101228,Agency B,BOR200900,SL101954,2024-07-16 15:00:00,Payment Reminder,"Hi, this is a reminder that your student loan payment is past due. Call us or visit your account portal to make a payment. Reply STOP to opt out of text alerts.",,,0,15.0,1-29 DPD
MSGB101499,Agency B,BOR201268,SL100338,2025-02-19 14:00:00,Hardship Program Info,You may qualify for a temporary hardship repayment plan. Call us to discuss your options. Reply STOP to unsubscribe from texts.,,,0,15.0,1-29 DPD
MSGB101621,Agency B,BOR202191,SL101698,2022-06-26 05:00:00,Settlement Offer,You may be eligible for a reduced settlement on your account. Contact us to learn more before this offer expires. Reply STOP to opt out.,,,0,135.0,120-149 DPD
MSGB100715,Agency B,BOR201655,SL101744,2025-03-28 10:00:00,Settlement Offer,You may be eligible for a reduced settlement on your account. Contact us to learn more before this offer expires. Reply STOP to opt out.,,,0,45.0,30-59 DPD
MSGB100455,Agency B,BOR200453,SL101684,2024-10-19 08:00:00,Hardship Program Info,You may qualify for a temporary hardship repayment plan. Call us to discuss your options. Reply STOP to unsubscribe from texts.,,,0,45.0,30-59 DPD
MSGB101111,Agency B,BOR200937,SL102307,2021-12-16 08:00:00,Payment Reminder,"Hi, this is a reminder that your student loan payment is past due. Call us or visit your account portal to make a payment. Reply STOP to opt out of text alerts.",,,0,15.0,1-29 DPD
MSGB101410,Agency B,BOR200054,SL100633,2023-05-18 11:00:00,Hardship Program Info,You may qualify for a temporary hardship repayment plan. Call us to discuss your options. Reply STOP to unsubscribe from texts.,,,0,45.0,30-59 DPD
MSGB100067,Agency B,BOR200682,SL101474,2024-12-05 14:00:00,Payment Reminder,Your loan payment is overdue. Please contact us today to avoid further action. Msg&data rates may apply. Reply STOP to unsubscribe.,,,0,15.0,1-29 DPD
MSGB100787,Agency B,BOR201329,SL100726,2024-10-28 13:00:00,Settlement Offer,You may be eligible for a reduced settlement on your account. Contact us to learn more before this offer expires. Reply STOP to opt out.,,,0,75.0,60-89 DPD
MSGB101624,Agency B,BOR200801,SL100698,2025-09-09 10:00:00,Payment Reminder,"Hi, this is a reminder that your student loan payment is past due. Call us or visit your account portal to make a payment. Reply STOP to opt out of text alerts.",  unsubscribe STOP   ,2025-09-09 17:41:00,1,45.0,30-59 DPD
MSGB100756,Agency B,BOR201334,SL101834,2023-11-25 15:00:00,Payment Reminder,Your loan payment is overdue. Please contact us today to avoid further action. Msg&data rates may apply. Reply STOP to unsubscribe.,,,0,75.0,60-89 DPD
MSGB101457,Agency B,BOR200329,SL101470,2024-11-03 08:00:00,Payment Reminder,Your loan payment is overdue. Please contact us today to avoid further action. Msg&data rates may apply. Reply STOP to unsubscribe.,,,0,15.0,1-29 DPD
MSGB101520,Agency B,BOR201718,SL102477,2022-03-16 08:00:00,Settlement Offer,You may be eligible for a reduced settlement on your account. Contact us to learn more before this offer expires. Reply STOP to opt out.,,,0,45.0,30-59 DPD
MSGB100113,Agency B,BOR201291,SL100342,2023-09-03 10:00:00,General Notice,Your account requires attention. Please contact our office at your earliest convenience. Reply STOP to stop these messages.,,,0,15.0,1-29 DPD
MSGB100309,Agency B,BOR201130,SL101560,2023-06-07 06:00:00,Settlement Offer,You may be eligible for a reduced settlement on your account. Contact us to learn more before this offer expires. Reply STOP to opt out.,,,0,45.0,30-59 DPD
MSGB100111,Agency B,BOR201397,SL100968,2023-05-08 07:00:00,Hardship Program Info,You may qualify for a temporary hardship repayment plan. Call us to discuss your options. Reply STOP to unsubscribe from texts.,,,0,75.0,60-89 DPD
MSGB100864,Agency B,BOR201490,SL100337,2022-05-26 07:00:00,Hardship Program Info,You may qualify for a temporary hardship repayment plan. Call us to discuss your options. Reply STOP to unsubscribe from texts.,,,0,75.0,60-89 DPD
MSGB100268,Agency B,BOR200549,SL101735,2023-06-14 06:00:00,Settlement Offer,You may be eligible for a reduced settlement on your account. Contact us to learn more before this offer expires. Reply STOP to opt out.,,,0,15.0,1-29 DPD
MSGB100070,Agency B,BOR201515,SL101572,2024-04-18 11:00:00,Payment Reminder,"Hi, this is a reminder that your student loan payment is past due. Call us or visit your account portal to make a payment. Reply STOP to opt out of text alerts.",my payment stopped going through last month can you check,2024-04-18 12:59:00,1,15.0,1-29 DPD
MSGB100102,Agency B,BOR200491,SL102219,2021-12-06 06:00:00,Hardship Program Info,You may qualify for a temporary hardship repayment plan. Call us to discuss your options. Reply STOP to unsubscribe from texts.,,,0,75.0,60-89 DPD
MSGB100400,Agency B,BOR200605,SL101260,2024-09-05 15:00:00,General Notice,Your account requires attention. Please contact our office at your earliest convenience. Reply STOP to stop these messages.,,,0,15.0,1-29 DPD
MSGB101838,Agency B,BOR201682,SL100600,2022-04-03 10:00:00,Payment Reminder,Your loan payment is overdue. Please contact us today to avoid further action. Msg&data rates may apply. Reply STOP to unsubscribe.,,,0,45.0,30-59 DPD
MSGB100788,Agency B,BOR202209,SL102354,2024-11-21 09:00:00,Payment Reminder,Your loan payment is overdue. Please contact us today to avoid further action. Msg&data rates may apply. Reply STOP to unsubscribe.,,,0,15.0,1-29 DPD
MSGB100406,Agency B,BOR201292,SL102416,2022-06-18 10:00:00,Payment Reminder,Your loan payment is overdue. Please contact us today to avoid further action. Msg&data rates may apply. Reply STOP to unsubscribe.,,,0,75.0,60-89 DPD
MSGB100642,Agency B,BOR200431,SL100144,2026-07-18 09:00:00,Hardship Program Info,You may qualify for a temporary hardship repayment plan. Call us to discuss your options. Reply STOP to unsubscribe from texts.,,,0,75.0,60-89 DPD
MSGB100301,Agency B,BOR200682,SL101474,2025-12-13 10:00:00,Settlement Offer,You may be eligible for a reduced settlement on your account. Contact us to learn more before this offer expires. Reply STOP to opt out.,who is this,2025-12-13 15:04:00,0,135.0,120-149 DPD
MSGB100259,Agency B,BOR200502,SL101733,2026-08-22 10:00:00,Payment Reminder,"Hi, this is a reminder that your student loan payment is past due. Call us or visit your account portal to make a payment. Reply STOP to opt out of text alerts.",,,0,165.0,150-179 DPD
MSGB100602,Agency B,BOR200581,SL100988,2022-12-21 13:00:00,General Notice,Your account requires attention. Please contact our office at your earliest convenience. Reply STOP to stop these messages.,,,0,15.0,1-29 DPD
MSGB101353,Agency B,BOR201334,SL101834,2023-02-02 10:00:00,Payment Reminder,"Hi, this is a reminder that your student loan payment is past due. Call us or visit your account portal to make a payment. Reply STOP to opt out of text alerts.",please STOP texting me forever,2023-02-02 13:02:00,1,45.0,30-59 DPD
MSGB100888,Agency B,BOR200422,SL100140,2026-01-11 09:00:00,Payment Reminder,"Hi, this is a reminder that your student loan payment is past due. Call us or visit your account portal to make a payment. Reply STOP to opt out of text alerts.",,,0,15.0,1-29 DPD
MSGB100898,Agency B,BOR200579,SL101641,2024-05-05 12:00:00,Hardship Program Info,You may qualify for a temporary hardship repayment plan. Call us to discuss your options. Reply STOP to unsubscribe from texts.,,,0,135.0,120-149 DPD
MSGB100006,Agency B,BOR201327,SL102351,2025-04-13 15:00:00,Payment Reminder,"Hi, this is a reminder that your student loan payment is past due. Call us or visit your account portal to make a payment. Reply STOP to opt out of text alerts.",,,0,15.0,1-29 DPD
MSGB101381,Agency B,BOR201809,SL102157,2024-07-26 08:00:00,Settlement Offer,You may be eligible for a reduced settlement on your account. Contact us to learn more before this offer expires. Reply STOP to opt out.,,,0,15.0,1-29 DPD
MSGB101241,Agency B,BOR200093,SL101628,2025-10-20 10:00:00,Payment Reminder,Your loan payment is overdue. Please contact us today to avoid further action. Msg&data rates may apply. Reply STOP to unsubscribe.,,,0,15.0,1-29 DPD
MSGB101753,Agency B,BOR200774,SL100072,2023-12-06 12:00:00,Payment Reminder,"Hi, this is a reminder that your student loan payment is past due. Call us or visit your account portal to make a payment. Reply STOP to opt out of text alerts.",my payment stopped going through last month can you check,2023-12-06 20:00:00,1,15.0,1-29 DPD
MSGB100486,Agency B,BOR200964,SL100989,2025-10-19 05:00:00,Settlement Offer,You may be eligible for a reduced settlement on your account. Contact us to learn more before this offer expires. Reply STOP to opt out.,,,0,15.0,1-29 DPD
MSGB100427,Agency B,BOR200521,SL102071,2025-05-25 16:00:00,General Notice,Your account requires attention. Please contact our office at your earliest convenience. Reply STOP to stop these messages.,,,0,105.0,90-119 DPD
MSGB100343,Agency B,BOR200418,SL102464,2025-05-07 09:00:00,Payment Reminder,"Hi, this is a reminder that your student loan payment is past due. Call us or visit your account portal to make a payment. Reply STOP to opt out of text alerts.",,,0,165.0,150-179 DPD
MSGB100467,Agency B,BOR200502,SL101733,2025-10-14 11:00:00,Payment Reminder,"Hi, this is a reminder that your student loan payment is past due. Call us or visit your account portal to make a payment. Reply STOP to opt out of text alerts.",,,0,165.0,150-179 DPD
MSGB101602,Agency B,BOR200636,SL102271,2023-01-11 09:00:00,Payment Reminder,Your loan payment is overdue. Please contact us today to avoid further action. Msg&data rates may apply. Reply STOP to unsubscribe.,,,0,15.0,1-29 DPD
MSGB100345,Agency B,BOR202307,SL100142,2022-02-02 11:00:00,General Notice,Your account requires attention. Please contact our office at your earliest convenience. Reply STOP to stop these messages.,my payment stopped going through last month can you check,2022-02-02 19:45:00,1,15.0,1-29 DPD
MSGB100402,Agency B,BOR200596,SL102490,2023-11-24 07:00:00,Payment Reminder,Your loan payment is overdue. Please contact us today to avoid further action. Msg&data rates may apply. Reply STOP to unsubscribe.,unsubscribe STOP,2023-11-24 16:36:00,1,135.0,120-149 DPD
MSGB100889,Agency B,BOR202191,SL101698,2022-02-06 16:00:00,Payment Reminder,"Hi, this is a reminder that your student loan payment is past due. Call us or visit your account portal to make a payment. Reply STOP to opt out of text alerts.",,,0,105.0,90-119 DPD
MSGB100724,Agency B,BOR200793,SL100263,2025-11-21 10:00:00,Payment Reminder,Your loan payment is overdue. Please contact us today to avoid further action. Msg&data rates may apply. Reply STOP to unsubscribe.,,,0,75.0,60-89 DPD
MSGB101393,Agency B,BOR200256,SL100655,2021-05-09 12:00:00,General Notice,Your account requires attention. Please contact our office at your earliest convenience. Reply STOP to stop these messages.,,,0,45.0,30-59 DPD
MSGB100424,Agency B,BOR200491,SL102219,2021-11-20 06:00:00,Payment Reminder,"Hi, this is a reminder that your student loan payment is past due. Call us or visit your account portal to make a payment. Reply STOP to opt out of text alerts.",wrong number,2021-11-20 08:26:00,0,75.0,60-89 DPD
MSGB101824,Agency B,BOR201718,SL102477,2022-04-11 11:00:00,Payment Reminder,"Hi, this is a reminder that your student loan payment is past due. Call us or visit your account portal to make a payment. Reply STOP to opt out of text alerts.",,,0,75.0,60-89 DPD
MSGB101064,Agency B,BOR201632,SL102111,2025-01-21 13:00:00,Payment Reminder,"Hi, this is a reminder that your student loan payment is past due. Call us or visit your account portal to make a payment. Reply STOP to opt out of text alerts.",,,0,105.0,90-119 DPD
MSGB100143,Agency B,BOR202313,SL100772,2025-05-13 14:00:00,General Notice,Your account requires attention. Please contact our office at your earliest convenience. Reply STOP to stop these messages.,,,0,135.0,120-149 DPD
MSGB101062,Agency B,BOR201526,SL101049,2021-06-17 06:00:00,Settlement Offer,You may be eligible for a reduced settlement on your account. Contact us to learn more before this offer expires. Reply STOP to opt out.,,,0,105.0,90-119 DPD
MSGB100465,Agency B,BOR201878,SL101999,2025-12-24 10:00:00,Payment Reminder,Your loan payment is overdue. Please contact us today to avoid further action. Msg&data rates may apply. Reply STOP to unsubscribe.,,,0,15.0,1-29 DPD
MSGB100033,Agency B,BOR200319,SL100993,2023-02-23 10:00:00,General Notice,Your account requires attention. Please contact our office at your earliest convenience. Reply STOP to stop these messages.,,,0,45.0,30-59 DPD
MSGB100020,Agency B,BOR201926,SL100569,2026-08-16 10:00:00,General Notice,Your account requires attention. Please contact our office at your earliest convenience. Reply STOP to stop these messages.,,,0,15.0,1-29 DPD
MSGB100483,Agency B,BOR200527,SL100589,2022-11-09 12:00:00,Payment Reminder,Your loan payment is overdue. Please contact us today to avoid further action. Msg&data rates may apply. Reply STOP to unsubscribe.,,,0,135.0,120-149 DPD
MSGB101015,Agency B,BOR202173,SL101348,2022-04-26 07:00:00,Payment Reminder,Your loan payment is overdue. Please contact us today to avoid further action. Msg&data rates may apply. Reply STOP to unsubscribe.,,,0,15.0,1-29 DPD
MSGB100327,Agency B,BOR200038,SL102201,2025-08-24 11:00:00,Payment Reminder,"Hi, this is a reminder that your student loan payment is past due. Call us or visit your account portal to make a payment. Reply STOP to opt out of text alerts.",,,0,15.0,1-29 DPD
MSGB101050,Agency B,BOR201845,SL102154,2025-02-22 06:00:00,Settlement Offer,You may be eligible for a reduced settlement on your account. Contact us to learn more before this offer expires. Reply STOP to opt out.,,,0,75.0,60-89 DPD
MSGB101843,Agency B,BOR201653,SL102220,2025-04-24 16:00:00,General Notice,Your account requires attention. Please contact our office at your earliest convenience. Reply STOP to stop these messages.,,,0,15.0,1-29 DPD
MSGB101657,Agency B,BOR201966,SL101441,2025-05-15 15:00:00,General Notice,Your account requires attention. Please contact our office at your earliest convenience. Reply STOP to stop these messages.,,,0,105.0,90-119 DPD
MSGB101106,Agency B,BOR202073,SL102438,2025-01-14 11:00:00,General Notice,Your account requires attention. Please contact our office at your earliest convenience. Reply STOP to stop these messages.,,,0,15.0,1-29 DPD
MSGB100069,Agency B,BOR201391,SL101026,2023-08-24 08:00:00,Payment Reminder,Your loan payment is overdue. Please contact us today to avoid further action. Msg&data rates may apply. Reply STOP to unsubscribe.,,,0,45.0,30-59 DPD
MSGB101469,AGENCY_B,BOR201256,SL100450,2025-07-26 06:00:00,Settlement Offer,You may be eligible for a reduced settlement on your account. Contact us to learn more before this offer expires. Reply STOP to opt out.,,,0,45.0,30-59 DPD
MSGB101052,Agency B,BOR201514,SL100670,2024-04-20 16:00:00,Payment Reminder,Your loan payment is overdue. Please contact us today to avoid further action. Msg&data rates may apply. Reply STOP to unsubscribe.,,,0,105.0,90-119 DPD
MSGB101615,Agency B,BOR201778,SL101661,2024-08-12 08:00:00,Payment Reminder,"Hi, this is a reminder that your student loan payment is past due. Call us or visit your account portal to make a payment. Reply STOP to opt out of text alerts.",I stopped by the branch yesterday and paid already,2024-08-12 11:52:00,1,45.0,30-59 DPD
MSGB101887,Agency B,BOR200601,SL100203,2022-10-12 15:00:00,Settlement Offer,You may be eligible for a reduced settlement on your account. Contact us to learn more before this offer expires. Reply STOP to opt out.,,,0,75.0,60-89 DPD
MSGB101691,Agency B,BOR202184,SL101118,2024-01-08 07:00:00,Hardship Program Info,You may qualify for a temporary hardship repayment plan. Call us to discuss your options. Reply STOP to unsubscribe from texts.,how much do I owe,2024-01-08 10:18:00,0,15.0,1-29 DPD
MSGB101650,Agency B,BOR201255,SL100590,2024-01-04 06:00:00,General Notice,Your account requires attention. Please contact our office at your earliest convenience. Reply STOP to stop these messages.,,,0,45.0,30-59 DPD
MSGB101677,Agency B,BOR201646,SL102007,2023-12-10 05:00:00,General Notice,Your account requires attention. Please contact our office at your earliest convenience. Reply STOP to stop these messages.,,,0,15.0,1-29 DPD
MSGB101382,Agency B,BOR200446,SL101818,2026-03-14 09:00:00,Hardship Program Info,You may qualify for a temporary hardship repayment plan. Call us to discuss your options. Reply STOP to unsubscribe from texts.,sorry missed the bus stop have to call back later,2026-03-14 13:15:00,1,45.0,30-59 DPD
MSGB101462,Agency B,BOR200406,SL101877,2024-06-10 11:00:00,Settlement Offer,You may be eligible for a reduced settlement on your account. Contact us to learn more before this offer expires. Reply STOP to opt out.,,,0,15.0,1-29 DPD
MSGB100278,Agency B,BOR200030,SL101122,2024-08-24 16:00:00,Hardship Program Info,You may qualify for a temporary hardship repayment plan. Call us to discuss your options. Reply STOP to unsubscribe from texts.,,,0,75.0,60-89 DPD
MSGB101546,Agency B,BOR200459,SL101838,2024-06-19 10:00:00,General Notice,Your account requires attention. Please contact our office at your earliest convenience. Reply STOP to stop these messages.,,,0,195.0,180+ DPD
MSGB101369,Agency B,BOR201742,SL101133,2025-03-26 14:00:00,Payment Reminder,"Hi, this is a reminder that your student loan payment is past due. Call us or visit your account portal to make a payment. Reply STOP to opt out of text alerts.",,,0,135.0,120-149 DPD
MSGB100065,Agency B,BOR200521,SL102071,2025-02-03 08:00:00,Payment Reminder,Your loan payment is overdue. Please contact us today to avoid further action. Msg&data rates may apply. Reply STOP to unsubscribe.,,,0,45.0,30-59 DPD
MSGB100513,Agency B,BOR200613,SL101313,2026-06-09 06:00:00,Hardship Program Info,You may qualify for a temporary hardship repayment plan. Call us to discuss your options. Reply STOP to unsubscribe from texts.,can u stop texting me at work im in a meeting,2026-06-09 13:47:00,1,15.0,1-29 DPD
MSGB101686,Agency B,BOR201816,SL100126,2024-02-12 05:00:00,Hardship Program Info,You may qualify for a temporary hardship repayment plan. Call us to discuss your options. Reply STOP to unsubscribe from texts.,can u stop texting me at work im in a meeting,2024-02-12 14:03:00,1,15.0,1-29 DPD
MSGB100782,Agency B,BOR200424,SL102182,2021-12-04 12:00:00,Payment Reminder,Your loan payment is overdue. Please contact us today to avoid further action. Msg&data rates may apply. Reply STOP to unsubscribe.,,,0,15.0,1-29 DPD
MSGB101714,Agency B,BOR200364,SL100392,2025-07-25 11:00:00,Payment Reminder,Your loan payment is overdue. Please contact us today to avoid further action. Msg&data rates may apply. Reply STOP to unsubscribe.,,,0,105.0,90-119 DPD
MSGB100409,Agency B,BOR201322,SL101692,2024-05-04 05:00:00,Settlement Offer,You may be eligible for a reduced settlement on your account. Contact us to learn more before this offer expires. Reply STOP to opt out.,,,0,15.0,1-29 DPD
MSGB101610,Agency B,BOR202300,SL102269,2023-11-15 07:00:00,Settlement Offer,You may be eligible for a reduced settlement on your account. Contact us to learn more before this offer expires. Reply STOP to opt out.,,,0,45.0,30-59 DPD
MSGB100007,Agency B,BOR201927,SL102121,2025-05-04 10:00:00,Hardship Program Info,You may qualify for a temporary hardship repayment plan. Call us to discuss your options. Reply STOP to unsubscribe from texts.,,,0,45.0,30-59 DPD
MSGB101014,Agency B,BOR200042,SL101494,2023-10-18 09:00:00,Settlement Offer,You may be eligible for a reduced settlement on your account. Contact us to learn more before this offer expires. Reply STOP to opt out.,,,0,75.0,60-89 DPD
MSGB100088,AGENCY_B,BOR202285,SL100538,2026-03-15 12:00:00,General Notice,Your account requires attention. Please contact our office at your earliest convenience. Reply STOP to stop these messages.,,,0,75.0,60-89 DPD
MSGB101601,Agency B,BOR200302,SL102021,2022-11-25 12:00:00,Settlement Offer,You may be eligible for a reduced settlement on your account. Contact us to learn more before this offer expires. Reply STOP to opt out.,,,0,45.0,30-59 DPD
MSGB100644,Agency B,BOR201842,SL101217,2024-09-14 09:00:00,Settlement Offer,You may be eligible for a reduced settlement on your account. Contact us to learn more before this offer expires. Reply STOP to opt out.,,,0,15.0,1-29 DPD
MSGB100320,Agency B,BOR202069,SL102483,2025-09-16 09:00:00,Payment Reminder,Your loan payment is overdue. Please contact us today to avoid further action. Msg&data rates may apply. Reply STOP to unsubscribe.,my payment stopped going through last month can you check,2025-09-16 12:03:00,1,45.0,30-59 DPD
MSGB100061,Agency B,BOR200480,SL101082,2026-05-08 15:00:00,Settlement Offer,You may be eligible for a reduced settlement on your account. Contact us to learn more before this offer expires. Reply STOP to opt out.,Stop - remove my number,2026-05-08 19:14:00,1,15.0,1-29 DPD
MSGB100506,Agency B,BOR200531,SL100217,2026-08-25 10:00:00,Settlement Offer,You may be eligible for a reduced settlement on your account. Contact us to learn more before this offer expires. Reply STOP to opt out.,nonstop calls today about this smh,2026-08-25 14:27:00,1,15.0,1-29 DPD
MSGB101690,Agency B,BOR202132,SL101356,2024-08-04 09:00:00,Payment Reminder,"Hi, this is a reminder that your student loan payment is past due. Call us or visit your account portal to make a payment. Reply STOP to opt out of text alerts.",,,0,15.0,1-29 DPD
MSGB100549,Agency B,BOR200463,SL101029,2025-05-27 10:00:00,General Notice,Your account requires attention. Please contact our office at your earliest convenience. Reply STOP to stop these messages.,,,0,15.0,1-29 DPD
MSGB101255,Agency B,BOR200835,SL101420,2022-05-26 09:00:00,Payment Reminder,Your loan payment is overdue. Please contact us today to avoid further action. Msg&data rates may apply. Reply STOP to unsubscribe.,,,0,15.0,1-29 DPD
MSGB101732,Agency B,BOR201453,SL100593,2026-08-24 11:00:00,General Notice,Your account requires attention. Please contact our office at your earliest convenience. Reply STOP to stop these messages.,,,0,15.0,1-29 DPD
MSGB101403,Agency B,BOR200515,SL102336,2021-10-23 13:00:00,Hardship Program Info,You may qualify for a temporary hardship repayment plan. Call us to discuss your options. Reply STOP to unsubscribe from texts.,,,0,105.0,90-119 DPD
MSGB100912,Agency B,BOR200135,SL100305,2022-03-14 12:00:00,General Notice,Your account requires attention. Please contact our office at your earliest convenience. Reply STOP to stop these messages.,,,0,15.0,1-29 DPD
MSGB101164,Agency B,BOR200113,SL102102,2025-04-03 09:00:00,Settlement Offer,You may be eligible for a reduced settlement on your account. Contact us to learn more before this offer expires. Reply STOP to opt out.,,,0,15.0,1-29 DPD
MSGB101807,AGENCY_B,BOR202032,SL100352,2026-08-07 12:00:00,Payment Reminder,"Hi, this is a reminder that your student loan payment is past due. Call us or visit your account portal to make a payment. Reply STOP to opt out of text alerts.",,,0,45.0,30-59 DPD
MSGB100764,Agency B,BOR201338,SL100403,2024-03-24 08:00:00,Hardship Program Info,You may qualify for a temporary hardship repayment plan. Call us to discuss your options. Reply STOP to unsubscribe from texts.,,,0,45.0,30-59 DPD
MSGB100349,Agency B,BOR200021,SL100899,2026-05-09 12:00:00,Payment Reminder,"Hi, this is a reminder that your student loan payment is past due. Call us or visit your account portal to make a payment. Reply STOP to opt out of text alerts.",,,0,15.0,1-29 DPD
MSGB100741,Agency B,BOR201273,SL100348,2026-03-13 06:00:00,Payment Reminder,Your loan payment is overdue. Please contact us today to avoid further action. Msg&data rates may apply. Reply STOP to unsubscribe.,,,0,45.0,30-59 DPD
MSGB101782,Agency B,BOR200491,SL102219,2023-02-19 12:00:00,Payment Reminder,"Hi, this is a reminder that your student loan payment is past due. Call us or visit your account portal to make a payment. Reply STOP to opt out of text alerts.",,,0,165.0,150-179 DPD
MSGB100992,Agency B,BOR201913,SL100084,2022-05-28 15:00:00,Payment Reminder,Your loan payment is overdue. Please contact us today to avoid further action. Msg&data rates may apply. Reply STOP to unsubscribe.,,,0,15.0,1-29 DPD
MSGB100871,Agency B,BOR201140,SL102300,2022-03-09 14:00:00,Payment Reminder,Your loan payment is overdue. Please contact us today to avoid further action. Msg&data rates may apply. Reply STOP to unsubscribe.,,,0,15.0,1-29 DPD
MSGB101854,Agency B,BOR201846,SL101587,2023-12-07 12:00:00,General Notice,Your account requires attention. Please contact our office at your earliest convenience. Reply STOP to stop these messages.,,,0,45.0,30-59 DPD
MSGB101819,Agency B,BOR202135,SL101822,2025-04-15 08:00:00,Payment Reminder,"Hi, this is a reminder that your student loan payment is past due. Call us or visit your account portal to make a payment. Reply STOP to opt out of text alerts.",,,0,105.0,90-119 DPD
MSGB100609,Agency B,BOR201189,SL100370,2023-11-10 05:00:00,Hardship Program Info,You may qualify for a temporary hardship repayment plan. Call us to discuss your options. Reply STOP to unsubscribe from texts.,"stop it's already paid, why do I keep getting texts",2023-11-10 11:06:00,1,15.0,1-29 DPD
MSGB101294,Agency B,BOR201953,SL100702,2024-04-12 09:00:00,Settlement Offer,You may be eligible for a reduced settlement on your account. Contact us to learn more before this offer expires. Reply STOP to opt out.,,,0,15.0,1-29 DPD
MSGB100618,Agency B,BOR201769,SL101163,2022-07-12 13:00:00,Payment Reminder,Your loan payment is overdue. Please contact us today to avoid further action. Msg&data rates may apply. Reply STOP to unsubscribe.,,,0,45.0,30-59 DPD
MSGB100322,Agency B,BOR202284,SL100237,2023-09-10 07:00:00,Hardship Program Info,You may qualify for a temporary hardship repayment plan. Call us to discuss your options. Reply STOP to unsubscribe from texts.,,,0,105.0,90-119 DPD
MSGB100357,Agency B,BOR201391,SL101026,2025-06-11 15:00:00,Payment Reminder,Your loan payment is overdue. Please contact us today to avoid further action. Msg&data rates may apply. Reply STOP to unsubscribe.,,,0,165.0,150-179 DPD
MSGB100274,Agency B,BOR201820,SL101807,2025-08-20 14:00:00,Payment Reminder,"Hi, this is a reminder that your student loan payment is past due. Call us or visit your account portal to make a payment. Reply STOP to opt out of text alerts.",please STOP texting me forever,2025-08-20 23:29:00,1,15.0,1-29 DPD
MSGB100488,Agency B,BOR201457,SL101691,2025-12-15 11:00:00,Settlement Offer,You may be eligible for a reduced settlement on your account. Contact us to learn more before this offer expires. Reply STOP to opt out.,,,0,165.0,150-179 DPD
MSGB100060,Agency B,BOR201526,SL101049,2022-01-21 08:00:00,Payment Reminder,Your loan payment is overdue. Please contact us today to avoid further action. Msg&data rates may apply. Reply STOP to unsubscribe.,,,0,165.0,150-179 DPD
MSGB101299,Agency B,BOR200044,SL101258,2024-02-07 14:00:00,Payment Reminder,"Hi, this is a reminder that your student loan payment is past due. Call us or visit your account portal to make a payment. Reply STOP to opt out of text alerts.",,,0,15.0,1-29 DPD
MSGB100818,Agency B,BOR200313,SL101752,2026-01-23 06:00:00,General Notice,Your account requires attention. Please contact our office at your earliest convenience. Reply STOP to stop these messages.,,,0,15.0,1-29 DPD
MSGB100087,Agency B,BOR202313,SL100772,2024-11-16 16:00:00,Payment Reminder,Your loan payment is overdue. Please contact us today to avoid further action. Msg&data rates may apply. Reply STOP to unsubscribe.,,,0,105.0,90-119 DPD
MSGB100712,Agency B,BOR200756,SL100796,2025-01-07 06:00:00,Settlement Offer,You may be eligible for a reduced settlement on your account. Contact us to learn more before this offer expires. Reply STOP to opt out.,,,0,195.0,180+ DPD
MSGB101000,Agency B,BOR201490,SL100337,2022-04-24 09:00:00,General Notice,Your account requires attention. Please contact our office at your earliest convenience. Reply STOP to stop these messages.,,,0,75.0,60-89 DPD
MSGB101156,Agency B,BOR200944,SL101287,2021-04-15 06:00:00,Payment Reminder,"Hi, this is a reminder that your student loan payment is past due. Call us or visit your account portal to make a payment. Reply STOP to opt out of text alerts.",,,0,15.0,1-29 DPD
MSGB100757,Agency B,BOR200857,SL100629,2025-09-17 12:00:00,Payment Reminder,"Hi, this is a reminder that your student loan payment is past due. Call us or visit your account portal to make a payment. Reply STOP to opt out of text alerts.",,,0,45.0,30-59 DPD
MSGB100495,Agency B,BOR201681,SL101976,2022-06-16 12:00:00,General Notice,Your account requires attention. Please contact our office at your earliest convenience. Reply STOP to stop these messages.,,,0,15.0,1-29 DPD
MSGB100285,Agency B,BOR202127,SL100147,2024-04-04 07:00:00,Payment Reminder,Your loan payment is overdue. Please contact us today to avoid further action. Msg&data rates may apply. Reply STOP to unsubscribe.,,,0,45.0,30-59 DPD
MSGB100813,Agency B,BOR200656,SL100207,2025-10-28 08:00:00,Hardship Program Info,You may qualify for a temporary hardship repayment plan. Call us to discuss your options. Reply STOP to unsubscribe from texts.,Stop,2025-10-28 16:48:00,1,75.0,60-89 DPD
MSGB101102,Agency B,BOR200569,SL101851,2023-02-21 07:00:00,General Notice,Your account requires attention. Please contact our office at your earliest convenience. Reply STOP to stop these messages.,,,0,15.0,1-29 DPD
MSGB101281,Agency B,BOR200704,SL101673,2021-04-14 07:00:00,General Notice,Your account requires attention. Please contact our office at your earliest convenience. Reply STOP to stop these messages.,,,0,45.0,30-59 DPD
MSGB101879,Agency B,BOR201293,SL100535,2026-07-22 06:00:00,Hardship Program Info,You may qualify for a temporary hardship repayment plan. Call us to discuss your options. Reply STOP to unsubscribe from texts.,,,0,15.0,1-29 DPD
MSGB101168,Agency B,BOR201750,SL100816,2026-04-18 08:00:00,Payment Reminder,"Hi, this is a reminder that your student loan payment is past due. Call us or visit your account portal to make a payment. Reply STOP to opt out of text alerts.",,,0,45.0,30-59 DPD
MSGB101004,Agency B,BOR201997,SL101430,2026-02-16 09:00:00,Payment Reminder,"Hi, this is a reminder that your student loan payment is past due. Call us or visit your account portal to make a payment. Reply STOP to opt out of text alerts.",,,0,15.0,1-29 DPD
MSGB101625,Agency B,BOR201300,SL101480,2023-06-03 12:00:00,Payment Reminder,"Hi, this is a reminder that your student loan payment is past due. Call us or visit your account portal to make a payment. Reply STOP to opt out of text alerts.",,,0,75.0,60-89 DPD
MSGB100260,Agency B,BOR201199,SL101081,2025-03-05 07:00:00,General Notice,Your account requires attention. Please contact our office at your earliest convenience. Reply STOP to stop these messages.,,,0,45.0,30-59 DPD
MSGB101544,Agency B,BOR200888,SL101319,2026-06-19 11:00:00,Payment Reminder,Your loan payment is overdue. Please contact us today to avoid further action. Msg&data rates may apply. Reply STOP to unsubscribe.,not stopping til this is paid off lol,2026-06-19 19:28:00,1,15.0,1-29 DPD
MSGB100633,Agency B,BOR201790,SL101694,2025-09-27 12:00:00,Payment Reminder,Your loan payment is overdue. Please contact us today to avoid further action. Msg&data rates may apply. Reply STOP to unsubscribe.,,,0,165.0,150-179 DPD
MSGB101065,Agency B,BOR200398,SL102028,2023-03-18 14:00:00,General Notice,Your account requires attention. Please contact our office at your earliest convenience. Reply STOP to stop these messages.,,,0,15.0,1-29 DPD
MSGB100909,Agency B,BOR201693,SL101109,2025-09-10 08:00:00,General Notice,Your account requires attention. Please contact our office at your earliest convenience. Reply STOP to stop these messages.,nonstop calls today about this smh,2025-09-10 16:21:00,1,15.0,1-29 DPD
MSGB100976,Agency B,BOR201075,SL100054,2026-07-09 05:00:00,Settlement Offer,You may be eligible for a reduced settlement on your account. Contact us to learn more before this offer expires. Reply STOP to opt out.,,,0,15.0,1-29 DPD
MSGB100907,Agency B,BOR201739,SL101763,2022-12-06 11:00:00,Payment Reminder,Your loan payment is overdue. Please contact us today to avoid further action. Msg&data rates may apply. Reply STOP to unsubscribe.,my payment stopped going through last month can you check,2022-12-06 20:12:00,1,15.0,1-29 DPD
MSGB100294,Agency B,BOR200305,SL101597,2026-04-16 06:00:00,General Notice,Your account requires attention. Please contact our office at your earliest convenience. Reply STOP to stop these messages.,can you call me instead,2026-04-16 11:37:00,0,15.0,1-29 DPD
MSGB101512,Agency B,BOR200617,SL102311,2024-05-10 07:00:00,Settlement Offer,You may be eligible for a reduced settlement on your account. Contact us to learn more before this offer expires. Reply STOP to opt out.,,,0,45.0,30-59 DPD
MSGB101658,Agency B,BOR201924,SL100874,2026-02-13 09:00:00,Payment Reminder,"Hi, this is a reminder that your student loan payment is past due. Call us or visit your account portal to make a payment. Reply STOP to opt out of text alerts.",,,0,15.0,1-29 DPD
MSGB101573,Agency B,BOR201663,SL102065,2022-06-03 05:00:00,Payment Reminder,Your loan payment is overdue. Please contact us today to avoid further action. Msg&data rates may apply. Reply STOP to unsubscribe.,,,0,75.0,60-89 DPD
MSGB100831,Agency B,BOR202056,SL100980,2026-01-15 12:00:00,Settlement Offer,You may be eligible for a reduced settlement on your account. Contact us to learn more before this offer expires. Reply STOP to opt out.,,,0,15.0,1-29 DPD
MSGB100706,Agency B,BOR201546,SL101986,2024-10-28 07:00:00,Payment Reminder,"Hi, this is a reminder that your student loan payment is past due. Call us or visit your account portal to make a payment. Reply STOP to opt out of text alerts.",please STOP texting me forever,2024-10-28 09:10:00,1,15.0,1-29 DPD
MSGB101041,Agency B,BOR200113,SL102102,2025-06-22 15:00:00,General Notice,Your account requires attention. Please contact our office at your earliest convenience. Reply STOP to stop these messages.,,,0,45.0,30-59 DPD
MSGB101023,Agency B,BOR200450,SL101951,2022-06-04 13:00:00,Hardship Program Info,You may qualify for a temporary hardship repayment plan. Call us to discuss your options. Reply STOP to unsubscribe from texts.,,,0,15.0,1-29 DPD
MSGB100490,Agency B,BOR200475,SL101288,2022-10-21 10:00:00,Payment Reminder,Your loan payment is overdue. Please contact us today to avoid further action. Msg&data rates may apply. Reply STOP to unsubscribe.,nonstop calls today about this smh,2022-10-21 18:31:00,1,15.0,1-29 DPD
MSGB100505,Agency B,BOR202188,SL101658,2023-12-09 14:00:00,Payment Reminder,"Hi, this is a reminder that your student loan payment is past due. Call us or visit your account portal to make a payment. Reply STOP to opt out of text alerts.",,,0,75.0,60-89 DPD
MSGB100647,Agency B,BOR202049,SL100630,2025-09-21 13:00:00,Payment Reminder,"Hi, this is a reminder that your student loan payment is past due. Call us or visit your account portal to make a payment. Reply STOP to opt out of text alerts.",,,0,45.0,30-59 DPD
MSGB100703,Agency B,BOR202135,SL101822,2024-10-22 11:00:00,Settlement Offer,,,,0,15.0,1-29 DPD
MSGB101354,Agency B,BOR202248,SL100136,2026-07-08 12:00:00,Settlement Offer,You may be eligible for a reduced settlement on your account. Contact us to learn more before this offer expires. Reply STOP to opt out.,,,0,15.0,1-29 DPD
MSGB100525,Agency B,BOR201498,SL100595,2021-10-20 15:00:00,Hardship Program Info,You may qualify for a temporary hardship repayment plan. Call us to discuss your options. Reply STOP to unsubscribe from texts.,,,0,75.0,60-89 DPD
MSGB101560,Agency B,BOR200651,SL101365,2021-11-09 06:00:00,General Notice,Your account requires attention. Please contact our office at your earliest convenience. Reply STOP to stop these messages.,,,0,15.0,1-29 DPD
MSGB101659,AGENCY_B,BOR202090,SL102014,2025-03-26 10:00:00,Payment Reminder,Your loan payment is overdue. Please contact us today to avoid further action. Msg&data rates may apply. Reply STOP to unsubscribe.,,,0,45.0,30-59 DPD
MSGB100404,Agency B,BOR201786,SL102086,2024-03-07 16:00:00,Payment Reminder,"Hi, this is a reminder that your student loan payment is past due. Call us or visit your account portal to make a payment. Reply STOP to opt out of text alerts.",,,0,105.0,90-119 DPD
MSGB100748,Agency B,BOR202319,SL100532,2023-09-23 12:00:00,Payment Reminder,Your loan payment is overdue. Please contact us today to avoid further action. Msg&data rates may apply. Reply STOP to unsubscribe.,my payment stopped going through last month can you check,2023-09-23 16:42:00,1,45.0,30-59 DPD
MSGB101038,Agency B,BOR200710,SL100671,2024-09-10 14:00:00,Payment Reminder,Your loan payment is overdue. Please contact us today to avoid further action. Msg&data rates may apply. Reply STOP to unsubscribe.,,,0,45.0,30-59 DPD
MSGB100228,Agency B,BOR202013,SL101677,2023-07-13 15:00:00,Hardship Program Info,You may qualify for a temporary hardship repayment plan. Call us to discuss your options. Reply STOP to unsubscribe from texts.,,,0,15.0,1-29 DPD
MSGB100598,Agency B,BOR200876,SL100081,2021-02-17 12:00:00,Payment Reminder,Your loan payment is overdue. Please contact us today to avoid further action. Msg&data rates may apply. Reply STOP to unsubscribe.,,,0,45.0,30-59 DPD
MSGB101084,Agency B,BOR200205,SL102232,2025-01-18 14:00:00,Settlement Offer,You may be eligible for a reduced settlement on your account. Contact us to learn more before this offer expires. Reply STOP to opt out.,,,0,75.0,60-89 DPD
MSGB101526,Agency B,BOR201978,SL101093,2021-11-06 14:00:00,Hardship Program Info,You may qualify for a temporary hardship repayment plan. Call us to discuss your options. Reply STOP to unsubscribe from texts.,,,0,15.0,1-29 DPD
MSGB100670,Agency B,BOR200541,SL102296,2022-10-08 13:00:00,Payment Reminder,Your loan payment is overdue. Please contact us today to avoid further action. Msg&data rates may apply. Reply STOP to unsubscribe.,,,0,45.0,30-59 DPD
MSGB100311,Agency B,BOR200793,SL100263,2025-05-16 16:00:00,General Notice,Your account requires attention. Please contact our office at your earliest convenience. Reply STOP to stop these messages.,can you call me instead,2025-05-16 21:02:00,0,135.0,120-149 DPD
MSGB100531,Agency B,BOR201385,SL100242,2025-01-17 08:00:00,General Notice,Your account requires attention. Please contact our office at your earliest convenience. Reply STOP to stop these messages.,,,0,195.0,180+ DPD
MSGB100734,Agency B,BOR202228,SL101458,2024-08-04 07:00:00,Hardship Program Info,You may qualify for a temporary hardship repayment plan. Call us to discuss your options. Reply STOP to unsubscribe from texts.,,,0,15.0,1-29 DPD
MSGB101479,Agency B,BOR201376,SL101493,2023-12-06 16:00:00,Settlement Offer,You may be eligible for a reduced settlement on your account. Contact us to learn more before this offer expires. Reply STOP to opt out.,,,0,105.0,90-119 DPD
MSGB101665,Agency B,BOR201626,SL100700,2023-12-14 15:00:00,Payment Reminder,Your loan payment is overdue. Please contact us today to avoid further action. Msg&data rates may apply. Reply STOP to unsubscribe.,how much do I owe,2023-12-14 21:30:00,0,15.0,1-29 DPD
MSGB100024,Agency B,BOR200515,SL102336,2021-09-27 11:00:00,Settlement Offer,You may be eligible for a reduced settlement on your account. Contact us to learn more before this offer expires. Reply STOP to opt out.,,,0,105.0,90-119 DPD
MSGB101581,Agency B,BOR200918,SL101108,2025-09-08 14:00:00,Settlement Offer,,,,0,15.0,1-29 DPD
MSGB101399,Agency B,BOR202193,SL101312,2021-08-17 12:00:00,General Notice,Your account requires attention. Please contact our office at your earliest convenience. Reply STOP to stop these messages.,,,0,75.0,60-89 DPD
MSGB100671,Agency B,BOR201090,SL100584,2021-11-09 05:00:00,Payment Reminder,Your loan payment is overdue. Please contact us today to avoid further action. Msg&data rates may apply. Reply STOP to unsubscribe.,,,0,75.0,60-89 DPD
MSGB100375,Agency B,BOR200269,SL101235,2024-08-06 06:00:00,Payment Reminder,Your loan payment is overdue. Please contact us today to avoid further action. Msg&data rates may apply. Reply STOP to unsubscribe.,I already stopped autopay is that why im getting these,2024-08-06 10:21:00,1,15.0,1-29 DPD
MSGB100911,Agency B,BOR202254,SL102264,2024-08-15 06:00:00,Hardship Program Info,You may qualify for a temporary hardship repayment plan. Call us to discuss your options. Reply STOP to unsubscribe from texts.,,,0,15.0,1-29 DPD
MSGB101089,Agency B,BOR200008,SL102248,2021-10-23 10:00:00,Payment Reminder,Your loan payment is overdue. Please contact us today to avoid further action. Msg&data rates may apply. Reply STOP to unsubscribe.,not stopping til this is paid off lol,2021-10-23 19:21:00,1,15.0,1-29 DPD
MSGB101429,Agency B,BOR200282,SL100373,2026-07-05 15:00:00,Hardship Program Info,You may qualify for a temporary hardship repayment plan. Call us to discuss your options. Reply STOP to unsubscribe from texts.,,,0,15.0,1-29 DPD
MSGB101776,Agency B,BOR201973,SL101006,2021-05-07 09:00:00,Payment Reminder,Your loan payment is overdue. Please contact us today to avoid further action. Msg&data rates may apply. Reply STOP to unsubscribe.,he stopped answering his phone so im calling on his behalf,2021-05-07 18:09:00,1,75.0,60-89 DPD
MSGB100925,Agency B,BOR201536,SL101727,2025-10-10 14:00:00,Hardship Program Info,You may qualify for a temporary hardship repayment plan. Call us to discuss your options. Reply STOP to unsubscribe from texts.,,,0,135.0,120-149 DPD
MSGB100156,Agency B,BOR200008,SL102248,2025-07-13 06:00:00,Payment Reminder,Your loan payment is overdue. Please contact us today to avoid further action. Msg&data rates may apply. Reply STOP to unsubscribe.,,,0,135.0,120-149 DPD
MSGB100802,Agency B,BOR200418,SL102464,2025-11-08 12:00:00,Payment Reminder,"Hi, this is a reminder that your student loan payment is past due. Call us or visit your account portal to make a payment. Reply STOP to opt out of text alerts.",,,0,195.0,180+ DPD
MSGB101492,Agency B,BOR201340,SL101344,2025-03-13 16:00:00,Hardship Program Info,You may qualify for a temporary hardship repayment plan. Call us to discuss your options. Reply STOP to unsubscribe from texts.,,,0,75.0,60-89 DPD
MSGB101550,Agency B,BOR201204,SL100775,2026-06-17 14:00:00,Payment Reminder,"Hi, this is a reminder that your student loan payment is past due. Call us or visit your account portal to make a payment. Reply STOP to opt out of text alerts.",nonstop calls today about this smh,2026-06-17 16:11:00,1,15.0,1-29 DPD
MSGB100596,Agency B,BOR201742,SL101133,2026-07-17 09:00:00,General Notice,Your account requires attention. Please contact our office at your earliest convenience. Reply STOP to stop these messages.,,,0,75.0,60-89 DPD
MSGB101594,Agency B,BOR200158,SL102122,2026-05-09 09:00:00,Payment Reminder,"Hi, this is a reminder that your student loan payment is past due. Call us or visit your account portal to make a payment. Reply STOP to opt out of text alerts.",,,0,15.0,1-29 DPD
MSGB101161,Agency B,BOR200450,SL101951,2023-06-25 13:00:00,General Notice,Your account requires attention. Please contact our office at your earliest convenience. Reply STOP to stop these messages.,,,0,135.0,120-149 DPD
MSGB101566,Agency B,BOR202140,SL100721,2022-08-20 10:00:00,General Notice,Your account requires attention. Please contact our office at your earliest convenience. Reply STOP to stop these messages.,,,0,15.0,1-29 DPD
MSGB101145,Agency B,BOR201682,SL100600,2022-09-06 15:00:00,General Notice,Your account requires attention. Please contact our office at your earliest convenience. Reply STOP to stop these messages.,when does interest stop accruing on this loan,2022-09-06 15:41:00,1,75.0,60-89 DPD
MSGB100454,Agency B,BOR202135,SL101822,2025-03-07 05:00:00,Payment Reminder,"Hi, this is a reminder that your student loan payment is past due. Call us or visit your account portal to make a payment. Reply STOP to opt out of text alerts.",,,0,105.0,90-119 DPD
MSGB101035,Agency B,BOR200424,SL102182,2022-11-09 12:00:00,Hardship Program Info,You may qualify for a temporary hardship repayment plan. Call us to discuss your options. Reply STOP to unsubscribe from texts.,,,0,45.0,30-59 DPD
MSGB100784,Agency B,BOR200469,SL102375,2025-06-26 05:00:00,Settlement Offer,,,,0,15.0,1-29 DPD
MSGB101876,Agency B,BOR201548,SL101465,2023-10-19 16:00:00,Settlement Offer,You may be eligible for a reduced settlement on your account. Contact us to learn more before this offer expires. Reply STOP to opt out.,I stopped by the branch yesterday and paid already,2023-10-19 21:35:00,1,75.0,60-89 DPD
MSGB101011,Agency B,BOR200207,SL102262,2023-05-14 12:00:00,Hardship Program Info,You may qualify for a temporary hardship repayment plan. Call us to discuss your options. Reply STOP to unsubscribe from texts.,,,0,75.0,60-89 DPD
MSGB100948,Agency B,BOR201505,SL101053,2024-06-11 11:00:00,Payment Reminder,Your loan payment is overdue. Please contact us today to avoid further action. Msg&data rates may apply. Reply STOP to unsubscribe.,,,0,15.0,1-29 DPD
MSGB100226,Agency B,BOR202147,SL101284,2024-07-26 09:00:00,Payment Reminder,Your loan payment is overdue. Please contact us today to avoid further action. Msg&data rates may apply. Reply STOP to unsubscribe.,,,0,45.0,30-59 DPD
MSGB101120,Agency B,BOR200491,SL102219,2022-12-17 08:00:00,Payment Reminder,"Hi, this is a reminder that your student loan payment is past due. Call us or visit your account portal to make a payment. Reply STOP to opt out of text alerts.",,,0,165.0,150-179 DPD
MSGB100643,Agency B,BOR202309,SL102303,2023-04-07 10:00:00,Payment Reminder,Your loan payment is overdue. Please contact us today to avoid further action. Msg&data rates may apply. Reply STOP to unsubscribe.,,,0,15.0,1-29 DPD
MSGB101745,Agency B,BOR202100,SL100959,2026-06-09 05:00:00,Payment Reminder,Your loan payment is overdue. Please contact us today to avoid further action. Msg&data rates may apply. Reply STOP to unsubscribe.,I stopped by the branch yesterday and paid already,2026-06-09 14:15:00,1,15.0,1-29 DPD
MSGB101085,Agency B,BOR200756,SL100796,2022-07-18 10:00:00,Payment Reminder,Your loan payment is overdue. Please contact us today to avoid further action. Msg&data rates may apply. Reply STOP to unsubscribe.,,,0,15.0,1-29 DPD
MSGB100497,Agency B,BOR200418,SL102464,2024-06-24 16:00:00,Hardship Program Info,You may qualify for a temporary hardship repayment plan. Call us to discuss your options. Reply STOP to unsubscribe from texts.,,,0,105.0,90-119 DPD
MSGB100039,Agency B,BOR201620,SL102407,2022-03-20 14:00:00,General Notice,Your account requires attention. Please contact our office at your earliest convenience. Reply STOP to stop these messages.,,,0,15.0,1-29 DPD
MSGB100845,Agency B,BOR201632,SL102111,2023-11-08 15:00:00,Hardship Program Info,You may qualify for a temporary hardship repayment plan. Call us to discuss your options. Reply STOP to unsubscribe from texts.,,,0,15.0,1-29 DPD
MSGB101787,Agency B,BOR201498,SL100595,2026-04-08 12:00:00,General Notice,Your account requires attention. Please contact our office at your earliest convenience. Reply STOP to stop these messages.,ok will pay soon,2026-04-08 20:28:00,0,135.0,120-149 DPD
MSGB100790,Agency B,BOR201256,SL100450,2025-08-12 09:00:00,Payment Reminder,Your loan payment is overdue. Please contact us today to avoid further action. Msg&data rates may apply. Reply STOP to unsubscribe.,,,0,45.0,30-59 DPD
MSGB101494,Agency B,BOR200188,SL101415,2025-01-04 06:00:00,Payment Reminder,"Hi, this is a reminder that your student loan payment is past due. Call us or visit your account portal to make a payment. Reply STOP to opt out of text alerts.",,,0,15.0,1-29 DPD
MSGB100330,Agency B,BOR202041,SL101311,2023-12-17 09:00:00,Hardship Program Info,You may qualify for a temporary hardship repayment plan. Call us to discuss your options. Reply STOP to unsubscribe from texts.,,,0,45.0,30-59 DPD
MSGB101805,Agency B,BOR201457,SL101691,2026-01-19 14:00:00,General Notice,Your account requires attention. Please contact our office at your earliest convenience. Reply STOP to stop these messages.,,,0,195.0,180+ DPD
MSGB101576,Agency B,BOR202045,SL100056,2023-04-14 14:00:00,Settlement Offer,,,,0,105.0,90-119 DPD
MSGB100884,Agency B,BOR201585,SL101213,2023-07-19 12:00:00,Payment Reminder,Your loan payment is overdue. Please contact us today to avoid further action. Msg&data rates may apply. Reply STOP to unsubscribe.,,,0,75.0,60-89 DPD
MSGB100988,Agency B,BOR200069,SL100825,2026-03-10 11:00:00,General Notice,Your account requires attention. Please contact our office at your earliest convenience. Reply STOP to stop these messages.,how much do I owe,2026-03-10 12:30:00,0,15.0,1-29 DPD
MSGB100690,Agency B,BOR202252,SL100724,2024-02-10 10:00:00,Payment Reminder,"Hi, this is a reminder that your student loan payment is past due. Call us or visit your account portal to make a payment. Reply STOP to opt out of text alerts.",,,0,45.0,30-59 DPD
MSGB101729,Agency B,BOR202083,SL101110,2024-11-14 10:00:00,Settlement Offer,You may be eligible for a reduced settlement on your account. Contact us to learn more before this offer expires. Reply STOP to opt out.,,,0,75.0,60-89 DPD
MSGB100959,Agency B,BOR201811,SL102056,2023-06-16 16:00:00,Payment Reminder,,,,0,75.0,60-89 DPD
MSGB100629,Agency B,BOR200196,SL100705,2021-03-16 16:00:00,General Notice,Your account requires attention. Please contact our office at your earliest convenience. Reply STOP to stop these messages.,,,0,15.0,1-29 DPD
MSGB101586,Agency B,BOR200929,SL100791,2022-07-04 10:00:00,Hardship Program Info,You may qualify for a temporary hardship repayment plan. Call us to discuss your options. Reply STOP to unsubscribe from texts.,,,0,15.0,1-29 DPD
MSGB101196,Agency B,BOR201939,SL100797,2024-02-20 16:00:00,Payment Reminder,Your loan payment is overdue. Please contact us today to avoid further action. Msg&data rates may apply. Reply STOP to unsubscribe.,,,0,15.0,1-29 DPD
MSGB101425,Agency B,BOR202290,SL100372,2024-12-21 15:00:00,Payment Reminder,Your loan payment is overdue. Please contact us today to avoid further action. Msg&data rates may apply. Reply STOP to unsubscribe.,,,0,135.0,120-149 DPD
MSGB100683,Agency B,BOR201878,SL101999,2023-07-09 10:00:00,Hardship Program Info,You may qualify for a temporary hardship repayment plan. Call us to discuss your options. Reply STOP to unsubscribe from texts.,I already stopped autopay is that why im getting these,2023-07-09 16:19:00,1,15.0,1-29 DPD
MSGB101138,Agency B,BOR200011,SL102018,2024-03-12 06:00:00,Hardship Program Info,You may qualify for a temporary hardship repayment plan. Call us to discuss your options. Reply STOP to unsubscribe from texts.,,,0,45.0,30-59 DPD
MSGB100742,Agency B,BOR200822,SL101094,2024-09-14 07:00:00,Settlement Offer,You may be eligible for a reduced settlement on your account. Contact us to learn more before this offer expires. Reply STOP to opt out.,,,0,45.0,30-59 DPD
MSGB100984,Agency B,BOR201376,SL101493,2024-06-06 10:00:00,Hardship Program Info,You may qualify for a temporary hardship repayment plan. Call us to discuss your options. Reply STOP to unsubscribe from texts.,,,0,75.0,60-89 DPD
MSGB100168,Agency B,BOR201340,SL101344,2025-06-25 11:00:00,General Notice,Your account requires attention. Please contact our office at your earliest convenience. Reply STOP to stop these messages.,,,0,75.0,60-89 DPD
MSGB101097,Agency B,BOR201670,SL100787,2021-07-12 16:00:00,Hardship Program Info,You may qualify for a temporary hardship repayment plan. Call us to discuss your options. Reply STOP to unsubscribe from texts.,nonstop calls today about this smh,2021-07-13 01:25:00,1,15.0,1-29 DPD
MSGB100515,Agency B,BOR201536,SL101727,2025-01-21 14:00:00,Hardship Program Info,You may qualify for a temporary hardship repayment plan. Call us to discuss your options. Reply STOP to unsubscribe from texts.,,,0,75.0,60-89 DPD
MSGB101508,Agency B,BOR201254,SL101983,2023-11-08 14:00:00,Payment Reminder,"Hi, this is a reminder that your student loan payment is past due. Call us or visit your account portal to make a payment. Reply STOP to opt out of text alerts.",,,0,15.0,1-29 DPD
MSGB101141,Agency B,BOR200541,SL102296,2023-01-22 12:00:00,Payment Reminder,Your loan payment is overdue. Please contact us today to avoid further action. Msg&data rates may apply. Reply STOP to unsubscribe.,I stopped by the branch yesterday and paid already,2023-01-22 17:14:00,1,75.0,60-89 DPD
MSGB101467,Agency B,BOR201480,SL102342,2024-12-24 14:00:00,General Notice,Your account requires attention. Please contact our office at your earliest convenience. Reply STOP to stop these messages.,,,0,75.0,60-89 DPD
MSGB100638,Agency B,BOR202254,SL102264,2022-01-04 15:00:00,Payment Reminder,Your loan payment is overdue. Please contact us today to avoid further action. Msg&data rates may apply. Reply STOP to unsubscribe.,,,0,15.0,1-29 DPD
MSGB101539,Agency B,BOR201951,SL100793,2026-08-17 10:00:00,Payment Reminder,"Hi, this is a reminder that your student loan payment is past due. Call us or visit your account portal to make a payment. Reply STOP to opt out of text alerts.",k,2026-08-17 16:12:00,0,15.0,1-29 DPD
MSGB101376,Agency B,BOR200173,SL100434,2024-10-21 13:00:00,Payment Reminder,"Hi, this is a reminder that your student loan payment is past due. Call us or visit your account portal to make a payment. Reply STOP to opt out of text alerts.",,,0,135.0,120-149 DPD
MSGB101664,Agency B,BOR202150,SL101649,2026-06-03 13:00:00,Payment Reminder,"Hi, this is a reminder that your student loan payment is past due. Call us or visit your account portal to make a payment. Reply STOP to opt out of text alerts.",,,0,45.0,30-59 DPD
MSGB100562,Agency B,BOR200174,SL101594,2023-12-23 15:00:00,Hardship Program Info,You may qualify for a temporary hardship repayment plan. Call us to discuss your options. Reply STOP to unsubscribe from texts.,,,0,45.0,30-59 DPD
MSGB101130,Agency B,BOR201811,SL102056,2023-10-16 13:00:00,Payment Reminder,"Hi, this is a reminder that your student loan payment is past due. Call us or visit your account portal to make a payment. Reply STOP to opt out of text alerts.",,,0,135.0,120-149 DPD
MSGB101309,Agency B,BOR201433,SL101515,2023-05-08 10:00:00,Settlement Offer,You may be eligible for a reduced settlement on your account. Contact us to learn more before this offer expires. Reply STOP to opt out.,,,0,15.0,1-29 DPD
MSGB100878,Agency B,BOR201905,SL101612,2023-06-19 10:00:00,Payment Reminder,"Hi, this is a reminder that your student loan payment is past due. Call us or visit your account portal to make a payment. Reply STOP to opt out of text alerts.",,,0,15.0,1-29 DPD
MSGB100901,Agency B,BOR200232,SL102227,2026-07-20 08:00:00,Payment Reminder,Your loan payment is overdue. Please contact us today to avoid further action. Msg&data rates may apply. Reply STOP to unsubscribe.,,,0,45.0,30-59 DPD
MSGB100396,Agency B,BOR201995,SL100514,2026-02-13 16:00:00,Settlement Offer,You may be eligible for a reduced settlement on your account. Contact us to learn more before this offer expires. Reply STOP to opt out.,can u stop texting me at work im in a meeting,2026-02-13 20:27:00,1,45.0,30-59 DPD
MSGB100103,Agency B,BOR201544,SL101832,2025-02-24 06:00:00,Settlement Offer,You may be eligible for a reduced settlement on your account. Contact us to learn more before this offer expires. Reply STOP to opt out.,,,0,15.0,1-29 DPD
MSGB100825,Agency B,BOR201338,SL100403,2023-10-22 13:00:00,Settlement Offer,You may be eligible for a reduced settlement on your account. Contact us to learn more before this offer expires. Reply STOP to opt out.,,,0,15.0,1-29 DPD
MSGB100553,Agency B,BOR200909,SL100536,2023-02-06 16:00:00,Settlement Offer,You may be eligible for a reduced settlement on your account. Contact us to learn more before this offer expires. Reply STOP to opt out.,,,0,15.0,1-29 DPD
MSGB100078,Agency B,BOR201872,SL102204,2023-11-22 12:00:00,Hardship Program Info,You may qualify for a temporary hardship repayment plan. Call us to discuss your options. Reply STOP to unsubscribe from texts.,,,0,15.0,1-29 DPD
MSGB101863,Agency B,BOR201348,SL101271,2025-10-24 12:00:00,General Notice,Your account requires attention. Please contact our office at your earliest convenience. Reply STOP to stop these messages.,,,0,15.0,1-29 DPD
MSGB101386,Agency B,BOR200369,SL101024,2023-04-08 16:00:00,Settlement Offer,You may be eligible for a reduced settlement on your account. Contact us to learn more before this offer expires. Reply STOP to opt out.,,,0,45.0,30-59 DPD
MSGB100694,Agency B,BOR201452,SL100225,2023-11-12 07:00:00,General Notice,Your account requires attention. Please contact our office at your earliest convenience. Reply STOP to stop these messages.,,,0,45.0,30-59 DPD
MSGB100188,Agency B,BOR201498,SL100595,2025-09-20 16:00:00,Payment Reminder,"Hi, this is a reminder that your student loan payment is past due. Call us or visit your account portal to make a payment. Reply STOP to opt out of text alerts.",,,0,15.0,1-29 DPD
MSGB101034,Agency B,BOR200417,SL100001,2024-10-14 07:00:00,Payment Reminder,Your loan payment is overdue. Please contact us today to avoid further action. Msg&data rates may apply. Reply STOP to unsubscribe.,,,0,15.0,1-29 DPD
MSGB101507,Agency B,BOR201531,SL102356,2025-08-06 09:00:00,Hardship Program Info,You may qualify for a temporary hardship repayment plan. Call us to discuss your options. Reply STOP to unsubscribe from texts.,,,0,45.0,30-59 DPD
MSGB100623,Agency B,BOR201260,SL100818,2026-08-10 07:00:00,Settlement Offer,You may be eligible for a reduced settlement on your account. Contact us to learn more before this offer expires. Reply STOP to opt out.,,,0,45.0,30-59 DPD
MSGB101232,Agency B,BOR201246,SL101427,2024-07-27 13:00:00,Settlement Offer,You may be eligible for a reduced settlement on your account. Contact us to learn more before this offer expires. Reply STOP to opt out.,,,0,15.0,1-29 DPD
MSGB100667,Agency B,BOR202049,SL100630,2025-07-11 10:00:00,Hardship Program Info,You may qualify for a temporary hardship repayment plan. Call us to discuss your options. Reply STOP to unsubscribe from texts.,,,0,15.0,1-29 DPD
MSGB101334,Agency B,BOR200425,SL101569,2026-05-10 16:00:00,Settlement Offer,You may be eligible for a reduced settlement on your account. Contact us to learn more before this offer expires. Reply STOP to opt out.,,,0,75.0,60-89 DPD
MSGB100051,Agency B,BOR200554,SL101665,2024-11-22 11:00:00,Settlement Offer,You may be eligible for a reduced settlement on your account. Contact us to learn more before this offer expires. Reply STOP to opt out.,,,0,15.0,1-29 DPD
MSGB100004,Agency B,BOR200329,SL101470,2026-07-20 08:00:00,General Notice,Your account requires attention. Please contact our office at your earliest convenience. Reply STOP to stop these messages.,,,0,15.0,1-29 DPD
MSGB101031,Agency B,BOR201919,SL100776,2024-05-07 06:00:00,Payment Reminder,"Hi, this is a reminder that your student loan payment is past due. Call us or visit your account portal to make a payment. Reply STOP to opt out of text alerts.",,,0,15.0,1-29 DPD
MSGB101263,Agency B,BOR200617,SL102311,2024-09-04 06:00:00,Hardship Program Info,You may qualify for a temporary hardship repayment plan. Call us to discuss your options. Reply STOP to unsubscribe from texts.,,,0,75.0,60-89 DPD
MSGB100040,AGENCY_B,BOR200836,SL102211,2025-03-16 09:00:00,Settlement Offer,You may be eligible for a reduced settlement on your account. Contact us to learn more before this offer expires. Reply STOP to opt out.,when does interest stop accruing on this loan,2025-03-16 18:05:00,1,105.0,90-119 DPD
MSGB101597,Agency B,BOR201300,SL101480,2023-07-20 08:00:00,General Notice,Your account requires attention. Please contact our office at your earliest convenience. Reply STOP to stop these messages.,,,0,75.0,60-89 DPD
MSGB100147,Agency B,BOR200751,SL102270,2024-06-15 15:00:00,General Notice,Your account requires attention. Please contact our office at your earliest convenience. Reply STOP to stop these messages.,,,0,105.0,90-119 DPD
MSGB101142,Agency B,BOR201414,SL101790,2025-10-27 07:00:00,Payment Reminder,Your loan payment is overdue. Please contact us today to avoid further action. Msg&data rates may apply. Reply STOP to unsubscribe.,sorry missed the bus stop have to call back later,2025-10-27 10:47:00,1,15.0,1-29 DPD
MSGB101856,Agency B,BOR201681,SL101976,2023-04-13 15:00:00,Payment Reminder,Your loan payment is overdue. Please contact us today to avoid further action. Msg&data rates may apply. Reply STOP to unsubscribe.,,,0,75.0,60-89 DPD
MSGB100503,Agency B,BOR200311,SL101359,2024-11-13 16:00:00,General Notice,Your account requires attention. Please contact our office at your earliest convenience. Reply STOP to stop these messages.,,,0,195.0,180+ DPD
MSGB101500,Agency B,BOR200954,SL101930,2024-03-17 16:00:00,Hardship Program Info,You may qualify for a temporary hardship repayment plan. Call us to discuss your options. Reply STOP to unsubscribe from texts.,,,0,45.0,30-59 DPD
MSGB100138,Agency B,BOR200383,SL102486,2025-10-13 09:00:00,Hardship Program Info,You may qualify for a temporary hardship repayment plan. Call us to discuss your options. Reply STOP to unsubscribe from texts.,,,0,75.0,60-89 DPD
MSGB100269,Agency B,BOR201681,SL101976,2023-05-10 16:00:00,General Notice,Your account requires attention. Please contact our office at your earliest convenience. Reply STOP to stop these messages.,,,0,75.0,60-89 DPD
MSGB100869,Agency B,BOR202100,SL100959,2024-02-08 11:00:00,Hardship Program Info,You may qualify for a temporary hardship repayment plan. Call us to discuss your options. Reply STOP to unsubscribe from texts.,,,0,15.0,1-29 DPD
MSGB101054,Agency B,BOR202289,SL101639,2025-12-16 16:00:00,Payment Reminder,Your loan payment is overdue. Please contact us today to avoid further action. Msg&data rates may apply. Reply STOP to unsubscribe.,,,0,45.0,30-59 DPD
MSGB100684,Agency B,BOR201476,SL100205,2026-01-20 16:00:00,General Notice,Your account requires attention. Please contact our office at your earliest convenience. Reply STOP to stop these messages.,,,0,45.0,30-59 DPD
MSGB101717,Agency B,BOR200706,SL101379,2021-08-11 05:00:00,Settlement Offer,You may be eligible for a reduced settlement on your account. Contact us to learn more before this offer expires. Reply STOP to opt out.,,,0,15.0,1-29 DPD
MSGB101093,Agency B,BOR200808,SL101208,2022-06-05 15:00:00,Hardship Program Info,You may qualify for a temporary hardship repayment plan. Call us to discuss your options. Reply STOP to unsubscribe from texts.,,,0,15.0,1-29 DPD
MSGB100251,Agency B,BOR201966,SL101441,2025-09-09 10:00:00,Payment Reminder,Your loan payment is overdue. Please contact us today to avoid further action. Msg&data rates may apply. Reply STOP to unsubscribe.,,,0,105.0,90-119 DPD
MSGB100599,Agency B,BOR200876,SL100081,2021-03-04 10:00:00,Settlement Offer,You may be eligible for a reduced settlement on your account. Contact us to learn more before this offer expires. Reply STOP to opt out.,,,0,45.0,30-59 DPD
MSGB100494,Agency B,BOR201490,SL100337,2021-12-12 08:00:00,Payment Reminder,Your loan payment is overdue. Please contact us today to avoid further action. Msg&data rates may apply. Reply STOP to unsubscribe.,,,0,15.0,1-29 DPD
MSGB101438,Agency B,BOR201549,SL100294,2025-02-17 14:00:00,General Notice,Your account requires attention. Please contact our office at your earliest convenience. Reply STOP to stop these messages.,please STOP texting me forever,2025-02-17 21:10:00,1,105.0,90-119 DPD
MSGB100952,Agency B,BOR200481,SL100567,2022-09-21 16:00:00,General Notice,Your account requires attention. Please contact our office at your earliest convenience. Reply STOP to stop these messages.,,,0,15.0,1-29 DPD
MSGB100963,Agency B,BOR202123,SL101540,2025-09-23 10:00:00,General Notice,Your account requires attention. Please contact our office at your earliest convenience. Reply STOP to stop these messages.,,,0,15.0,1-29 DPD
MSGB101452,Agency B,BOR200174,SL101594,2024-01-25 16:00:00,Settlement Offer,You may be eligible for a reduced settlement on your account. Contact us to learn more before this offer expires. Reply STOP to opt out.,,,0,75.0,60-89 DPD
MSGB101708,Agency B,BOR200954,SL101930,2024-07-25 07:00:00,Settlement Offer,You may be eligible for a reduced settlement on your account. Contact us to learn more before this offer expires. Reply STOP to opt out.,,,0,105.0,90-119 DPD
MSGB101647,Agency B,BOR201925,SL101762,2022-07-23 08:00:00,General Notice,Your account requires attention. Please contact our office at your earliest convenience. Reply STOP to stop these messages.,,,0,15.0,1-29 DPD
MSGB101514,Agency B,BOR200256,SL100655,2021-04-27 14:00:00,Payment Reminder,Your loan payment is overdue. Please contact us today to avoid further action. Msg&data rates may apply. Reply STOP to unsubscribe.,,,0,45.0,30-59 DPD
MSGB101063,Agency B,BOR200430,SL100379,2023-08-28 07:00:00,General Notice,Your account requires attention. Please contact our office at your earliest convenience. Reply STOP to stop these messages.,,,0,15.0,1-29 DPD
MSGB100646,Agency B,BOR200323,SL101279,2026-03-06 16:00:00,Payment Reminder,"Hi, this is a reminder that your student loan payment is past due. Call us or visit your account portal to make a payment. Reply STOP to opt out of text alerts.","stop it's already paid, why do I keep getting texts",2026-03-06 23:57:00,1,15.0,1-29 DPD
MSGB101596,Agency B,BOR202149,SL101638,2023-11-17 08:00:00,General Notice,Your account requires attention. Please contact our office at your earliest convenience. Reply STOP to stop these messages.,I already stopped autopay is that why im getting these,2023-11-17 16:14:00,1,45.0,30-59 DPD
MSGB100043,Agency B,BOR202323,SL102411,2025-06-27 16:00:00,General Notice,Your account requires attention. Please contact our office at your earliest convenience. Reply STOP to stop these messages.,,,0,75.0,60-89 DPD
MSGB101135,Agency B,BOR201254,SL101983,2023-12-26 07:00:00,Payment Reminder,Your loan payment is overdue. Please contact us today to avoid further action. Msg&data rates may apply. Reply STOP to unsubscribe.,,,0,45.0,30-59 DPD
MSGB101666,Agency B,BOR201293,SL100535,2026-08-18 09:00:00,Payment Reminder,Your loan payment is overdue. Please contact us today to avoid further action. Msg&data rates may apply. Reply STOP to unsubscribe.,,,0,45.0,30-59 DPD
MSGB100607,Agency B,BOR200579,SL101641,2021-12-08 15:00:00,Payment Reminder,"Hi, this is a reminder that your student loan payment is past due. Call us or visit your account portal to make a payment. Reply STOP to opt out of text alerts.",,,0,15.0,1-29 DPD
MSGB100931,Agency B,BOR200008,SL102248,2022-12-18 15:00:00,General Notice,Your account requires attention. Please contact our office at your earliest convenience. Reply STOP to stop these messages.,already paid this,2022-12-18 17:12:00,0,15.0,1-29 DPD
MSGB101092,Agency B,BOR200319,SL100993,2021-05-26 15:00:00,Payment Reminder,"Hi, this is a reminder that your student loan payment is past due. Call us or visit your account portal to make a payment. Reply STOP to opt out of text alerts.",,,0,45.0,30-59 DPD
MSGB100331,Agency B,BOR201994,SL101546,2023-03-28 08:00:00,Payment Reminder,"Hi, this is a reminder that your student loan payment is past due. Call us or visit your account portal to make a payment. Reply STOP to opt out of text alerts.",,,0,15.0,1-29 DPD
MSGB101489,Agency B,BOR200450,SL101951,2022-07-25 10:00:00,Payment Reminder,"Hi, this is a reminder that your student loan payment is past due. Call us or visit your account portal to make a payment. Reply STOP to opt out of text alerts.",,,0,45.0,30-59 DPD
MSGB100862,Agency B,BOR200917,SL101689,2026-08-18 16:00:00,Hardship Program Info,You may qualify for a temporary hardship repayment plan. Call us to discuss your options. Reply STOP to unsubscribe from texts.,,,0,45.0,30-59 DPD
MSGB101810,Agency B,BOR201047,SL100232,2025-08-10 14:00:00,Payment Reminder,Your loan payment is overdue. Please contact us today to avoid further action. Msg&data rates may apply. Reply STOP to unsubscribe.,,,0,75.0,60-89 DPD
MSGB101208,Agency B,BOR201759,SL100944,2024-06-27 07:00:00,Payment Reminder,"Hi, this is a reminder that your student loan payment is past due. Call us or visit your account portal to make a payment. Reply STOP to opt out of text alerts.",,,0,15.0,1-29 DPD
MSGB101420,Agency B,BOR201271,SL102047,2025-04-09 09:00:00,Hardship Program Info,You may qualify for a temporary hardship repayment plan. Call us to discuss your options. Reply STOP to unsubscribe from texts.,,,0,15.0,1-29 DPD
MSGB100705,Agency B,BOR201385,SL100242,2021-07-07 07:00:00,General Notice,Your account requires attention. Please contact our office at your earliest convenience. Reply STOP to stop these messages.,,,0,15.0,1-29 DPD
MSGB101541,Agency B,BOR201750,SL100816,2026-06-12 11:00:00,Settlement Offer,You may be eligible for a reduced settlement on your account. Contact us to learn more before this offer expires. Reply STOP to opt out.,,,0,105.0,90-119 DPD
MSGB100955,Agency B,BOR200610,SL102152,2024-05-05 16:00:00,Payment Reminder,Your loan payment is overdue. Please contact us today to avoid further action. Msg&data rates may apply. Reply STOP to unsubscribe.,,,0,105.0,90-119 DPD
MSGB100829,Agency B,BOR200123,SL101574,2026-07-20 06:00:00,General Notice,Your account requires attention. Please contact our office at your earliest convenience. Reply STOP to stop these messages.,,,0,15.0,1-29 DPD
MSGB100011,Agency B,BOR200139,SL100069,2022-12-17 07:00:00,Settlement Offer,You may be eligible for a reduced settlement on your account. Contact us to learn more before this offer expires. Reply STOP to opt out.,,,0,105.0,90-119 DPD
MSGB100313,Agency B,BOR200319,SL100993,2021-03-23 09:00:00,Hardship Program Info,You may qualify for a temporary hardship repayment plan. Call us to discuss your options. Reply STOP to unsubscribe from texts.,,,0,15.0,1-29 DPD
MSGB100729,Agency B,BOR202168,SL101355,2026-05-18 06:00:00,Payment Reminder,Your loan payment is overdue. Please contact us today to avoid further action. Msg&data rates may apply. Reply STOP to unsubscribe.,,,0,75.0,60-89 DPD
MSGB101167,Agency B,BOR200335,SL102216,2025-11-06 14:00:00,Hardship Program Info,You may qualify for a temporary hardship repayment plan. Call us to discuss your options. Reply STOP to unsubscribe from texts.,,,0,15.0,1-29 DPD
MSGB100261,Agency B,BOR201655,SL101744,2026-08-26 11:00:00,Payment Reminder,"Hi, this is a reminder that your student loan payment is past due. Call us or visit your account portal to make a payment. Reply STOP to opt out of text alerts.",,,0,45.0,30-59 DPD
MSGB101395,Agency B,BOR201789,SL101732,2026-01-07 07:00:00,Settlement Offer,You may be eligible for a reduced settlement on your account. Contact us to learn more before this offer expires. Reply STOP to opt out.,,,0,45.0,30-59 DPD
MSGB100747,Agency B,BOR201880,SL100394,2025-03-17 13:00:00,Hardship Program Info,You may qualify for a temporary hardship repayment plan. Call us to discuss your options. Reply STOP to unsubscribe from texts.,,,0,15.0,1-29 DPD
MSGB101244,Agency B,BOR201565,SL101590,2026-06-06 08:00:00,Settlement Offer,You may be eligible for a reduced settlement on your account. Contact us to learn more before this offer expires. Reply STOP to opt out.,ok will pay soon,2026-06-06 08:52:00,0,75.0,60-89 DPD
MSGB101643,Agency B,BOR201011,SL101510,2022-05-10 05:00:00,Hardship Program Info,You may qualify for a temporary hardship repayment plan. Call us to discuss your options. Reply STOP to unsubscribe from texts.,"stop it's already paid, why do I keep getting texts",2022-05-10 10:25:00,1,15.0,1-29 DPD
MSGB100249,Agency B,BOR201457,SL101691,2024-04-09 15:00:00,Settlement Offer,You may be eligible for a reduced settlement on your account. Contact us to learn more before this offer expires. Reply STOP to opt out.,,,0,105.0,90-119 DPD
MSGB101826,Agency B,BOR202257,SL100003,2022-09-22 06:00:00,Payment Reminder,"Hi, this is a reminder that your student loan payment is past due. Call us or visit your account portal to make a payment. Reply STOP to opt out of text alerts.",,,0,15.0,1-29 DPD
MSGB100182,Agency B,BOR201830,SL100299,2025-02-22 13:00:00,Payment Reminder,"Hi, this is a reminder that your student loan payment is past due. Call us or visit your account portal to make a payment. Reply STOP to opt out of text alerts.",,,0,165.0,150-179 DPD
MSGB101849,Agency B,BOR201795,SL100665,2023-09-09 06:00:00,Payment Reminder,"Hi, this is a reminder that your student loan payment is past due. Call us or visit your account portal to make a payment. Reply STOP to opt out of text alerts.",,,0,45.0,30-59 DPD
MSGB100463,Agency B,BOR201837,SL102273,2024-03-21 16:00:00,General Notice,Your account requires attention. Please contact our office at your earliest convenience. Reply STOP to stop these messages.,,,0,15.0,1-29 DPD
MSGB101461,Agency B,BOR200933,SL102444,2026-05-11 16:00:00,Payment Reminder,"Hi, this is a reminder that your student loan payment is past due. Call us or visit your account portal to make a payment. Reply STOP to opt out of text alerts.",,,0,15.0,1-29 DPD
MSGB101426,Agency B,BOR201302,SL101225,2023-08-14 10:00:00,General Notice,Your account requires attention. Please contact our office at your earliest convenience. Reply STOP to stop these messages.,,,0,45.0,30-59 DPD
MSGB100569,AGENCY_B,BOR202247,SL101835,2025-02-17 14:00:00,Hardship Program Info,You may qualify for a temporary hardship repayment plan. Call us to discuss your options. Reply STOP to unsubscribe from texts.,,,0,45.0,30-59 DPD
MSGB100608,Agency B,BOR202060,SL100639,2024-07-24 09:00:00,Payment Reminder,"Hi, this is a reminder that your student loan payment is past due. Call us or visit your account portal to make a payment. Reply STOP to opt out of text alerts.",yes,2024-07-24 15:00:00,0,15.0,1-29 DPD
MSGB101375,Agency B,BOR200491,SL102219,2022-10-23 11:00:00,Payment Reminder,Your loan payment is overdue. Please contact us today to avoid further action. Msg&data rates may apply. Reply STOP to unsubscribe.,,,0,165.0,150-179 DPD
MSGB100523,Agency B,BOR200459,SL101838,2024-11-14 08:00:00,Payment Reminder,Your loan payment is overdue. Please contact us today to avoid further action. Msg&data rates may apply. Reply STOP to unsubscribe.,,,0,195.0,180+ DPD
MSGB101701,Agency B,BOR200808,SL101208,2024-06-08 08:00:00,General Notice,Your account requires attention. Please contact our office at your earliest convenience. Reply STOP to stop these messages.,Stop,2024-06-08 15:51:00,1,15.0,1-29 DPD
MSGB101079,Agency B,BOR201830,SL100299,2025-03-09 08:00:00,Hardship Program Info,You may qualify for a temporary hardship repayment plan. Call us to discuss your options. Reply STOP to unsubscribe from texts.,,,0,165.0,150-179 DPD
MSGB100634,Agency B,BOR201492,SL100490,2026-08-08 07:00:00,Payment Reminder,Your loan payment is overdue. Please contact us today to avoid further action. Msg&data rates may apply. Reply STOP to unsubscribe.,,,0,15.0,1-29 DPD
MSGB100438,Agency B,BOR201553,SL100958,2025-12-23 15:00:00,Payment Reminder,"Hi, this is a reminder that your student loan payment is past due. Call us or visit your account portal to make a payment. Reply STOP to opt out of text alerts.",,,0,15.0,1-29 DPD
MSGB100886,Agency B,BOR200211,SL102372,2025-01-09 15:00:00,Payment Reminder,"Hi, this is a reminder that your student loan payment is past due. Call us or visit your account portal to make a payment. Reply STOP to opt out of text alerts.",,,0,15.0,1-29 DPD
MSGB100873,Agency B,BOR201791,SL100737,2025-08-10 05:00:00,Payment Reminder,Your loan payment is overdue. Please contact us today to avoid further action. Msg&data rates may apply. Reply STOP to unsubscribe.,,,0,15.0,1-29 DPD
MSGB101392,Agency B,BOR201340,SL101344,2025-12-10 09:00:00,General Notice,Your account requires attention. Please contact our office at your earliest convenience. Reply STOP to stop these messages.,,,0,135.0,120-149 DPD
MSGB101153,Agency B,BOR200423,SL100715,2022-08-06 13:00:00,Payment Reminder,Your loan payment is overdue. Please contact us today to avoid further action. Msg&data rates may apply. Reply STOP to unsubscribe.,,,0,75.0,60-89 DPD
MSGB100360,Agency B,BOR201274,SL101878,2022-12-20 09:00:00,Settlement Offer,You may be eligible for a reduced settlement on your account. Contact us to learn more before this offer expires. Reply STOP to opt out.,,,0,75.0,60-89 DPD
MSGB101007,Agency B,BOR201246,SL101427,2023-03-16 11:00:00,General Notice,Your account requires attention. Please contact our office at your earliest convenience. Reply STOP to stop these messages.,,,0,15.0,1-29 DPD
MSGB101360,Agency B,BOR202171,SL101021,2025-12-16 12:00:00,Hardship Program Info,You may qualify for a temporary hardship repayment plan. Call us to discuss your options. Reply STOP to unsubscribe from texts.,,,0,45.0,30-59 DPD
MSGB100698,Agency B,BOR201536,SL101727,2024-07-17 05:00:00,Hardship Program Info,You may qualify for a temporary hardship repayment plan. Call us to discuss your options. Reply STOP to unsubscribe from texts.,,,0,15.0,1-29 DPD
MSGB101083,Agency B,BOR201292,SL102416,2022-05-26 05:00:00,General Notice,Your account requires attention. Please contact our office at your earliest convenience. Reply STOP to stop these messages.,,,0,45.0,30-59 DPD
MSGB101256,Agency B,BOR200490,SL101426,2022-10-28 14:00:00,General Notice,Your account requires attention. Please contact our office at your earliest convenience. Reply STOP to stop these messages.,,,0,45.0,30-59 DPD
MSGB100833,Agency B,BOR201267,SL100869,2023-11-13 09:00:00,Payment Reminder,Your loan payment is overdue. Please contact us today to avoid further action. Msg&data rates may apply. Reply STOP to unsubscribe.,,,0,15.0,1-29 DPD
MSGB100119,Agency B,BOR200758,SL101769,2026-08-19 15:00:00,Hardship Program Info,You may qualify for a temporary hardship repayment plan. Call us to discuss your options. Reply STOP to unsubscribe from texts.,,,0,15.0,1-29 DPD
MSGB100354,Agency B,BOR200823,SL102326,2025-02-20 12:00:00,Payment Reminder,Your loan payment is overdue. Please contact us today to avoid further action. Msg&data rates may apply. Reply STOP to unsubscribe.,,,0,75.0,60-89 DPD
MSGB100290,Agency B,BOR200311,SL101359,2024-04-24 10:00:00,Payment Reminder,Your loan payment is overdue. Please contact us today to avoid further action. Msg&data rates may apply. Reply STOP to unsubscribe.,,,0,105.0,90-119 DPD
MSGB101725,Agency B,BOR201620,SL102407,2023-01-07 16:00:00,Payment Reminder,Your loan payment is overdue. Please contact us today to avoid further action. Msg&data rates may apply. Reply STOP to unsubscribe.,,,0,15.0,1-29 DPD
MSGB101783,Agency B,BOR200244,SL101657,2025-04-16 08:00:00,Settlement Offer,You may be eligible for a reduced settlement on your account. Contact us to learn more before this offer expires. Reply STOP to opt out.,,,0,15.0,1-29 DPD
MSGB101356,Agency B,BOR202184,SL101118,2021-01-14 14:00:00,Settlement Offer,You may be eligible for a reduced settlement on your account. Contact us to learn more before this offer expires. Reply STOP to opt out.,,,0,15.0,1-29 DPD
MSGB101025,Agency B,BOR201154,SL102175,2022-04-21 13:00:00,Payment Reminder,Your loan payment is overdue. Please contact us today to avoid further action. Msg&data rates may apply. Reply STOP to unsubscribe.,,,0,15.0,1-29 DPD
MSGB101530,Agency B,BOR200618,SL101270,2026-04-03 09:00:00,Payment Reminder,"Hi, this is a reminder that your student loan payment is past due. Call us or visit your account portal to make a payment. Reply STOP to opt out of text alerts.",,,0,15.0,1-29 DPD
MSGB101883,Agency B,BOR200137,SL101057,2026-07-07 09:00:00,General Notice,Your account requires attention. Please contact our office at your earliest convenience. Reply STOP to stop these messages.,k,2026-07-07 13:23:00,0,15.0,1-29 DPD
MSGB100468,Agency B,BOR201978,SL101093,2021-02-11 07:00:00,General Notice,Your account requires attention. Please contact our office at your earliest convenience. Reply STOP to stop these messages.,,,0,45.0,30-59 DPD
MSGB100021,Agency B,BOR201641,SL101994,2024-05-27 13:00:00,Hardship Program Info,You may qualify for a temporary hardship repayment plan. Call us to discuss your options. Reply STOP to unsubscribe from texts.,,,0,15.0,1-29 DPD
MSGB101634,Agency B,BOR201681,SL101142,2024-02-23 11:00:00,Hardship Program Info,You may qualify for a temporary hardship repayment plan. Call us to discuss your options. Reply STOP to unsubscribe from texts.,,,0,45.0,30-59 DPD
MSGB100793,Agency B,BOR201429,SL102193,2025-10-24 11:00:00,Payment Reminder,Your loan payment is overdue. Please contact us today to avoid further action. Msg&data rates may apply. Reply STOP to unsubscribe.,,,0,105.0,90-119 DPD
MSGB100475,Agency B,BOR202083,SL100285,2023-12-25 09:00:00,Hardship Program Info,You may qualify for a temporary hardship repayment plan. Call us to discuss your options. Reply STOP to unsubscribe from texts.,ok will pay soon,2023-12-25 09:04:00,0,75.0,60-89 DPD
MSGB101220,Agency B,BOR201763,SL101481,2025-05-20 15:00:00,Hardship Program Info,You may qualify for a temporary hardship repayment plan. Call us to discuss your options. Reply STOP to unsubscribe from texts.,,,0,15.0,1-29 DPD
MSGB101757,Agency B,BOR200065,SL100351,2024-12-19 10:00:00,Settlement Offer,You may be eligible for a reduced settlement on your account. Contact us to learn more before this offer expires. Reply STOP to opt out.,,,0,15.0,1-29 DPD
MSGB100207,Agency B,BOR201490,SL100763,2025-09-16 12:00:00,Payment Reminder,"Hi, this is a reminder that your student loan payment is past due. Call us or visit your account portal to make a payment. Reply STOP to opt out of text alerts.",,,0,15.0,1-29 DPD
MSGB101660,Agency B,BOR202319,SL100160,2025-08-22 16:00:00,General Notice,Your account requires attention. Please contact our office at your earliest convenience. Reply STOP to stop these messages.,,,0,45.0,30-59 DPD
MSGB100014,Agency B,BOR201509,SL100801,2025-09-26 13:00:00,Payment Reminder,Your loan payment is overdue. Please contact us today to avoid further action. Msg&data rates may apply. Reply STOP to unsubscribe.,,,0,15.0,1-29 DPD
MSGB101468,Agency B,BOR201397,SL100968,2023-11-15 05:00:00,Payment Reminder,Your loan payment is overdue. Please contact us today to avoid further action. Msg&data rates may apply. Reply STOP to unsubscribe.,,,0,105.0,90-119 DPD
MSGB100789,AGENCY_B,BOR200502,SL101733,2026-01-28 07:00:00,Settlement Offer,You may be eligible for a reduced settlement on your account. Contact us to learn more before this offer expires. Reply STOP to opt out.,already paid this,2026-01-28 11:36:00,0,165.0,150-179 DPD
MSGB100012,Agency B,BOR202280,SL101779,2026-07-12 08:00:00,General Notice,Your account requires attention. Please contact our office at your earliest convenience. Reply STOP to stop these messages.,,,0,15.0,1-29 DPD
MSGB101077,Agency B,BOR200670,SL101859,2025-12-13 13:00:00,Payment Reminder,Your loan payment is overdue. Please contact us today to avoid further action. Msg&data rates may apply. Reply STOP to unsubscribe.,,,0,105.0,90-119 DPD
MSGB100080,Agency B,BOR200815,SL101152,2024-06-24 08:00:00,Hardship Program Info,You may qualify for a temporary hardship repayment plan. Call us to discuss your options. Reply STOP to unsubscribe from texts.,,,0,15.0,1-29 DPD
MSGB100555,Agency B,BOR200590,SL101548,2025-10-10 11:00:00,General Notice,Your account requires attention. Please contact our office at your earliest convenience. Reply STOP to stop these messages.,,,0,105.0,90-119 DPD
MSGB100853,Agency B,BOR201014,SL101466,2026-03-27 15:00:00,General Notice,Your account requires attention. Please contact our office at your earliest convenience. Reply STOP to stop these messages.,,,0,105.0,90-119 DPD
MSGB100630,AGENCY_B,BOR202140,SL101117,2025-10-25 10:00:00,Payment Reminder,"Hi, this is a reminder that your student loan payment is past due. Call us or visit your account portal to make a payment. Reply STOP to opt out of text alerts.",,,0,45.0,30-59 DPD
MSGB101039,Agency B,BOR202045,SL100056,2025-08-08 10:00:00,Hardship Program Info,You may qualify for a temporary hardship repayment plan. Call us to discuss your options. Reply STOP to unsubscribe from texts.,,,0,165.0,150-179 DPD
MSGB100770,Agency B,BOR200008,SL102248,2025-05-05 10:00:00,Settlement Offer,You may be eligible for a reduced settlement on your account. Contact us to learn more before this offer expires. Reply STOP to opt out.,,,0,135.0,120-149 DPD
MSGB100674,Agency B,BOR201263,SL100499,2026-04-18 10:00:00,Payment Reminder,"Hi, this is a reminder that your student loan payment is past due. Call us or visit your account portal to make a payment. Reply STOP to opt out of text alerts.",wrong number,2026-04-18 13:35:00,0,45.0,30-59 DPD
MSGB101880,Agency B,BOR200793,SL100263,2026-02-06 13:00:00,Payment Reminder,Your loan payment is overdue. Please contact us today to avoid further action. Msg&data rates may apply. Reply STOP to unsubscribe.,,,0,75.0,60-89 DPD
MSGB100244,Agency B,BOR200936,SL100116,2024-05-16 10:00:00,Payment Reminder,Your loan payment is overdue. Please contact us today to avoid further action. Msg&data rates may apply. Reply STOP to unsubscribe.,,,0,15.0,1-29 DPD
MSGB101681,Agency B,BOR202188,SL101658,2025-05-20 11:00:00,Settlement Offer,You may be eligible for a reduced settlement on your account. Contact us to learn more before this offer expires. Reply STOP to opt out.,,,0,15.0,1-29 DPD
MSGB101335,Agency B,BOR201694,SL100472,2022-03-16 07:00:00,Settlement Offer,You may be eligible for a reduced settlement on your account. Contact us to learn more before this offer expires. Reply STOP to opt out.,  yes   ,2022-03-16 16:23:00,0,15.0,1-29 DPD
MSGB101053,Agency B,BOR200142,SL101396,2026-03-22 11:00:00,Payment Reminder,Your loan payment is overdue. Please contact us today to avoid further action. Msg&data rates may apply. Reply STOP to unsubscribe.,,,0,45.0,30-59 DPD
MSGB101623,Agency B,BOR201926,SL100569,2025-02-21 09:00:00,Payment Reminder,,,,0,15.0,1-29 DPD
MSGB100551,Agency B,BOR200084,SL101774,2023-11-17 08:00:00,General Notice,Your account requires attention. Please contact our office at your earliest convenience. Reply STOP to stop these messages.,,,0,45.0,30-59 DPD
MSGB100605,Agency B,BOR201849,SL102320,2025-08-23 09:00:00,General Notice,Your account requires attention. Please contact our office at your earliest convenience. Reply STOP to stop these messages.,,,0,45.0,30-59 DPD
MSGB100129,Agency B,BOR200418,SL102464,2024-05-09 12:00:00,Settlement Offer,You may be eligible for a reduced settlement on your account. Contact us to learn more before this offer expires. Reply STOP to opt out.,,,0,105.0,90-119 DPD
MSGB100284,Agency B,BOR200656,SL100207,2025-04-25 10:00:00,Hardship Program Info,You may qualify for a temporary hardship repayment plan. Call us to discuss your options. Reply STOP to unsubscribe from texts.,,,0,15.0,1-29 DPD
MSGB101370,Agency B,BOR200580,SL100341,2025-12-11 15:00:00,Payment Reminder,Your loan payment is overdue. Please contact us today to avoid further action. Msg&data rates may apply. Reply STOP to unsubscribe.,"stop it's already paid, why do I keep getting texts",2025-12-11 22:10:00,1,15.0,1-29 DPD
MSGB101834,Agency B,BOR201334,SL101834,2024-10-07 08:00:00,Hardship Program Info,You may qualify for a temporary hardship repayment plan. Call us to discuss your options. Reply STOP to unsubscribe from texts.,,,0,165.0,150-179 DPD
MSGB101770,Agency B,BOR202135,SL101822,2023-03-22 06:00:00,Payment Reminder,Your loan payment is overdue. Please contact us today to avoid further action. Msg&data rates may apply. Reply STOP to unsubscribe.,,,0,15.0,1-29 DPD
MSGB100240,Agency B,BOR201191,SL101678,2025-08-21 13:00:00,Hardship Program Info,You may qualify for a temporary hardship repayment plan. Call us to discuss your options. Reply STOP to unsubscribe from texts.,,,0,15.0,1-29 DPD
MSGB100546,Agency B,BOR200636,SL102271,2024-07-07 07:00:00,Hardship Program Info,You may qualify for a temporary hardship repayment plan. Call us to discuss your options. Reply STOP to unsubscribe from texts.,,,0,15.0,1-29 DPD
MSGB101705,Agency B,BOR201075,SL100054,2026-02-04 11:00:00,Payment Reminder,"Hi, this is a reminder that your student loan payment is past due. Call us or visit your account portal to make a payment. Reply STOP to opt out of text alerts.",,,0,15.0,1-29 DPD
MSGB100893,Agency B,BOR201708,SL100503,2025-03-16 14:00:00,Payment Reminder,"Hi, this is a reminder that your student loan payment is past due. Call us or visit your account portal to make a payment. Reply STOP to opt out of text alerts.",,,0,15.0,1-29 DPD
MSGB101669,Agency B,BOR201291,SL100342,2024-12-28 11:00:00,Payment Reminder,Your loan payment is overdue. Please contact us today to avoid further action. Msg&data rates may apply. Reply STOP to unsubscribe.,,,0,105.0,90-119 DPD
MSGB101047,Agency B,BOR200895,SL102485,2021-09-09 09:00:00,General Notice,Your account requires attention. Please contact our office at your earliest convenience. Reply STOP to stop these messages.,,,0,15.0,1-29 DPD
MSGB100022,Agency B,BOR201544,SL101832,2022-01-23 09:00:00,Settlement Offer,You may be eligible for a reduced settlement on your account. Contact us to learn more before this offer expires. Reply STOP to opt out.,,,0,45.0,30-59 DPD
MSGB101454,Agency B,BOR200654,SL101947,2025-05-05 14:00:00,Settlement Offer,You may be eligible for a reduced settlement on your account. Contact us to learn more before this offer expires. Reply STOP to opt out.,sorry missed the bus stop have to call back later,2025-05-05 17:43:00,1,15.0,1-29 DPD
MSGB100914,Agency B,BOR200601,SL100203,2022-09-13 06:00:00,Payment Reminder,"Hi, this is a reminder that your student loan payment is past due. Call us or visit your account portal to make a payment. Reply STOP to opt out of text alerts.",,,0,45.0,30-59 DPD
MSGB101645,Agency B,BOR201090,SL100584,2023-10-18 09:00:00,Payment Reminder,Your loan payment is overdue. Please contact us today to avoid further action. Msg&data rates may apply. Reply STOP to unsubscribe.,,,0,135.0,120-149 DPD
MSGB100246,Agency B,BOR200706,SL101379,2025-11-14 12:00:00,Payment Reminder,Your loan payment is overdue. Please contact us today to avoid further action. Msg&data rates may apply. Reply STOP to unsubscribe.,,,0,45.0,30-59 DPD
MSGB100120,Agency B,BOR200546,SL101437,2026-02-16 15:00:00,Hardship Program Info,You may qualify for a temporary hardship repayment plan. Call us to discuss your options. Reply STOP to unsubscribe from texts.,,,0,15.0,1-29 DPD
MSGB101230,Agency B,BOR201090,SL100584,2023-07-17 05:00:00,General Notice,Your account requires attention. Please contact our office at your earliest convenience. Reply STOP to stop these messages.,,,0,135.0,120-149 DPD
MSGB100458,Agency B,BOR200369,SL101024,2023-03-17 16:00:00,Payment Reminder,Your loan payment is overdue. Please contact us today to avoid further action. Msg&data rates may apply. Reply STOP to unsubscribe.,,,0,15.0,1-29 DPD
MSGB100589,Agency B,BOR201369,SL101887,2021-12-12 07:00:00,Payment Reminder,"Hi, this is a reminder that your student loan payment is past due. Call us or visit your account portal to make a payment. Reply STOP to opt out of text alerts.",,,0,75.0,60-89 DPD
MSGB101435,Agency B,BOR200278,SL102222,2023-05-22 09:00:00,Payment Reminder,"Hi, this is a reminder that your student loan payment is past due. Call us or visit your account portal to make a payment. Reply STOP to opt out of text alerts.",,,0,15.0,1-29 DPD
MSGB101748,Agency B,BOR200596,SL102490,2024-03-06 15:00:00,Payment Reminder,Your loan payment is overdue. Please contact us today to avoid further action. Msg&data rates may apply. Reply STOP to unsubscribe.,,,0,195.0,180+ DPD
MSGB101001,Agency B,BOR200218,SL100429,2025-10-14 12:00:00,General Notice,Your account requires attention. Please contact our office at your earliest convenience. Reply STOP to stop these messages.,,,0,135.0,120-149 DPD
MSGB100048,Agency B,BOR201490,SL100337,2022-11-13 13:00:00,Payment Reminder,Your loan payment is overdue. Please contact us today to avoid further action. Msg&data rates may apply. Reply STOP to unsubscribe.,,,0,165.0,150-179 DPD
MSGB100996,Agency B,BOR200856,SL100783,2023-07-23 07:00:00,Payment Reminder,Your loan payment is overdue. Please contact us today to avoid further action. Msg&data rates may apply. Reply STOP to unsubscribe.,,,0,15.0,1-29 DPD
MSGB101801,Agency B,BOR201254,SL101983,2021-07-22 12:00:00,Payment Reminder,Your loan payment is overdue. Please contact us today to avoid further action. Msg&data rates may apply. Reply STOP to unsubscribe.,he stopped answering his phone so im calling on his behalf,2021-07-22 18:25:00,1,15.0,1-29 DPD
MSGB101588,Agency B,BOR200580,SL100341,2025-04-03 13:00:00,Payment Reminder,Your loan payment is overdue. Please contact us today to avoid further action. Msg&data rates may apply. Reply STOP to unsubscribe.,,,0,45.0,30-59 DPD
MSGB101830,Agency B,BOR202161,SL102330,2025-10-20 11:00:00,General Notice,Your account requires attention. Please contact our office at your earliest convenience. Reply STOP to stop these messages.,,,0,15.0,1-29 DPD
MSGB100263,Agency B,BOR201137,SL101697,2025-04-05 06:00:00,General Notice,Your account requires attention. Please contact our office at your earliest convenience. Reply STOP to stop these messages.,,,0,15.0,1-29 DPD
MSGB101329,Agency B,BOR202319,SL100160,2025-10-20 05:00:00,Hardship Program Info,You may qualify for a temporary hardship repayment plan. Call us to discuss your options. Reply STOP to unsubscribe from texts.,,,0,75.0,60-89 DPD
MSGB101884,Agency B,BOR201433,SL101515,2023-06-23 14:00:00,General Notice,Your account requires attention. Please contact our office at your earliest convenience. Reply STOP to stop these messages.,,,0,15.0,1-29 DPD
MSGB101177,Agency B,BOR202309,SL102303,2023-06-18 11:00:00,General Notice,Your account requires attention. Please contact our office at your earliest convenience. Reply STOP to stop these messages.,sorry missed the bus stop have to call back later,2023-06-18 12:19:00,1,75.0,60-89 DPD
MSGB100372,Agency B,BOR201322,SL101692,2025-06-19 13:00:00,Payment Reminder,,,,0,15.0,1-29 DPD
MSGB100700,Agency B,BOR201573,SL102035,2025-04-17 11:00:00,Payment Reminder,"Hi, this is a reminder that your student loan payment is past due. Call us or visit your account portal to make a payment. Reply STOP to opt out of text alerts.",,,0,15.0,1-29 DPD
MSGB100733,Agency B,BOR200782,SL100941,2026-06-05 15:00:00,General Notice,Your account requires attention. Please contact our office at your earliest convenience. Reply STOP to stop these messages.,sorry missed the bus stop have to call back later,2026-06-06 00:00:00,1,15.0,1-29 DPD
MSGB100450,Agency B,BOR200173,SL100434,2024-08-20 07:00:00,Payment Reminder,"Hi, this is a reminder that your student loan payment is past due. Call us or visit your account portal to make a payment. Reply STOP to opt out of text alerts.",can you call me instead,2024-08-20 09:27:00,0,135.0,120-149 DPD
MSGB101702,Agency B,BOR201274,SL101878,2024-06-25 06:00:00,Hardship Program Info,You may qualify for a temporary hardship repayment plan. Call us to discuss your options. Reply STOP to unsubscribe from texts.,,,0,15.0,1-29 DPD
MSGB100452,Agency B,BOR200491,SL102219,2021-07-28 14:00:00,Payment Reminder,Your loan payment is overdue. Please contact us today to avoid further action. Msg&data rates may apply. Reply STOP to unsubscribe.,,,0,45.0,30-59 DPD
MSGB100938,Agency B,BOR201842,SL101217,2022-05-18 11:00:00,General Notice,Your account requires attention. Please contact our office at your earliest convenience. Reply STOP to stop these messages.,,,0,15.0,1-29 DPD
MSGB101057,Agency B,BOR202147,SL101284,2023-10-15 14:00:00,Hardship Program Info,You may qualify for a temporary hardship repayment plan. Call us to discuss your options. Reply STOP to unsubscribe from texts.,,,0,15.0,1-29 DPD
MSGB101032,Agency B,BOR200636,SL102467,2025-09-20 16:00:00,Payment Reminder,"Hi, this is a reminder that your student loan payment is past due. Call us or visit your account portal to make a payment. Reply STOP to opt out of text alerts.",,,0,15.0,1-29 DPD
MSGB100557,Agency B,BOR202227,SL101417,2026-06-10 16:00:00,General Notice,Your account requires attention. Please contact our office at your earliest convenience. Reply STOP to stop these messages.,,,0,15.0,1-29 DPD
MSGB101210,Agency B,BOR200037,SL100544,2025-04-19 10:00:00,Payment Reminder,Your loan payment is overdue. Please contact us today to avoid further action. Msg&data rates may apply. Reply STOP to unsubscribe.,,,0,15.0,1-29 DPD
MSGB100920,Agency B,BOR201421,SL101939,2025-09-20 10:00:00,Payment Reminder,Your loan payment is overdue. Please contact us today to avoid further action. Msg&data rates may apply. Reply STOP to unsubscribe.,,,0,15.0,1-29 DPD
MSGB101385,Agency B,BOR200364,SL100392,2025-06-13 15:00:00,Payment Reminder,Your loan payment is overdue. Please contact us today to avoid further action. Msg&data rates may apply. Reply STOP to unsubscribe.,,,0,105.0,90-119 DPD
MSGB100423,Agency B,BOR201197,SL101200,2024-04-26 08:00:00,General Notice,Your account requires attention. Please contact our office at your earliest convenience. Reply STOP to stop these messages.,I already stopped autopay is that why im getting these,2024-04-26 09:00:00,1,15.0,1-29 DPD
MSGB100180,Agency B,BOR200981,SL101642,2024-05-13 08:00:00,Payment Reminder,Your loan payment is overdue. Please contact us today to avoid further action. Msg&data rates may apply. Reply STOP to unsubscribe.,,,0,105.0,90-119 DPD
MSGB100247,Agency B,BOR201548,SL101465,2023-08-06 06:00:00,Hardship Program Info,You may qualify for a temporary hardship repayment plan. Call us to discuss your options. Reply STOP to unsubscribe from texts.,,,0,15.0,1-29 DPD
MSGB101654,Agency B,BOR200491,SL102219,2022-03-14 11:00:00,Settlement Offer,You may be eligible for a reduced settlement on your account. Contact us to learn more before this offer expires. Reply STOP to opt out.,k,2022-03-14 15:15:00,0,105.0,90-119 DPD
MSGB100535,Agency B,BOR200765,SL100024,2023-02-25 15:00:00,Payment Reminder,"Hi, this is a reminder that your student loan payment is past due. Call us or visit your account portal to make a payment. Reply STOP to opt out of text alerts.",,,0,105.0,90-119 DPD
MSGB101136,Agency B,BOR200302,SL102021,2024-11-20 15:00:00,Payment Reminder,Your loan payment is overdue. Please contact us today to avoid further action. Msg&data rates may apply. Reply STOP to unsubscribe.,,,0,75.0,60-89 DPD
MSGB101271,Agency B,BOR200618,SL101270,2026-02-09 10:00:00,General Notice,Your account requires attention. Please contact our office at your earliest convenience. Reply STOP to stop these messages.,,,0,15.0,1-29 DPD
MSGB101340,Agency B,BOR200617,SL102311,2024-08-19 06:00:00,Payment Reminder,Your loan payment is overdue. Please contact us today to avoid further action. Msg&data rates may apply. Reply STOP to unsubscribe.,can u stop texting me at work im in a meeting,2024-08-19 10:03:00,1,45.0,30-59 DPD
MSGB100601,Agency B,BOR201677,SL100888,2024-03-13 14:00:00,General Notice,Your account requires attention. Please contact our office at your earliest convenience. Reply STOP to stop these messages.,,,0,15.0,1-29 DPD
MSGB100337,Agency B,BOR202319,SL100532,2023-05-15 12:00:00,Hardship Program Info,You may qualify for a temporary hardship repayment plan. Call us to discuss your options. Reply STOP to unsubscribe from texts.,,,0,15.0,1-29 DPD
MSGB101363,Agency B,BOR201655,SL101744,2023-08-17 10:00:00,Payment Reminder,"Hi, this is a reminder that your student loan payment is past due. Call us or visit your account portal to make a payment. Reply STOP to opt out of text alerts.",,,0,15.0,1-29 DPD
MSGB101108,Agency B,BOR200413,SL102440,2022-08-13 05:00:00,General Notice,Your account requires attention. Please contact our office at your earliest convenience. Reply STOP to stop these messages.,,,0,15.0,1-29 DPD
MSGB100010,Agency B,BOR201845,SL102154,2025-03-10 11:00:00,General Notice,Your account requires attention. Please contact our office at your earliest convenience. Reply STOP to stop these messages.,,,0,75.0,60-89 DPD
MSGB100527,Agency B,BOR201490,SL100337,2022-10-10 07:00:00,Settlement Offer,You may be eligible for a reduced settlement on your account. Contact us to learn more before this offer expires. Reply STOP to opt out.,,,0,135.0,120-149 DPD
MSGB100297,Agency B,BOR202057,SL101414,2026-03-27 06:00:00,Payment Reminder,"Hi, this is a reminder that your student loan payment is past due. Call us or visit your account portal to make a payment. Reply STOP to opt out of text alerts.",,,0,75.0,60-89 DPD
MSGB101709,Agency B,BOR202293,SL100270,2025-11-19 15:00:00,General Notice,Your account requires attention. Please contact our office at your earliest convenience. Reply STOP to stop these messages.,,,0,15.0,1-29 DPD
MSGB101172,Agency B,BOR200060,SL102260,2025-07-20 14:00:00,Payment Reminder,"Hi, this is a reminder that your student loan payment is past due. Call us or visit your account portal to make a payment. Reply STOP to opt out of text alerts.",,,0,45.0,30-59 DPD
MSGB100198,Agency B,BOR200573,SL100149,2026-05-25 14:00:00,Payment Reminder,"Hi, this is a reminder that your student loan payment is past due. Call us or visit your account portal to make a payment. Reply STOP to opt out of text alerts.",,,0,15.0,1-29 DPD
MSGB100315,Agency B,BOR201526,SL101049,2021-07-23 10:00:00,Payment Reminder,Your loan payment is overdue. Please contact us today to avoid further action. Msg&data rates may apply. Reply STOP to unsubscribe.,,,0,105.0,90-119 DPD
MSGB100179,Agency B,BOR202177,SL101424,2023-05-13 06:00:00,Hardship Program Info,You may qualify for a temporary hardship repayment plan. Call us to discuss your options. Reply STOP to unsubscribe from texts.,,,0,15.0,1-29 DPD
MSGB101845,Agency B,BOR201274,SL101878,2026-06-03 13:00:00,Payment Reminder,Your loan payment is overdue. Please contact us today to avoid further action. Msg&data rates may apply. Reply STOP to unsubscribe.,,,0,15.0,1-29 DPD
MSGB100257,Agency B,BOR201919,SL100776,2023-12-28 06:00:00,Payment Reminder,"Hi, this is a reminder that your student loan payment is past due. Call us or visit your account portal to make a payment. Reply STOP to opt out of text alerts.",,,0,15.0,1-29 DPD
MSGB100797,Agency B,BOR202256,SL102137,2022-06-08 09:00:00,Payment Reminder,Your loan payment is overdue. Please contact us today to avoid further action. Msg&data rates may apply. Reply STOP to unsubscribe.,,,0,45.0,30-59 DPD
MSGB101338,Agency B,BOR200032,SL102184,2025-05-27 05:00:00,Settlement Offer,You may be eligible for a reduced settlement on your account. Contact us to learn more before this offer expires. Reply STOP to opt out.,,,0,45.0,30-59 DPD
MSGB100652,Agency B,BOR202319,SL100532,2023-10-26 10:00:00,Payment Reminder,Your loan payment is overdue. Please contact us today to avoid further action. Msg&data rates may apply. Reply STOP to unsubscribe.,,,0,45.0,30-59 DPD
MSGB100308,Agency B,BOR202237,SL100674,2023-01-21 06:00:00,Payment Reminder,"Hi, this is a reminder that your student loan payment is past due. Call us or visit your account portal to make a payment. Reply STOP to opt out of text alerts.",,,0,105.0,90-119 DPD
MSGB100422,Agency B,BOR201273,SL100348,2026-04-07 07:00:00,Payment Reminder,Your loan payment is overdue. Please contact us today to avoid further action. Msg&data rates may apply. Reply STOP to unsubscribe.,,,0,45.0,30-59 DPD
MSGB101143,Agency B,BOR201108,SL101328,2025-01-24 14:00:00,Payment Reminder,Your loan payment is overdue. Please contact us today to avoid further action. Msg&data rates may apply. Reply STOP to unsubscribe.,,,0,45.0,30-59 DPD
MSGB101389,Agency B,BOR200431,SL100144,2024-09-09 10:00:00,Payment Reminder,"Hi, this is a reminder that your student loan payment is past due. Call us or visit your account portal to make a payment. Reply STOP to opt out of text alerts.",,,0,15.0,1-29 DPD
MSGB100205,Agency B,BOR201414,SL101790,2025-06-20 08:00:00,Payment Reminder,"Hi, this is a reminder that your student loan payment is past due. Call us or visit your account portal to make a payment. Reply STOP to opt out of text alerts.",,,0,15.0,1-29 DPD
MSGB101763,Agency B,BOR201268,SL100338,2024-09-20 13:00:00,Payment Reminder,Your loan payment is overdue. Please contact us today to avoid further action. Msg&data rates may apply. Reply STOP to unsubscribe.,,,0,45.0,30-59 DPD
MSGB100830,Agency B,BOR200879,SL100813,2021-12-19 05:00:00,Payment Reminder,Your loan payment is overdue. Please contact us today to avoid further action. Msg&data rates may apply. Reply STOP to unsubscribe.,yes,2021-12-19 13:35:00,0,15.0,1-29 DPD
MSGB100026,Agency B,BOR200173,SL100434,2024-01-17 10:00:00,Hardship Program Info,You may qualify for a temporary hardship repayment plan. Call us to discuss your options. Reply STOP to unsubscribe from texts.,,,0,75.0,60-89 DPD
MSGB101836,Agency B,BOR202286,SL102165,2023-03-10 15:00:00,Payment Reminder,Your loan payment is overdue. Please contact us today to avoid further action. Msg&data rates may apply. Reply STOP to unsubscribe.,,,0,15.0,1-29 DPD
MSGB100369,Agency B,BOR200184,SL101234,2023-08-08 09:00:00,Payment Reminder,Your loan payment is overdue. Please contact us today to avoid further action. Msg&data rates may apply. Reply STOP to unsubscribe.,,,0,45.0,30-59 DPD
MSGB100220,Agency B,BOR201219,SL101989,2025-08-11 10:00:00,Settlement Offer,You may be eligible for a reduced settlement on your account. Contact us to learn more before this offer expires. Reply STOP to opt out.,,,0,15.0,1-29 DPD
MSGB100440,Agency B,BOR201966,SL101441,2023-11-19 16:00:00,General Notice,Your account requires attention. Please contact our office at your earliest convenience. Reply STOP to stop these messages.,,,0,15.0,1-29 DPD
MSGB101870,Agency B,BOR200459,SL101838,2023-08-09 09:00:00,General Notice,Your account requires attention. Please contact our office at your earliest convenience. Reply STOP to stop these messages.,,,0,135.0,120-149 DPD
MSGB100445,Agency B,BOR201774,SL100513,2021-02-07 16:00:00,Settlement Offer,You may be eligible for a reduced settlement on your account. Contact us to learn more before this offer expires. Reply STOP to opt out.,,,0,15.0,1-29 DPD
MSGB101321,Agency B,BOR202083,SL100285,2023-11-25 09:00:00,Settlement Offer,You may be eligible for a reduced settlement on your account. Contact us to learn more before this offer expires. Reply STOP to opt out.,,,0,75.0,60-89 DPD
MSGB100302,Agency B,BOR201795,SL100665,2021-02-08 10:00:00,Hardship Program Info,You may qualify for a temporary hardship repayment plan. Call us to discuss your options. Reply STOP to unsubscribe from texts.,,,0,15.0,1-29 DPD
MSGB101679,Agency B,BOR200596,SL102490,2023-05-22 07:00:00,Payment Reminder,Your loan payment is overdue. Please contact us today to avoid further action. Msg&data rates may apply. Reply STOP to unsubscribe.,,,0,45.0,30-59 DPD
MSGB101021,Agency B,BOR200227,SL100638,2026-02-23 06:00:00,Payment Reminder,Your loan payment is overdue. Please contact us today to avoid further action. Msg&data rates may apply. Reply STOP to unsubscribe.,,,0,15.0,1-29 DPD
MSGB101304,Agency B,BOR202125,SL100091,2021-12-17 07:00:00,Payment Reminder,Your loan payment is overdue. Please contact us today to avoid further action. Msg&data rates may apply. Reply STOP to unsubscribe.,,,0,45.0,30-59 DPD
MSGB100822,Agency B,BOR200954,SL101930,2022-06-10 06:00:00,Payment Reminder,Your loan payment is overdue. Please contact us today to avoid further action. Msg&data rates may apply. Reply STOP to unsubscribe.,,,0,15.0,1-29 DPD
MSGB100214,Agency B,BOR200832,SL101699,2026-01-28 06:00:00,Payment Reminder,Your loan payment is overdue. Please contact us today to avoid further action. Msg&data rates may apply. Reply STOP to unsubscribe.,,,0,105.0,90-119 DPD
MSGB101476,Agency B,BOR200626,SL102386,2025-11-06 13:00:00,Payment Reminder,"Hi, this is a reminder that your student loan payment is past due. Call us or visit your account portal to make a payment. Reply STOP to opt out of text alerts.",,,0,15.0,1-29 DPD
MSGB100399,Agency B,BOR200765,SL100024,2023-01-13 07:00:00,Settlement Offer,You may be eligible for a reduced settlement on your account. Contact us to learn more before this offer expires. Reply STOP to opt out.,,,0,75.0,60-89 DPD
MSGB100740,Agency B,BOR200969,SL102135,2023-05-19 13:00:00,Hardship Program Info,You may qualify for a temporary hardship repayment plan. Call us to discuss your options. Reply STOP to unsubscribe from texts.,ok will pay soon,2023-05-19 17:42:00,0,45.0,30-59 DPD
MSGB101387,Agency B,BOR200829,SL100432,2025-10-04 09:00:00,General Notice,Your account requires attention. Please contact our office at your earliest convenience. Reply STOP to stop these messages.,,,0,195.0,180+ DPD
MSGB100980,Agency B,BOR202256,SL102137,2023-02-06 14:00:00,Payment Reminder,"Hi, this is a reminder that your student loan payment is past due. Call us or visit your account portal to make a payment. Reply STOP to opt out of text alerts.",,,0,195.0,180+ DPD
MSGB101391,Agency B,BOR201267,SL100869,2025-06-18 12:00:00,Payment Reminder,"Hi, this is a reminder that your student loan payment is past due. Call us or visit your account portal to make a payment. Reply STOP to opt out of text alerts.",,,0,135.0,120-149 DPD
MSGB100258,Agency B,BOR201063,SL100651,2026-01-18 14:00:00,Payment Reminder,"Hi, this is a reminder that your student loan payment is past due. Call us or visit your account portal to make a payment. Reply STOP to opt out of text alerts.",,,0,15.0,1-29 DPD
MSGB100222,Agency B,BOR200823,SL102326,2024-11-04 10:00:00,Payment Reminder,"Hi, this is a reminder that your student loan payment is past due. Call us or visit your account portal to make a payment. Reply STOP to opt out of text alerts.",,,0,15.0,1-29 DPD
MSGB101282,Agency B,BOR200563,SL101083,2024-06-13 06:00:00,Payment Reminder,"Hi, this is a reminder that your student loan payment is past due. Call us or visit your account portal to make a payment. Reply STOP to opt out of text alerts.",,,0,15.0,1-29 DPD
MSGB101853,Agency B,BOR201681,SL101976,2022-04-06 14:00:00,Settlement Offer,You may be eligible for a reduced settlement on your account. Contact us to learn more before this offer expires. Reply STOP to opt out.,,,0,15.0,1-29 DPD
MSGB100915,Agency B,BOR200579,SL101641,2024-02-25 11:00:00,General Notice,Your account requires attention. Please contact our office at your earliest convenience. Reply STOP to stop these messages.,,,0,45.0,30-59 DPD
MSGB101094,Agency B,BOR200462,SL101585,2023-06-08 10:00:00,Payment Reminder,Your loan payment is overdue. Please contact us today to avoid further action. Msg&data rates may apply. Reply STOP to unsubscribe.,,,0,45.0,30-59 DPD
MSGB100654,Agency B,BOR201834,SL101486,2022-01-04 15:00:00,Settlement Offer,You may be eligible for a reduced settlement on your account. Contact us to learn more before this offer expires. Reply STOP to opt out.,,,0,45.0,30-59 DPD
MSGB101750,Agency B,BOR200617,SL102311,2024-12-08 11:00:00,General Notice,Your account requires attention. Please contact our office at your earliest convenience. Reply STOP to stop these messages.,,,0,15.0,1-29 DPD
MSGB101350,Agency B,BOR202313,SL100772,2025-08-23 16:00:00,General Notice,Your account requires attention. Please contact our office at your earliest convenience. Reply STOP to stop these messages.,ok will pay soon,2025-08-23 19:52:00,0,135.0,120-149 DPD
MSGB100899,Agency B,BOR200819,SL100397,2026-02-14 13:00:00,Settlement Offer,You may be eligible for a reduced settlement on your account. Contact us to learn more before this offer expires. Reply STOP to opt out.,,,0,15.0,1-29 DPD
MSGB100153,Agency B,BOR200765,SL100024,2023-04-20 16:00:00,Settlement Offer,You may be eligible for a reduced settlement on your account. Contact us to learn more before this offer expires. Reply STOP to opt out.,,,0,135.0,120-149 DPD
MSGB101357,Agency B,BOR201255,SL100590,2024-07-19 10:00:00,Settlement Offer,You may be eligible for a reduced settlement on your account. Contact us to learn more before this offer expires. Reply STOP to opt out.,,,0,105.0,90-119 DPD
MSGB100858,Agency B,BOR201422,SL101207,2026-08-15 14:00:00,Payment Reminder,"Hi, this is a reminder that your student loan payment is past due. Call us or visit your account portal to make a payment. Reply STOP to opt out of text alerts.",,,0,15.0,1-29 DPD
MSGB101100,Agency B,BOR201919,SL100776,2026-04-09 14:00:00,General Notice,Your account requires attention. Please contact our office at your earliest convenience. Reply STOP to stop these messages.,,,0,15.0,1-29 DPD
MSGB101009,Agency B,BOR202290,SL100372,2025-02-09 15:00:00,General Notice,Your account requires attention. Please contact our office at your earliest convenience. Reply STOP to stop these messages.,,,0,135.0,120-149 DPD
MSGB101322,Agency B,BOR201154,SL102175,2021-06-05 05:00:00,Settlement Offer,You may be eligible for a reduced settlement on your account. Contact us to learn more before this offer expires. Reply STOP to opt out.,,,0,15.0,1-29 DPD
MSGB100217,Agency B,BOR200900,SL101954,2025-01-17 10:00:00,General Notice,Your account requires attention. Please contact our office at your earliest convenience. Reply STOP to stop these messages.,,,0,45.0,30-59 DPD
MSGB100373,Agency B,BOR200829,SL100432,2024-12-16 12:00:00,Settlement Offer,You may be eligible for a reduced settlement on your account. Contact us to learn more before this offer expires. Reply STOP to opt out.,,,0,75.0,60-89 DPD
MSGB101245,Agency B,BOR201183,SL100163,2021-08-07 06:00:00,Payment Reminder,"Hi, this is a reminder that your student loan payment is past due. Call us or visit your account portal to make a payment. Reply STOP to opt out of text alerts.",,,0,15.0,1-29 DPD
MSGB101178,Agency B,BOR200618,SL100795,2023-07-06 06:00:00,General Notice,Your account requires attention. Please contact our office at your earliest convenience. Reply STOP to stop these messages.,,,0,15.0,1-29 DPD
MSGB101867,AGENCY_B,BOR200573,SL100149,2024-08-24 09:00:00,Hardship Program Info,You may qualify for a temporary hardship repayment plan. Call us to discuss your options. Reply STOP to unsubscribe from texts.,,,0,15.0,1-29 DPD
MSGB100105,Agency B,BOR200888,SL101319,2025-11-10 16:00:00,Payment Reminder,"Hi, this is a reminder that your student loan payment is past due. Call us or visit your account portal to make a payment. Reply STOP to opt out of text alerts.",,,0,15.0,1-29 DPD
MSGB101475,Agency B,BOR201379,SL100892,2025-06-09 05:00:00,Payment Reminder,Your loan payment is overdue. Please contact us today to avoid further action. Msg&data rates may apply. Reply STOP to unsubscribe.,,,0,15.0,1-29 DPD
MSGB101060,Agency B,BOR201903,SL101743,2021-07-23 06:00:00,Payment Reminder,"Hi, this is a reminder that your student loan payment is past due. Call us or visit your account portal to make a payment. Reply STOP to opt out of text alerts.",,,0,15.0,1-29 DPD
MSGB101786,AGENCY_B,BOR200374,SL100071,2023-12-15 05:00:00,Payment Reminder,"Hi, this is a reminder that your student loan payment is past due. Call us or visit your account portal to make a payment. Reply STOP to opt out of text alerts.",,,0,195.0,180+ DPD
MSGB101707,Agency B,BOR201681,SL101142,2023-07-06 08:00:00,General Notice,Your account requires attention. Please contact our office at your earliest convenience. Reply STOP to stop these messages.,,,0,15.0,1-29 DPD
MSGB100334,Agency B,BOR201965,SL101830,2026-01-14 10:00:00,Payment Reminder,Your loan payment is overdue. Please contact us today to avoid further action. Msg&data rates may apply. Reply STOP to unsubscribe.,,,0,75.0,60-89 DPD
MSGB100765,Agency B,BOR202029,SL101496,2024-11-16 15:00:00,General Notice,Your account requires attention. Please contact our office at your earliest convenience. Reply STOP to stop these messages.,,,0,15.0,1-29 DPD
MSGB100971,Agency B,BOR202290,SL100372,2025-03-07 11:00:00,Hardship Program Info,You may qualify for a temporary hardship repayment plan. Call us to discuss your options. Reply STOP to unsubscribe from texts.,,,0,135.0,120-149 DPD
MSGB101889,Agency B,BOR201014,SL101466,2026-02-24 14:00:00,Settlement Offer,You may be eligible for a reduced settlement on your account. Contact us to learn more before this offer expires. Reply STOP to opt out.,,,0,105.0,90-119 DPD
MSGB100178,Agency B,BOR202293,SL100270,2025-12-20 15:00:00,Settlement Offer,You may be eligible for a reduced settlement on your account. Contact us to learn more before this offer expires. Reply STOP to opt out.,ok will pay soon,2025-12-20 16:24:00,0,45.0,30-59 DPD
MSGB101844,Agency B,BOR201370,SL101263,2024-12-09 14:00:00,General Notice,Your account requires attention. Please contact our office at your earliest convenience. Reply STOP to stop these messages.,,,0,15.0,1-29 DPD
MSGB100338,Agency B,BOR201889,SL100050,2026-03-26 09:00:00,Payment Reminder,Your loan payment is overdue. Please contact us today to avoid further action. Msg&data rates may apply. Reply STOP to unsubscribe.,,,0,15.0,1-29 DPD
MSGB101253,Agency B,BOR200714,SL100298,2024-10-06 06:00:00,Hardship Program Info,You may qualify for a temporary hardship repayment plan. Call us to discuss your options. Reply STOP to unsubscribe from texts.,,,0,75.0,60-89 DPD
MSGB100840,Agency B,BOR201376,SL101493,2024-07-14 10:00:00,General Notice,Your account requires attention. Please contact our office at your earliest convenience. Reply STOP to stop these messages.,,,0,75.0,60-89 DPD
MSGB100979,Agency B,BOR200026,SL102472,2023-09-23 14:00:00,Payment Reminder,"Hi, this is a reminder that your student loan payment is past due. Call us or visit your account portal to make a payment. Reply STOP to opt out of text alerts.",,,0,15.0,1-29 DPD
MSGB101547,Agency B,BOR201795,SL100665,2022-05-12 15:00:00,Hardship Program Info,You may qualify for a temporary hardship repayment plan. Call us to discuss your options. Reply STOP to unsubscribe from texts.,,,0,75.0,60-89 DPD
MSGB100107,Agency B,BOR201514,SL100670,2024-03-18 07:00:00,Payment Reminder,"Hi, this is a reminder that your student loan payment is past due. Call us or visit your account portal to make a payment. Reply STOP to opt out of text alerts.",,,0,105.0,90-119 DPD
MSGB101616,Agency B,BOR200030,SL101122,2024-05-11 11:00:00,Settlement Offer,You may be eligible for a reduced settlement on your account. Contact us to learn more before this offer expires. Reply STOP to opt out.,,,0,15.0,1-29 DPD
MSGB101277,Agency B,BOR200739,SL101636,2026-05-21 16:00:00,Payment Reminder,"Hi, this is a reminder that your student loan payment is past due. Call us or visit your account portal to make a payment. Reply STOP to opt out of text alerts.",,,0,75.0,60-89 DPD
MSGB100798,Agency B,BOR201564,SL100687,2026-02-05 11:00:00,Settlement Offer,You may be eligible for a reduced settlement on your account. Contact us to learn more before this offer expires. Reply STOP to opt out.,,,0,45.0,30-59 DPD
MSGB101743,Agency B,BOR201329,SL100726,2025-04-03 06:00:00,Payment Reminder,Your loan payment is overdue. Please contact us today to avoid further action. Msg&data rates may apply. Reply STOP to unsubscribe.,,,0,135.0,120-149 DPD
MSGB100003,Agency B,BOR201696,SL101477,2024-12-07 10:00:00,General Notice,Your account requires attention. Please contact our office at your earliest convenience. Reply STOP to stop these messages.,,,0,15.0,1-29 DPD
MSGB101790,Agency B,BOR200110,SL100222,2024-07-24 14:00:00,General Notice,Your account requires attention. Please contact our office at your earliest convenience. Reply STOP to stop these messages.,,,0,15.0,1-29 DPD
MSGB101803,Agency B,BOR200438,SL100742,2021-12-26 15:00:00,General Notice,Your account requires attention. Please contact our office at your earliest convenience. Reply STOP to stop these messages.,wrong number,2021-12-26 15:05:00,0,15.0,1-29 DPD
MSGB101531,Agency B,BOR200491,SL102219,2022-02-10 08:00:00,Payment Reminder,"Hi, this is a reminder that your student loan payment is past due. Call us or visit your account portal to make a payment. Reply STOP to opt out of text alerts.",,,0,105.0,90-119 DPD
MSGB100109,Agency B,BOR200876,SL100081,2021-09-03 13:00:00,Payment Reminder,Your loan payment is overdue. Please contact us today to avoid further action. Msg&data rates may apply. Reply STOP to unsubscribe.,,,0,165.0,150-179 DPD
MSGB100676,Agency B,BOR200761,SL102224,2024-09-19 13:00:00,General Notice,Your account requires attention. Please contact our office at your earliest convenience. Reply STOP to stop these messages.,,,0,15.0,1-29 DPD
MSGB100990,Agency B,BOR201273,SL100348,2026-08-04 15:00:00,Payment Reminder,Your loan payment is overdue. Please contact us today to avoid further action. Msg&data rates may apply. Reply STOP to unsubscribe.,,,0,135.0,120-149 DPD
MSGB101556,Agency B,BOR202115,SL102033,2026-06-12 14:00:00,Payment Reminder,"Hi, this is a reminder that your student loan payment is past due. Call us or visit your account portal to make a payment. Reply STOP to opt out of text alerts.",,,0,15.0,1-29 DPD
MSGB101169,Agency B,BOR201488,SL100559,2026-03-25 09:00:00,General Notice,Your account requires attention. Please contact our office at your earliest convenience. Reply STOP to stop these messages.,,,0,15.0,1-29 DPD
MSGB101827,Agency B,BOR201480,SL102342,2023-10-12 10:00:00,General Notice,Your account requires attention. Please contact our office at your earliest convenience. Reply STOP to stop these messages.,,,0,15.0,1-29 DPD
MSGB101693,Agency B,BOR200601,SL100203,2022-07-15 14:00:00,Payment Reminder,Your loan payment is overdue. Please contact us today to avoid further action. Msg&data rates may apply. Reply STOP to unsubscribe.,,,0,15.0,1-29 DPD
MSGB101174,Agency B,BOR200167,SL101845,2026-06-19 10:00:00,General Notice,Your account requires attention. Please contact our office at your earliest convenience. Reply STOP to stop these messages.,,,0,45.0,30-59 DPD
MSGB100755,Agency B,BOR201271,SL102047,2024-04-12 16:00:00,Hardship Program Info,You may qualify for a temporary hardship repayment plan. Call us to discuss your options. Reply STOP to unsubscribe from texts.,,,0,15.0,1-29 DPD
MSGB100827,Agency B,BOR202316,SL100854,2025-08-10 10:00:00,General Notice,Your account requires attention. Please contact our office at your earliest convenience. Reply STOP to stop these messages.,,,0,15.0,1-29 DPD
MSGB100675,Agency B,BOR200521,SL102071,2025-06-22 16:00:00,Payment Reminder,Your loan payment is overdue. Please contact us today to avoid further action. Msg&data rates may apply. Reply STOP to unsubscribe.,,,0,105.0,90-119 DPD
MSGB101555,Agency B,BOR200109,SL101599,2024-06-05 06:00:00,Payment Reminder,"Hi, this is a reminder that your student loan payment is past due. Call us or visit your account portal to make a payment. Reply STOP to opt out of text alerts.",,,0,135.0,120-149 DPD
MSGB100536,Agency B,BOR202135,SL101822,2025-09-17 16:00:00,Payment Reminder,"Hi, this is a reminder that your student loan payment is past due. Call us or visit your account portal to make a payment. Reply STOP to opt out of text alerts.",,,0,15.0,1-29 DPD
MSGB100298,Agency B,BOR200044,SL100447,2025-11-14 10:00:00,General Notice,Your account requires attention. Please contact our office at your earliest convenience. Reply STOP to stop these messages.,,,0,15.0,1-29 DPD
MSGB100487,Agency B,BOR201488,SL100559,2022-06-21 08:00:00,General Notice,Your account requires attention. Please contact our office at your earliest convenience. Reply STOP to stop these messages.,,,0,15.0,1-29 DPD
MSGB101687,Agency B,BOR200656,SL100207,2025-08-13 05:00:00,Payment Reminder,"Hi, this is a reminder that your student loan payment is past due. Call us or visit your account portal to make a payment. Reply STOP to opt out of text alerts.",,,0,45.0,30-59 DPD
MSGB101293,Agency B,BOR201452,SL100225,2022-09-14 14:00:00,Settlement Offer,You may be eligible for a reduced settlement on your account. Contact us to learn more before this offer expires. Reply STOP to opt out.,,,0,45.0,30-59 DPD
MSGB101384,Agency B,BOR200654,SL101947,2026-07-07 12:00:00,Payment Reminder,"Hi, this is a reminder that your student loan payment is past due. Call us or visit your account portal to make a payment. Reply STOP to opt out of text alerts.",,,0,75.0,60-89 DPD
MSGB101260,Agency B,BOR201655,SL101744,2025-02-25 15:00:00,General Notice,Your account requires attention. Please contact our office at your earliest convenience. Reply STOP to stop these messages.,,,0,15.0,1-29 DPD
MSGB101040,Agency B,BOR201129,SL101050,2024-10-18 07:00:00,General Notice,Your account requires attention. Please contact our office at your earliest convenience. Reply STOP to stop these messages.,,,0,45.0,30-59 DPD
MSGB100115,Agency B,BOR201549,SL100294,2023-02-09 15:00:00,General Notice,Your account requires attention. Please contact our office at your earliest convenience. Reply STOP to stop these messages.,,,0,15.0,1-29 DPD
MSGB101424,Agency B,BOR201741,SL101782,2024-09-22 12:00:00,General Notice,Your account requires attention. Please contact our office at your earliest convenience. Reply STOP to stop these messages.,,,0,105.0,90-119 DPD
MSGB100518,Agency B,BOR200459,SL101838,2023-12-21 05:00:00,General Notice,Your account requires attention. Please contact our office at your earliest convenience. Reply STOP to stop these messages.,,,0,195.0,180+ DPD
MSGB100639,Agency B,BOR201510,SL100459,2024-11-10 05:00:00,Hardship Program Info,You may qualify for a temporary hardship repayment plan. Call us to discuss your options. Reply STOP to unsubscribe from texts.,,,0,15.0,1-29 DPD
MSGB101591,Agency B,BOR201329,SL100726,2025-06-06 12:00:00,Payment Reminder,"Hi, this is a reminder that your student loan payment is past due. Call us or visit your account portal to make a payment. Reply STOP to opt out of text alerts.",,,0,165.0,150-179 DPD
MSGB101825,Agency B,BOR201031,SL101103,2026-08-04 16:00:00,General Notice,Your account requires attention. Please contact our office at your earliest convenience. Reply STOP to stop these messages.,,,0,105.0,90-119 DPD
MSGB100169,Agency B,BOR200054,SL100633,2023-04-03 15:00:00,Payment Reminder,Your loan payment is overdue. Please contact us today to avoid further action. Msg&data rates may apply. Reply STOP to unsubscribe.,,,0,45.0,30-59 DPD
MSGB101642,Agency B,BOR200054,SL100633,2023-06-09 14:00:00,Settlement Offer,You may be eligible for a reduced settlement on your account. Contact us to learn more before this offer expires. Reply STOP to opt out.,,,0,45.0,30-59 DPD
MSGB100041,Agency B,BOR201498,SL100595,2025-11-21 16:00:00,Hardship Program Info,You may qualify for a temporary hardship repayment plan. Call us to discuss your options. Reply STOP to unsubscribe from texts.,,,0,75.0,60-89 DPD
MSGB100420,Agency B,BOR200581,SL100376,2022-10-07 16:00:00,Hardship Program Info,You may qualify for a temporary hardship repayment plan. Call us to discuss your options. Reply STOP to unsubscribe from texts.,,,0,105.0,90-119 DPD
MSGB100974,Agency B,BOR200423,SL100715,2022-06-24 06:00:00,Payment Reminder,"Hi, this is a reminder that your student loan payment is past due. Call us or visit your account portal to make a payment. Reply STOP to opt out of text alerts.",,,0,45.0,30-59 DPD
MSGB101796,Agency B,BOR202254,SL102264,2025-02-05 08:00:00,Hardship Program Info,You may qualify for a temporary hardship repayment plan. Call us to discuss your options. Reply STOP to unsubscribe from texts.,,,0,45.0,30-59 DPD
MSGB101504,Agency B,BOR201199,SL101081,2026-03-11 13:00:00,General Notice,,,,0,135.0,120-149 DPD
MSGB101673,Agency B,BOR201199,SL101081,2022-08-18 05:00:00,Payment Reminder,Your loan payment is overdue. Please contact us today to avoid further action. Msg&data rates may apply. Reply STOP to unsubscribe.,,,0,15.0,1-29 DPD
MSGB101205,Agency B,BOR200507,SL100208,2025-12-13 15:00:00,Hardship Program Info,You may qualify for a temporary hardship repayment plan. Call us to discuss your options. Reply STOP to unsubscribe from texts.,,,0,75.0,60-89 DPD
MSGB101075,Agency B,BOR200218,SL100429,2025-05-25 08:00:00,Payment Reminder,"Hi, this is a reminder that your student loan payment is past due. Call us or visit your account portal to make a payment. Reply STOP to opt out of text alerts.",,,0,75.0,60-89 DPD
MSGB100832,Agency B,BOR201741,SL100852,2023-01-25 12:00:00,Payment Reminder,Your loan payment is overdue. Please contact us today to avoid further action. Msg&data rates may apply. Reply STOP to unsubscribe.,,,0,15.0,1-29 DPD
MSGB101171,Agency B,BOR200463,SL101029,2025-11-07 09:00:00,Payment Reminder,Your loan payment is overdue. Please contact us today to avoid further action. Msg&data rates may apply. Reply STOP to unsubscribe.,,,0,15.0,1-29 DPD
MSGB101598,Agency B,BOR202045,SL100056,2025-07-26 11:00:00,General Notice,Your account requires attention. Please contact our office at your earliest convenience. Reply STOP to stop these messages.,,,0,165.0,150-179 DPD
MSGB100681,Agency B,BOR201385,SL100242,2024-09-13 09:00:00,Settlement Offer,You may be eligible for a reduced settlement on your account. Contact us to learn more before this offer expires. Reply STOP to opt out.,,,0,165.0,150-179 DPD
MSGB100151,Agency B,BOR201346,SL101451,2024-09-03 15:00:00,Payment Reminder,"Hi, this is a reminder that your student loan payment is past due. Call us or visit your account portal to make a payment. Reply STOP to opt out of text alerts.",,,0,15.0,1-29 DPD
MSGB101274,Agency B,BOR201008,SL102218,2025-12-13 14:00:00,Payment Reminder,Your loan payment is overdue. Please contact us today to avoid further action. Msg&data rates may apply. Reply STOP to unsubscribe.,,,0,75.0,60-89 DPD
MSGB101742,Agency B,BOR201391,SL101026,2022-11-27 06:00:00,Payment Reminder,Your loan payment is overdue. Please contact us today to avoid further action. Msg&data rates may apply. Reply STOP to unsubscribe.,,,0,15.0,1-29 DPD
MSGB101098,Agency B,BOR201673,SL100408,2023-01-27 12:00:00,Payment Reminder,"Hi, this is a reminder that your student loan payment is past due. Call us or visit your account portal to make a payment. Reply STOP to opt out of text alerts.",,,0,45.0,30-59 DPD
MSGB100127,Agency B,BOR201977,SL101789,2022-08-21 08:00:00,Hardship Program Info,,,,0,45.0,30-59 DPD
MSGB100140,Agency B,BOR200173,SL100434,2024-12-06 12:00:00,General Notice,Your account requires attention. Please contact our office at your earliest convenience. Reply STOP to stop these messages.,unsubscribe STOP,2024-12-06 17:59:00,1,195.0,180+ DPD
MSGB100960,Agency B,BOR201144,SL101990,2025-04-19 07:00:00,Settlement Offer,You may be eligible for a reduced settlement on your account. Contact us to learn more before this offer expires. Reply STOP to opt out.,,,0,15.0,1-29 DPD
MSGB101107,Agency B,BOR200552,SL100697,2026-02-13 08:00:00,General Notice,Your account requires attention. Please contact our office at your earliest convenience. Reply STOP to stop these messages.,,,0,45.0,30-59 DPD
MSGB100162,Agency B,BOR200765,SL100024,2023-09-09 15:00:00,Payment Reminder,"Hi, this is a reminder that your student loan payment is past due. Call us or visit your account portal to make a payment. Reply STOP to opt out of text alerts.",,,0,165.0,150-179 DPD
MSGB100905,Agency B,BOR200302,SL102021,2023-10-04 12:00:00,Settlement Offer,You may be eligible for a reduced settlement on your account. Contact us to learn more before this offer expires. Reply STOP to opt out.,STOP please,2023-10-04 14:53:00,1,15.0,1-29 DPD
MSGB101458,Agency B,BOR201636,SL100156,2023-06-25 05:00:00,Hardship Program Info,You may qualify for a temporary hardship repayment plan. Call us to discuss your options. Reply STOP to unsubscribe from texts.,,,0,15.0,1-29 DPD
MSGB101855,Agency B,BOR201391,SL101026,2025-01-25 06:00:00,General Notice,Your account requires attention. Please contact our office at your earliest convenience. Reply STOP to stop these messages.,,,0,75.0,60-89 DPD
MSGB101635,Agency B,BOR201830,SL100299,2023-11-16 07:00:00,Payment Reminder,"Hi, this is a reminder that your student loan payment is past due. Call us or visit your account portal to make a payment. Reply STOP to opt out of text alerts.",,,0,105.0,90-119 DPD
MSGB100975,Agency B,BOR202254,SL102264,2022-12-27 15:00:00,General Notice,Your account requires attention. Please contact our office at your earliest convenience. Reply STOP to stop these messages.,,,0,135.0,120-149 DPD
MSGB101076,Agency B,BOR202319,SL100160,2025-06-10 09:00:00,General Notice,Your account requires attention. Please contact our office at your earliest convenience. Reply STOP to stop these messages.,,,0,15.0,1-29 DPD
MSGB101506,Agency B,BOR200394,SL101659,2026-08-20 08:00:00,General Notice,Your account requires attention. Please contact our office at your earliest convenience. Reply STOP to stop these messages.,,,0,75.0,60-89 DPD
MSGB100695,Agency B,BOR200566,SL102392,2026-01-11 10:00:00,Payment Reminder,Your loan payment is overdue. Please contact us today to avoid further action. Msg&data rates may apply. Reply STOP to unsubscribe.,,,0,15.0,1-29 DPD
MSGB101549,Agency B,BOR202045,SL100056,2023-05-23 15:00:00,Payment Reminder,"Hi, this is a reminder that your student loan payment is past due. Call us or visit your account portal to make a payment. Reply STOP to opt out of text alerts.",,,0,105.0,90-119 DPD
MSGB101862,Agency B,BOR201547,SL100120,2026-01-25 14:00:00,Settlement Offer,You may be eligible for a reduced settlement on your account. Contact us to learn more before this offer expires. Reply STOP to opt out.,,,0,45.0,30-59 DPD
MSGB100279,Agency B,BOR201327,SL102351,2026-05-09 09:00:00,General Notice,Your account requires attention. Please contact our office at your earliest convenience. Reply STOP to stop these messages.,,,0,75.0,60-89 DPD
MSGB100307,Agency B,BOR201845,SL102154,2025-08-24 13:00:00,General Notice,Your account requires attention. Please contact our office at your earliest convenience. Reply STOP to stop these messages.,,,0,15.0,1-29 DPD
MSGB101149,Agency B,BOR200678,SL100734,2026-08-26 11:00:00,Payment Reminder,"Hi, this is a reminder that your student loan payment is past due. Call us or visit your account portal to make a payment. Reply STOP to opt out of text alerts.",,,0,15.0,1-29 DPD
MSGB101668,Agency B,BOR202303,SL100960,2025-03-08 09:00:00,Settlement Offer,You may be eligible for a reduced settlement on your account. Contact us to learn more before this offer expires. Reply STOP to opt out.,,,0,15.0,1-29 DPD
MSGB101488,Agency B,BOR200904,SL101277,2024-05-25 06:00:00,Payment Reminder,Your loan payment is overdue. Please contact us today to avoid further action. Msg&data rates may apply. Reply STOP to unsubscribe.,nonstop calls today about this smh,2024-05-25 10:02:00,1,15.0,1-29 DPD
MSGB100421,Agency B,BOR201913,SL100084,2025-10-04 10:00:00,Payment Reminder,Your loan payment is overdue. Please contact us today to avoid further action. Msg&data rates may apply. Reply STOP to unsubscribe.,,,0,45.0,30-59 DPD
MSGB101806,Agency B,BOR201948,SL100110,2026-06-10 06:00:00,Payment Reminder,"Hi, this is a reminder that your student loan payment is past due. Call us or visit your account portal to make a payment. Reply STOP to opt out of text alerts.",,,0,15.0,1-29 DPD
MSGB100575,Agency B,BOR201255,SL100590,2025-08-25 07:00:00,General Notice,Your account requires attention. Please contact our office at your earliest convenience. Reply STOP to stop these messages.,,,0,15.0,1-29 DPD
MSGB101740,Agency B,BOR200076,SL101183,2025-09-23 08:00:00,Payment Reminder,"Hi, this is a reminder that your student loan payment is past due. Call us or visit your account portal to make a payment. Reply STOP to opt out of text alerts.",,,0,15.0,1-29 DPD
MSGB101341,Agency B,BOR201896,SL100666,2022-04-09 13:00:00,General Notice,Your account requires attention. Please contact our office at your earliest convenience. Reply STOP to stop these messages.,can u stop texting me at work im in a meeting,2022-04-09 14:21:00,1,15.0,1-29 DPD
MSGB101711,Agency B,BOR200173,SL100434,2024-02-15 16:00:00,General Notice,Your account requires attention. Please contact our office at your earliest convenience. Reply STOP to stop these messages.,,,0,105.0,90-119 DPD
MSGB100453,Agency B,BOR201391,SL101026,2023-07-19 14:00:00,Settlement Offer,You may be eligible for a reduced settlement on your account. Contact us to learn more before this offer expires. Reply STOP to opt out.,,,0,15.0,1-29 DPD
MSGB100993,AGENCY_B,BOR200981,SL101642,2024-06-14 05:00:00,Payment Reminder,"Hi, this is a reminder that your student loan payment is past due. Call us or visit your account portal to make a payment. Reply STOP to opt out of text alerts.",,,0,105.0,90-119 DPD
MSGB101600,Agency B,BOR201680,SL101664,2025-06-25 14:00:00,Payment Reminder,"Hi, this is a reminder that your student loan payment is past due. Call us or visit your account portal to make a payment. Reply STOP to opt out of text alerts.",,,0,15.0,1-29 DPD
MSGB101355,Agency B,BOR201452,SL100225,2024-01-24 14:00:00,Hardship Program Info,You may qualify for a temporary hardship repayment plan. Call us to discuss your options. Reply STOP to unsubscribe from texts.,,,0,75.0,60-89 DPD
MSGB100837,Agency B,BOR200282,SL100373,2025-10-21 07:00:00,General Notice,Your account requires attention. Please contact our office at your earliest convenience. Reply STOP to stop these messages.,,,0,75.0,60-89 DPD
MSGB101480,Agency B,BOR200875,SL102253,2025-03-14 15:00:00,Payment Reminder,Your loan payment is overdue. Please contact us today to avoid further action. Msg&data rates may apply. Reply STOP to unsubscribe.,,,0,15.0,1-29 DPD
MSGB101226,Agency B,BOR201728,SL102489,2024-07-08 14:00:00,General Notice,Your account requires attention. Please contact our office at your earliest convenience. Reply STOP to stop these messages.,,,0,15.0,1-29 DPD
MSGB101513,Agency B,BOR200750,SL100628,2021-03-22 05:00:00,General Notice,Your account requires attention. Please contact our office at your earliest convenience. Reply STOP to stop these messages.,,,0,45.0,30-59 DPD
MSGB101137,Agency B,BOR202123,SL101540,2023-02-15 09:00:00,Payment Reminder,"Hi, this is a reminder that your student loan payment is past due. Call us or visit your account portal to make a payment. Reply STOP to opt out of text alerts.",,,0,15.0,1-29 DPD
MSGB100744,Agency B,BOR200173,SL100434,2023-11-15 15:00:00,Payment Reminder,"Hi, this is a reminder that your student loan payment is past due. Call us or visit your account portal to make a payment. Reply STOP to opt out of text alerts.",sorry missed the bus stop have to call back later,2023-11-15 16:45:00,1,45.0,30-59 DPD
MSGB100038,Agency B,BOR200570,SL101030,2022-11-12 06:00:00,Hardship Program Info,You may qualify for a temporary hardship repayment plan. Call us to discuss your options. Reply STOP to unsubscribe from texts.,,,0,45.0,30-59 DPD
MSGB100772,Agency B,BOR201608,SL100468,2025-10-07 05:00:00,Payment Reminder,"Hi, this is a reminder that your student loan payment is past due. Call us or visit your account portal to make a payment. Reply STOP to opt out of text alerts.",,,0,15.0,1-29 DPD
MSGB100583,Agency B,BOR200008,SL102248,2023-01-09 16:00:00,Settlement Offer,You may be eligible for a reduced settlement on your account. Contact us to learn more before this offer expires. Reply STOP to opt out.,I already stopped autopay is that why im getting these,2023-01-09 21:38:00,1,45.0,30-59 DPD
MSGB100077,Agency B,BOR201266,SL100025,2026-06-22 16:00:00,Settlement Offer,You may be eligible for a reduced settlement on your account. Contact us to learn more before this offer expires. Reply STOP to opt out.,,,0,75.0,60-89 DPD
MSGB100568,Agency B,BOR201302,SL101225,2021-08-06 08:00:00,Hardship Program Info,You may qualify for a temporary hardship repayment plan. Call us to discuss your options. Reply STOP to unsubscribe from texts.,,,0,15.0,1-29 DPD
MSGB100573,Agency B,BOR200339,SL101525,2022-06-25 05:00:00,Hardship Program Info,You may qualify for a temporary hardship repayment plan. Call us to discuss your options. Reply STOP to unsubscribe from texts.,,,0,15.0,1-29 DPD
MSGB100055,Agency B,BOR200573,SL100149,2023-02-01 07:00:00,Payment Reminder,Your loan payment is overdue. Please contact us today to avoid further action. Msg&data rates may apply. Reply STOP to unsubscribe.,,,0,15.0,1-29 DPD
MSGB101802,Agency B,BOR201156,SL101032,2026-08-08 16:00:00,Settlement Offer,You may be eligible for a reduced settlement on your account. Contact us to learn more before this offer expires. Reply STOP to opt out.,,,0,45.0,30-59 DPD
MSGB100796,Agency B,BOR200793,SL100263,2026-03-16 15:00:00,Hardship Program Info,You may qualify for a temporary hardship repayment plan. Call us to discuss your options. Reply STOP to unsubscribe from texts.,,,0,105.0,90-119 DPD
MSGB100882,Agency B,BOR202073,SL102438,2025-11-22 13:00:00,Payment Reminder,Your loan payment is overdue. Please contact us today to avoid further action. Msg&data rates may apply. Reply STOP to unsubscribe.,,,0,45.0,30-59 DPD
MSGB100951,Agency B,BOR202127,SL100147,2023-12-15 15:00:00,General Notice,Your account requires attention. Please contact our office at your earliest convenience. Reply STOP to stop these messages.,,,0,45.0,30-59 DPD
MSGB101155,Agency B,BOR200085,SL100646,2022-10-22 14:00:00,Settlement Offer,You may be eligible for a reduced settlement on your account. Contact us to learn more before this offer expires. Reply STOP to opt out.,,,0,15.0,1-29 DPD
MSGB100595,Agency B,BOR201329,SL100726,2025-12-13 16:00:00,Payment Reminder,Your loan payment is overdue. Please contact us today to avoid further action. Msg&data rates may apply. Reply STOP to unsubscribe.,,,0,195.0,180+ DPD
MSGB101218,Agency B,BOR200969,SL102135,2022-06-18 10:00:00,Payment Reminder,Your loan payment is overdue. Please contact us today to avoid further action. Msg&data rates may apply. Reply STOP to unsubscribe.,,,0,15.0,1-29 DPD
MSGB100046,Agency B,BOR200672,SL101334,2025-03-05 16:00:00,Settlement Offer,You may be eligible for a reduced settlement on your account. Contact us to learn more before this offer expires. Reply STOP to opt out.,,,0,15.0,1-29 DPD
MSGB100957,Agency B,BOR200109,SL101599,2024-10-24 16:00:00,Payment Reminder,"Hi, this is a reminder that your student loan payment is past due. Call us or visit your account portal to make a payment. Reply STOP to opt out of text alerts.",,,0,195.0,180+ DPD
MSGB100981,Agency B,BOR200704,SL101673,2022-05-15 16:00:00,Hardship Program Info,You may qualify for a temporary hardship repayment plan. Call us to discuss your options. Reply STOP to unsubscribe from texts.,,,0,15.0,1-29 DPD
MSGB100717,Agency B,BOR201748,SL100006,2024-02-02 06:00:00,Hardship Program Info,You may qualify for a temporary hardship repayment plan. Call us to discuss your options. Reply STOP to unsubscribe from texts.,,,0,105.0,90-119 DPD
MSGB100314,Agency B,BOR200749,SL101226,2026-05-12 14:00:00,Payment Reminder,"Hi, this is a reminder that your student loan payment is past due. Call us or visit your account portal to make a payment. Reply STOP to opt out of text alerts.",,,0,15.0,1-29 DPD
MSGB101310,AGENCY_B,BOR201972,SL100328,2022-05-20 12:00:00,Payment Reminder,Your loan payment is overdue. Please contact us today to avoid further action. Msg&data rates may apply. Reply STOP to unsubscribe.,,,0,45.0,30-59 DPD
MSGB100966,Agency B,BOR200008,SL102248,2025-04-22 13:00:00,Payment Reminder,"Hi, this is a reminder that your student loan payment is past due. Call us or visit your account portal to make a payment. Reply STOP to opt out of text alerts.",,,0,135.0,120-149 DPD
MSGB100392,Agency B,BOR201846,SL101587,2022-11-13 16:00:00,Payment Reminder,"Hi, this is a reminder that your student loan payment is past due. Call us or visit your account portal to make a payment. Reply STOP to opt out of text alerts.",,,0,15.0,1-29 DPD
MSGB100097,Agency B,BOR200546,SL101437,2025-12-10 10:00:00,Payment Reminder,"Hi, this is a reminder that your student loan payment is past due. Call us or visit your account portal to make a payment. Reply STOP to opt out of text alerts.",,,0,15.0,1-29 DPD
MSGB101828,Agency B,BOR201769,SL101163,2022-06-23 06:00:00,Payment Reminder,"Hi, this is a reminder that your student loan payment is past due. Call us or visit your account portal to make a payment. Reply STOP to opt out of text alerts.",,,0,45.0,30-59 DPD
MSGB100166,Agency B,BOR200462,SL101585,2023-07-20 12:00:00,General Notice,Your account requires attention. Please contact our office at your earliest convenience. Reply STOP to stop these messages.,how much do I owe,2023-07-20 16:37:00,0,45.0,30-59 DPD
MSGB101871,Agency B,BOR201129,SL101050,2025-03-28 12:00:00,Hardship Program Info,You may qualify for a temporary hardship repayment plan. Call us to discuss your options. Reply STOP to unsubscribe from texts.,can u stop texting me at work im in a meeting,2025-03-28 21:38:00,1,135.0,120-149 DPD
MSGB101409,Agency B,BOR201682,SL100600,2024-12-11 12:00:00,General Notice,Your account requires attention. Please contact our office at your earliest convenience. Reply STOP to stop these messages.,,,0,15.0,1-29 DPD
MSGB100713,Agency B,BOR201742,SL101133,2021-03-13 11:00:00,General Notice,Your account requires attention. Please contact our office at your earliest convenience. Reply STOP to stop these messages.,,,0,45.0,30-59 DPD
MSGB100897,Agency B,BOR200198,SL101242,2024-11-22 05:00:00,Payment Reminder,"Hi, this is a reminder that your student loan payment is past due. Call us or visit your account portal to make a payment. Reply STOP to opt out of text alerts.",,,0,15.0,1-29 DPD
MSGB100524,Agency B,BOR201995,SL100514,2026-01-11 05:00:00,Payment Reminder,"Hi, this is a reminder that your student loan payment is past due. Call us or visit your account portal to make a payment. Reply STOP to opt out of text alerts.",,,0,15.0,1-29 DPD
MSGB100364,Agency B,BOR200425,SL101569,2024-08-15 14:00:00,Payment Reminder,"Hi, this is a reminder that your student loan payment is past due. Call us or visit your account portal to make a payment. Reply STOP to opt out of text alerts.",he stopped answering his phone so im calling on his behalf,2024-08-15 20:25:00,1,15.0,1-29 DPD
MSGB100910,Agency B,BOR202237,SL100674,2023-09-26 13:00:00,General Notice,Your account requires attention. Please contact our office at your earliest convenience. Reply STOP to stop these messages.,,,0,165.0,150-179 DPD
MSGB100047,Agency B,BOR201457,SL101691,2025-05-20 16:00:00,Payment Reminder,Your loan payment is overdue. Please contact us today to avoid further action. Msg&data rates may apply. Reply STOP to unsubscribe.,,,0,15.0,1-29 DPD
MSGB100386,Agency B,BOR202313,SL100772,2025-02-06 09:00:00,Settlement Offer,You may be eligible for a reduced settlement on your account. Contact us to learn more before this offer expires. Reply STOP to opt out.,,,0,135.0,120-149 DPD
MSGB101829,Agency B,BOR201815,SL102265,2025-06-18 09:00:00,Settlement Offer,You may be eligible for a reduced settlement on your account. Contact us to learn more before this offer expires. Reply STOP to opt out.,,,0,45.0,30-59 DPD
MSGB101493,Agency B,BOR200132,SL100931,2026-04-11 09:00:00,Payment Reminder,Your loan payment is overdue. Please contact us today to avoid further action. Msg&data rates may apply. Reply STOP to unsubscribe.,,,0,195.0,180+ DPD
MSGB101131,Agency B,BOR201313,SL100949,2023-11-05 05:00:00,Payment Reminder,"Hi, this is a reminder that your student loan payment is past due. Call us or visit your account portal to make a payment. Reply STOP to opt out of text alerts.",,,0,15.0,1-29 DPD
MSGB101162,Agency B,BOR200836,SL102211,2025-08-18 14:00:00,Payment Reminder,"Hi, this is a reminder that your student loan payment is past due. Call us or visit your account portal to make a payment. Reply STOP to opt out of text alerts.",,,0,15.0,1-29 DPD
MSGB101193,Agency B,BOR200272,SL100092,2024-03-24 07:00:00,General Notice,Your account requires attention. Please contact our office at your earliest convenience. Reply STOP to stop these messages.,,,0,15.0,1-29 DPD
MSGB100917,Agency B,BOR201748,SL100006,2023-12-14 05:00:00,Payment Reminder,Your loan payment is overdue. Please contact us today to avoid further action. Msg&data rates may apply. Reply STOP to unsubscribe.,,,0,75.0,60-89 DPD
MSGB101652,Agency B,BOR200832,SL101699,2024-12-10 15:00:00,Payment Reminder,Your loan payment is overdue. Please contact us today to avoid further action. Msg&data rates may apply. Reply STOP to unsubscribe.,,,0,15.0,1-29 DPD
MSGB100850,Agency B,BOR200319,SL100993,2021-04-04 16:00:00,General Notice,Your account requires attention. Please contact our office at your earliest convenience. Reply STOP to stop these messages.,,,0,45.0,30-59 DPD
MSGB100203,Agency B,BOR200734,SL102130,2022-01-24 11:00:00,General Notice,Your account requires attention. Please contact our office at your earliest convenience. Reply STOP to stop these messages.,,,0,15.0,1-29 DPD
MSGB101183,Agency B,BOR201249,SL101724,2024-11-14 16:00:00,Payment Reminder,"Hi, this is a reminder that your student loan payment is past due. Call us or visit your account portal to make a payment. Reply STOP to opt out of text alerts.",,,0,15.0,1-29 DPD
MSGB100565,Agency B,BOR202237,SL100674,2023-07-23 06:00:00,General Notice,Your account requires attention. Please contact our office at your earliest convenience. Reply STOP to stop these messages.,,,0,165.0,150-179 DPD
MSGB100018,Agency B,BOR200067,SL101164,2024-01-09 14:00:00,Payment Reminder,"Hi, this is a reminder that your student loan payment is past due. Call us or visit your account portal to make a payment. Reply STOP to opt out of text alerts.",,,0,15.0,1-29 DPD
MSGB101784,Agency B,BOR202252,SL100724,2024-12-27 10:00:00,General Notice,Your account requires attention. Please contact our office at your earliest convenience. Reply STOP to stop these messages.,,,0,165.0,150-179 DPD
MSGB101640,Agency B,BOR200030,SL101122,2024-07-04 14:00:00,Hardship Program Info,You may qualify for a temporary hardship repayment plan. Call us to discuss your options. Reply STOP to unsubscribe from texts.,,,0,45.0,30-59 DPD
MSGB100034,Agency B,BOR201447,SL101547,2026-04-23 07:00:00,Payment Reminder,"Hi, this is a reminder that your student loan payment is past due. Call us or visit your account portal to make a payment. Reply STOP to opt out of text alerts.",my payment stopped going through last month can you check,2026-04-23 15:28:00,1,15.0,1-29 DPD
MSGB101279,Agency B,BOR200954,SL101930,2024-09-26 12:00:00,Payment Reminder,Your loan payment is overdue. Please contact us today to avoid further action. Msg&data rates may apply. Reply STOP to unsubscribe.,,,0,135.0,120-149 DPD
MSGB101236,Agency B,BOR201011,SL101510,2022-06-07 16:00:00,Payment Reminder,Your loan payment is overdue. Please contact us today to avoid further action. Msg&data rates may apply. Reply STOP to unsubscribe.,,,0,45.0,30-59 DPD
MSGB100627,Agency B,BOR202034,SL100855,2025-07-12 11:00:00,General Notice,Your account requires attention. Please contact our office at your earliest convenience. Reply STOP to stop these messages.,,,0,45.0,30-59 DPD
MSGB101490,Agency B,BOR202120,SL100771,2024-12-18 08:00:00,General Notice,Your account requires attention. Please contact our office at your earliest convenience. Reply STOP to stop these messages.,,,0,15.0,1-29 DPD
MSGB101203,Agency B,BOR202153,SL101942,2022-11-14 16:00:00,Hardship Program Info,You may qualify for a temporary hardship repayment plan. Call us to discuss your options. Reply STOP to unsubscribe from texts.,,,0,15.0,1-29 DPD
MSGB101442,Agency B,BOR200100,SL101180,2021-08-16 09:00:00,Payment Reminder,"Hi, this is a reminder that your student loan payment is past due. Call us or visit your account portal to make a payment. Reply STOP to opt out of text alerts.",,,0,45.0,30-59 DPD
MSGB101850,Agency B,BOR201919,SL100776,2024-07-25 15:00:00,Payment Reminder,"Hi, this is a reminder that your student loan payment is past due. Call us or visit your account portal to make a payment. Reply STOP to opt out of text alerts.",,,0,15.0,1-29 DPD
MSGB100800,AGENCY_B,BOR201258,SL100682,2022-09-06 12:00:00,Payment Reminder,"Hi, this is a reminder that your student loan payment is past due. Call us or visit your account portal to make a payment. Reply STOP to opt out of text alerts.",I stopped by the branch yesterday and paid already,2022-09-06 19:20:00,1,15.0,1-29 DPD
MSGB101649,Agency B,BOR202073,SL102438,2025-10-18 10:00:00,Hardship Program Info,You may qualify for a temporary hardship repayment plan. Call us to discuss your options. Reply STOP to unsubscribe from texts.,my payment stopped going through last month can you check,2025-10-18 14:58:00,1,15.0,1-29 DPD
MSGB101618,Agency B,BOR200921,SL101968,2024-03-10 15:00:00,General Notice,Your account requires attention. Please contact our office at your earliest convenience. Reply STOP to stop these messages.,,,0,15.0,1-29 DPD
MSGB101127,Agency B,BOR200091,SL100079,2022-03-05 07:00:00,Hardship Program Info,You may qualify for a temporary hardship repayment plan. Call us to discuss your options. Reply STOP to unsubscribe from texts.,,,0,15.0,1-29 DPD
MSGB101878,Agency B,BOR200139,SL100069,2022-08-28 07:00:00,Payment Reminder,Your loan payment is overdue. Please contact us today to avoid further action. Msg&data rates may apply. Reply STOP to unsubscribe.,k,2022-08-28 10:39:00,0,45.0,30-59 DPD
MSGB100394,Agency B,BOR200579,SL101641,2026-06-10 08:00:00,General Notice,Your account requires attention. Please contact our office at your earliest convenience. Reply STOP to stop these messages.,,,0,15.0,1-29 DPD
MSGB101644,Agency B,BOR201739,SL101763,2022-11-20 08:00:00,General Notice,Your account requires attention. Please contact our office at your earliest convenience. Reply STOP to stop these messages.,,,0,15.0,1-29 DPD
MSGB101885,Agency B,BOR201173,SL100917,2025-03-21 15:00:00,Payment Reminder,"Hi, this is a reminder that your student loan payment is past due. Call us or visit your account portal to make a payment. Reply STOP to opt out of text alerts.",,,0,15.0,1-29 DPD
MSGB100921,Agency B,BOR200917,SL101689,2025-01-18 07:00:00,Payment Reminder,"Hi, this is a reminder that your student loan payment is past due. Call us or visit your account portal to make a payment. Reply STOP to opt out of text alerts.",,,0,45.0,30-59 DPD
MSGB100324,Agency B,BOR200056,SL100948,2023-01-22 07:00:00,Settlement Offer,You may be eligible for a reduced settlement on your account. Contact us to learn more before this offer expires. Reply STOP to opt out.,who is this,2023-01-22 08:04:00,0,105.0,90-119 DPD
MSGB100815,Agency B,BOR200167,SL101845,2026-07-05 15:00:00,Payment Reminder,"Hi, this is a reminder that your student loan payment is past due. Call us or visit your account portal to make a payment. Reply STOP to opt out of text alerts.",can u stop texting me at work im in a meeting,2026-07-05 23:00:00,1,75.0,60-89 DPD
MSGB100493,AGENCY_B,BOR202256,SL102137,2023-06-19 11:00:00,General Notice,Your account requires attention. Please contact our office at your earliest convenience. Reply STOP to stop these messages.,,,0,195.0,180+ DPD
MSGB100141,Agency B,BOR202125,SL100091,2022-10-27 05:00:00,Payment Reminder,"Hi, this is a reminder that your student loan payment is past due. Call us or visit your account portal to make a payment. Reply STOP to opt out of text alerts.",,,0,135.0,120-149 DPD
MSGB100883,Agency B,BOR200487,SL101120,2022-01-28 16:00:00,Settlement Offer,You may be eligible for a reduced settlement on your account. Contact us to learn more before this offer expires. Reply STOP to opt out.,,,0,15.0,1-29 DPD
MSGB100460,Agency B,BOR201677,SL100888,2024-05-11 15:00:00,Hardship Program Info,You may qualify for a temporary hardship repayment plan. Call us to discuss your options. Reply STOP to unsubscribe from texts.,,,0,75.0,60-89 DPD
MSGB101078,Agency B,BOR200269,SL101235,2023-08-19 07:00:00,Payment Reminder,Your loan payment is overdue. Please contact us today to avoid further action. Msg&data rates may apply. Reply STOP to unsubscribe.,,,0,45.0,30-59 DPD
MSGB101816,Agency B,BOR201463,SL100896,2024-11-03 06:00:00,General Notice,Your account requires attention. Please contact our office at your earliest convenience. Reply STOP to stop these messages.,,,0,75.0,60-89 DPD
MSGB100218,Agency B,BOR201239,SL102186,2025-04-14 15:00:00,General Notice,Your account requires attention. Please contact our office at your earliest convenience. Reply STOP to stop these messages.,,,0,15.0,1-29 DPD
MSGB101151,Agency B,BOR200056,SL101455,2026-01-05 16:00:00,Hardship Program Info,You may qualify for a temporary hardship repayment plan. Call us to discuss your options. Reply STOP to unsubscribe from texts.,,,0,15.0,1-29 DPD
MSGB100446,Agency B,BOR202319,SL100160,2025-09-03 11:00:00,General Notice,Your account requires attention. Please contact our office at your earliest convenience. Reply STOP to stop these messages.,k,2025-09-03 12:16:00,0,75.0,60-89 DPD
MSGB101484,Agency B,BOR201455,SL102433,2026-08-10 10:00:00,Payment Reminder,"Hi, this is a reminder that your student loan payment is past due. Call us or visit your account portal to make a payment. Reply STOP to opt out of text alerts.",,,0,15.0,1-29 DPD
MSGB101670,Agency B,BOR201546,SL101986,2023-08-19 10:00:00,Payment Reminder,"Hi, this is a reminder that your student loan payment is past due. Call us or visit your account portal to make a payment. Reply STOP to opt out of text alerts.",,,0,105.0,90-119 DPD
MSGB101287,Agency B,BOR200336,SL101222,2026-02-05 08:00:00,Settlement Offer,You may be eligible for a reduced settlement on your account. Contact us to learn more before this offer expires. Reply STOP to opt out.,not stopping til this is paid off lol,2026-02-05 16:36:00,1,45.0,30-59 DPD
MSGB100186,Agency B,BOR200950,SL101189,2024-03-09 16:00:00,Hardship Program Info,You may qualify for a temporary hardship repayment plan. Call us to discuss your options. Reply STOP to unsubscribe from texts.,,,0,75.0,60-89 DPD
MSGB101044,Agency B,BOR200929,SL100791,2025-07-15 10:00:00,General Notice,Your account requires attention. Please contact our office at your earliest convenience. Reply STOP to stop these messages.,,,0,45.0,30-59 DPD
MSGB101663,Agency B,BOR200521,SL102071,2026-06-25 13:00:00,Payment Reminder,"Hi, this is a reminder that your student loan payment is past due. Call us or visit your account portal to make a payment. Reply STOP to opt out of text alerts.",,,0,165.0,150-179 DPD
MSGB100732,Agency B,BOR200383,SL102486,2025-07-17 06:00:00,Hardship Program Info,You may qualify for a temporary hardship repayment plan. Call us to discuss your options. Reply STOP to unsubscribe from texts.,,,0,15.0,1-29 DPD
MSGB100202,Agency B,BOR201620,SL102407,2023-12-24 07:00:00,Payment Reminder,"Hi, this is a reminder that your student loan payment is past due. Call us or visit your account portal to make a payment. Reply STOP to opt out of text alerts.",I stopped by the branch yesterday and paid already,2023-12-24 10:48:00,1,15.0,1-29 DPD
MSGB100299,Agency B,BOR202313,SL100772,2025-09-06 16:00:00,Settlement Offer,You may be eligible for a reduced settlement on your account. Contact us to learn more before this offer expires. Reply STOP to opt out.,,,0,135.0,120-149 DPD
MSGB100206,Agency B,BOR201769,SL101163,2022-05-09 13:00:00,Hardship Program Info,You may qualify for a temporary hardship repayment plan. Call us to discuss your options. Reply STOP to unsubscribe from texts.,,,0,15.0,1-29 DPD
MSGB100281,Agency B,BOR201381,SL100927,2025-12-11 09:00:00,Settlement Offer,You may be eligible for a reduced settlement on your account. Contact us to learn more before this offer expires. Reply STOP to opt out.,,,0,15.0,1-29 DPD
MSGB100664,Agency B,BOR201708,SL100503,2022-06-20 14:00:00,Hardship Program Info,You may qualify for a temporary hardship repayment plan. Call us to discuss your options. Reply STOP to unsubscribe from texts.,k,2022-06-20 14:38:00,0,15.0,1-29 DPD
MSGB100306,Agency B,BOR201374,SL100551,2025-02-07 08:00:00,Payment Reminder,"Hi, this is a reminder that your student loan payment is past due. Call us or visit your account portal to make a payment. Reply STOP to opt out of text alerts.",,,0,15.0,1-29 DPD
MSGB100384,Agency B,BOR201970,SL101618,2024-07-08 09:00:00,Payment Reminder,Your loan payment is overdue. Please contact us today to avoid further action. Msg&data rates may apply. Reply STOP to unsubscribe.,,,0,15.0,1-29 DPD
MSGB101738,Agency B,BOR200610,SL102152,2021-08-06 15:00:00,Payment Reminder,"Hi, this is a reminder that your student loan payment is past due. Call us or visit your account portal to make a payment. Reply STOP to opt out of text alerts.",,,0,45.0,30-59 DPD
MSGB101074,Agency B,BOR202077,SL101017,2025-10-04 08:00:00,General Notice,Your account requires attention. Please contact our office at your earliest convenience. Reply STOP to stop these messages.,,,0,15.0,1-29 DPD
MSGB100466,Agency B,BOR201463,SL100896,2025-05-07 06:00:00,Payment Reminder,"Hi, this is a reminder that your student loan payment is past due. Call us or visit your account portal to make a payment. Reply STOP to opt out of text alerts.",nonstop calls today about this smh,2025-05-07 13:32:00,1,195.0,180+ DPD
MSGB101224,Agency B,BOR200750,SL100628,2021-06-26 13:00:00,Settlement Offer,You may be eligible for a reduced settlement on your account. Contact us to learn more before this offer expires. Reply STOP to opt out.,,,0,105.0,90-119 DPD
MSGB100880,Agency B,BOR202287,SL100602,2025-06-09 06:00:00,Payment Reminder,"Hi, this is a reminder that your student loan payment is past due. Call us or visit your account portal to make a payment. Reply STOP to opt out of text alerts.",when does interest stop accruing on this loan,2025-06-09 07:24:00,1,75.0,60-89 DPD
MSGB100442,Agency B,BOR201452,SL100225,2023-09-04 11:00:00,General Notice,Your account requires attention. Please contact our office at your earliest convenience. Reply STOP to stop these messages.,,,0,45.0,30-59 DPD
MSGB100213,Agency B,BOR201846,SL101587,2023-10-16 05:00:00,Payment Reminder,"Hi, this is a reminder that your student loan payment is past due. Call us or visit your account portal to make a payment. Reply STOP to opt out of text alerts.",,,0,15.0,1-29 DPD
MSGB101553,Agency B,BOR202290,SL100372,2024-08-28 12:00:00,Settlement Offer,You may be eligible for a reduced settlement on your account. Contact us to learn more before this offer expires. Reply STOP to opt out.,,,0,75.0,60-89 DPD
MSGB100161,Agency B,BOR200162,SL102217,2024-05-18 10:00:00,Settlement Offer,You may be eligible for a reduced settlement on your account. Contact us to learn more before this offer expires. Reply STOP to opt out.,,,0,45.0,30-59 DPD
MSGB101837,Agency B,BOR200656,SL100207,2021-12-07 07:00:00,General Notice,Your account requires attention. Please contact our office at your earliest convenience. Reply STOP to stop these messages.,,,0,45.0,30-59 DPD
MSGB101184,Agency B,BOR200890,SL101014,2025-11-11 10:00:00,General Notice,Your account requires attention. Please contact our office at your earliest convenience. Reply STOP to stop these messages.,,,0,15.0,1-29 DPD
MSGB100139,Agency B,BOR202215,SL100767,2024-11-20 16:00:00,Hardship Program Info,You may qualify for a temporary hardship repayment plan. Call us to discuss your options. Reply STOP to unsubscribe from texts.,,,0,15.0,1-29 DPD
MSGB100809,Agency B,BOR200704,SL101673,2025-07-14 06:00:00,Settlement Offer,You may be eligible for a reduced settlement on your account. Contact us to learn more before this offer expires. Reply STOP to opt out.,,,0,15.0,1-29 DPD
MSGB100851,Agency B,BOR200836,SL102211,2025-07-11 06:00:00,Payment Reminder,Your loan payment is overdue. Please contact us today to avoid further action. Msg&data rates may apply. Reply STOP to unsubscribe.,,,0,15.0,1-29 DPD
MSGB100323,Agency B,BOR202083,SL100285,2023-07-28 13:00:00,Hardship Program Info,You may qualify for a temporary hardship repayment plan. Call us to discuss your options. Reply STOP to unsubscribe from texts.,,,0,15.0,1-29 DPD
MSGB100272,Agency B,BOR201256,SL100450,2023-09-15 09:00:00,Hardship Program Info,You may qualify for a temporary hardship repayment plan. Call us to discuss your options. Reply STOP to unsubscribe from texts.,,,0,15.0,1-29 DPD
MSGB100500,Agency B,BOR202287,SL100602,2023-08-25 06:00:00,Payment Reminder,"Hi, this is a reminder that your student loan payment is past due. Call us or visit your account portal to make a payment. Reply STOP to opt out of text alerts.",,,0,135.0,120-149 DPD
MSGB100942,Agency B,BOR200364,SL100392,2024-12-23 15:00:00,Payment Reminder,Your loan payment is overdue. Please contact us today to avoid further action. Msg&data rates may apply. Reply STOP to unsubscribe.,,,0,15.0,1-29 DPD
MSGB101869,Agency B,BOR200300,SL102198,2024-12-25 15:00:00,General Notice,Your account requires attention. Please contact our office at your earliest convenience. Reply STOP to stop these messages.,,,0,15.0,1-29 DPD
MSGB100504,Agency B,BOR200502,SL101733,2022-12-08 14:00:00,Payment Reminder,"Hi, this is a reminder that your student loan payment is past due. Call us or visit your account portal to make a payment. Reply STOP to opt out of text alerts.",,,0,15.0,1-29 DPD
MSGB101087,Agency B,BOR201913,SL100084,2026-07-07 16:00:00,General Notice,Your account requires attention. Please contact our office at your earliest convenience. Reply STOP to stop these messages.,,,0,15.0,1-29 DPD
MSGB100725,Agency B,BOR201300,SL101480,2024-10-15 15:00:00,Payment Reminder,Your loan payment is overdue. Please contact us today to avoid further action. Msg&data rates may apply. Reply STOP to unsubscribe.,,,0,15.0,1-29 DPD
MSGB101407,Agency B,BOR201519,SL100300,2022-03-13 14:00:00,General Notice,,,,0,45.0,30-59 DPD
MSGB100817,Agency B,BOR200398,SL102028,2026-02-19 05:00:00,General Notice,Your account requires attention. Please contact our office at your earliest convenience. Reply STOP to stop these messages.,,,0,45.0,30-59 DPD
MSGB100710,Agency B,BOR202285,SL100538,2023-05-25 07:00:00,Payment Reminder,"Hi, this is a reminder that your student loan payment is past due. Call us or visit your account portal to make a payment. Reply STOP to opt out of text alerts.",how much do I owe,2023-05-25 08:27:00,0,15.0,1-29 DPD
MSGB100563,Agency B,BOR201329,SL100726,2025-11-14 08:00:00,Hardship Program Info,You may qualify for a temporary hardship repayment plan. Call us to discuss your options. Reply STOP to unsubscribe from texts.,,,0,195.0,180+ DPD
MSGB100567,Agency B,BOR200044,SL101258,2024-03-09 12:00:00,Hardship Program Info,You may qualify for a temporary hardship repayment plan. Call us to discuss your options. Reply STOP to unsubscribe from texts.,,,0,45.0,30-59 DPD
MSGB100826,Agency B,BOR200895,SL102485,2024-12-06 10:00:00,Payment Reminder,Your loan payment is overdue. Please contact us today to avoid further action. Msg&data rates may apply. Reply STOP to unsubscribe.,,,0,15.0,1-29 DPD
MSGB101027,Agency B,BOR201977,SL101789,2023-08-10 09:00:00,Payment Reminder,"Hi, this is a reminder that your student loan payment is past due. Call us or visit your account portal to make a payment. Reply STOP to opt out of text alerts.",,,0,45.0,30-59 DPD
MSGB101339,Agency B,BOR200402,SL100280,2025-12-11 05:00:00,General Notice,Your account requires attention. Please contact our office at your earliest convenience. Reply STOP to stop these messages.,,,0,15.0,1-29 DPD
MSGB101516,Agency B,BOR200889,SL100640,2021-12-23 15:00:00,Settlement Offer,You may be eligible for a reduced settlement on your account. Contact us to learn more before this offer expires. Reply STOP to opt out.,,,0,45.0,30-59 DPD
MSGB100906,Agency B,BOR201369,SL101887,2025-09-20 10:00:00,General Notice,Your account requires attention. Please contact our office at your earliest convenience. Reply STOP to stop these messages.,,,0,15.0,1-29 DPD
MSGB101752,Agency B,BOR200352,SL100279,2026-07-28 13:00:00,Payment Reminder,Your loan payment is overdue. Please contact us today to avoid further action. Msg&data rates may apply. Reply STOP to unsubscribe.,,,0,15.0,1-29 DPD
MSGB100620,Agency B,BOR201243,SL101810,2023-05-04 07:00:00,Payment Reminder,"Hi, this is a reminder that your student loan payment is past due. Call us or visit your account portal to make a payment. Reply STOP to opt out of text alerts.",,,0,15.0,1-29 DPD
MSGB101875,Agency B,BOR201002,SL102427,2021-12-21 15:00:00,Payment Reminder,"Hi, this is a reminder that your student loan payment is past due. Call us or visit your account portal to make a payment. Reply STOP to opt out of text alerts.",,,0,15.0,1-29 DPD
MSGB100086,Agency B,BOR200423,SL100715,2025-11-03 07:00:00,General Notice,Your account requires attention. Please contact our office at your earliest convenience. Reply STOP to stop these messages.,,,0,45.0,30-59 DPD
MSGB100286,Agency B,BOR201490,SL100337,2022-06-21 07:00:00,Settlement Offer,You may be eligible for a reduced settlement on your account. Contact us to learn more before this offer expires. Reply STOP to opt out.,,,0,105.0,90-119 DPD
MSGB101571,Agency B,BOR200418,SL102464,2025-08-20 16:00:00,Payment Reminder,Your loan payment is overdue. Please contact us today to avoid further action. Msg&data rates may apply. Reply STOP to unsubscribe.,,,0,195.0,180+ DPD
MSGB100856,Agency B,BOR200651,SL101365,2023-10-28 08:00:00,Payment Reminder,"Hi, this is a reminder that your student loan payment is past due. Call us or visit your account portal to make a payment. Reply STOP to opt out of text alerts.",,,0,15.0,1-29 DPD
MSGB101101,Agency B,BOR200502,SL101733,2025-02-12 11:00:00,Payment Reminder,Your loan payment is overdue. Please contact us today to avoid further action. Msg&data rates may apply. Reply STOP to unsubscribe.,,,0,75.0,60-89 DPD
MSGB100401,Agency B,BOR201509,SL100801,2026-05-07 08:00:00,General Notice,Your account requires attention. Please contact our office at your earliest convenience. Reply STOP to stop these messages.,,,0,45.0,30-59 DPD
MSGB100319,Agency B,BOR200829,SL100432,2024-09-18 06:00:00,Payment Reminder,Your loan payment is overdue. Please contact us today to avoid further action. Msg&data rates may apply. Reply STOP to unsubscribe.,,,0,15.0,1-29 DPD
MSGB101124,Agency B,BOR202323,SL102411,2025-12-04 08:00:00,Settlement Offer,You may be eligible for a reduced settlement on your account. Contact us to learn more before this offer expires. Reply STOP to opt out.,,,0,105.0,90-119 DPD
MSGB100064,Agency B,BOR200511,SL102454,2024-01-22 14:00:00,Payment Reminder,Your loan payment is overdue. Please contact us today to avoid further action. Msg&data rates may apply. Reply STOP to unsubscribe.,,,0,45.0,30-59 DPD
MSGB100949,Agency B,BOR200876,SL100081,2022-04-04 16:00:00,Settlement Offer,You may be eligible for a reduced settlement on your account. Contact us to learn more before this offer expires. Reply STOP to opt out.,can you call me instead,2022-04-04 22:32:00,0,195.0,180+ DPD
MSGB101251,Agency B,BOR201958,SL101431,2022-01-15 11:00:00,Settlement Offer,You may be eligible for a reduced settlement on your account. Contact us to learn more before this offer expires. Reply STOP to opt out.,,,0,15.0,1-29 DPD
MSGB100699,Agency B,BOR201033,SL101979,2021-11-27 09:00:00,General Notice,Your account requires attention. Please contact our office at your earliest convenience. Reply STOP to stop these messages.,,,0,15.0,1-29 DPD
MSGB100082,Agency B,BOR201186,SL101237,2023-08-22 05:00:00,Payment Reminder,"Hi, this is a reminder that your student loan payment is past due. Call us or visit your account portal to make a payment. Reply STOP to opt out of text alerts.",wrong number,2023-08-22 08:42:00,0,45.0,30-59 DPD
MSGB100653,Agency B,BOR202192,SL100819,2025-08-04 05:00:00,General Notice,Your account requires attention. Please contact our office at your earliest convenience. Reply STOP to stop these messages.,,,0,15.0,1-29 DPD
MSGB100063,Agency B,BOR200061,SL100241,2025-11-15 14:00:00,Hardship Program Info,You may qualify for a temporary hardship repayment plan. Call us to discuss your options. Reply STOP to unsubscribe from texts.,,,0,45.0,30-59 DPD
MSGB101792,Agency B,BOR201457,SL101691,2026-05-12 10:00:00,Payment Reminder,"Hi, this is a reminder that your student loan payment is past due. Call us or visit your account portal to make a payment. Reply STOP to opt out of text alerts.",,,0,195.0,180+ DPD
MSGB100816,Agency B,BOR201946,SL102334,2024-09-09 05:00:00,Hardship Program Info,You may qualify for a temporary hardship repayment plan. Call us to discuss your options. Reply STOP to unsubscribe from texts.,,,0,45.0,30-59 DPD
MSGB100783,Agency B,BOR201970,SL101618,2022-02-16 11:00:00,Payment Reminder,Your loan payment is overdue. Please contact us today to avoid further action. Msg&data rates may apply. Reply STOP to unsubscribe.,,,0,45.0,30-59 DPD
MSGB100739,Agency B,BOR201778,SL101661,2025-09-18 10:00:00,Settlement Offer,You may be eligible for a reduced settlement on your account. Contact us to learn more before this offer expires. Reply STOP to opt out.,,,0,15.0,1-29 DPD
MSGB101779,Agency B,BOR201741,SL101782,2024-11-25 08:00:00,Payment Reminder,"Hi, this is a reminder that your student loan payment is past due. Call us or visit your account portal to make a payment. Reply STOP to opt out of text alerts.",,,0,135.0,120-149 DPD
MSGB101291,Agency B,BOR200585,SL102405,2024-06-15 15:00:00,Hardship Program Info,You may qualify for a temporary hardship repayment plan. Call us to discuss your options. Reply STOP to unsubscribe from texts.,,,0,15.0,1-29 DPD
MSGB100759,Agency B,BOR201632,SL102111,2022-11-10 12:00:00,Payment Reminder,Your loan payment is overdue. Please contact us today to avoid further action. Msg&data rates may apply. Reply STOP to unsubscribe.,,,0,15.0,1-29 DPD
MSGB100532,Agency B,BOR201026,SL100067,2025-05-28 06:00:00,Payment Reminder,"Hi, this is a reminder that your student loan payment is past due. Call us or visit your account portal to make a payment. Reply STOP to opt out of text alerts.",,,0,15.0,1-29 DPD
MSGB100419,Agency B,BOR200793,SL100263,2026-04-12 09:00:00,Payment Reminder,Your loan payment is overdue. Please contact us today to avoid further action. Msg&data rates may apply. Reply STOP to unsubscribe.,,,0,105.0,90-119 DPD
MSGB101414,Agency B,BOR201766,SL102082,2023-10-09 12:00:00,General Notice,Your account requires attention. Please contact our office at your earliest convenience. Reply STOP to stop these messages.,,,0,45.0,30-59 DPD
MSGB101412,Agency B,BOR200633,SL102136,2022-08-22 12:00:00,Hardship Program Info,You may qualify for a temporary hardship repayment plan. Call us to discuss your options. Reply STOP to unsubscribe from texts.,,,0,15.0,1-29 DPD
MSGB100508,Agency B,BOR202051,SL100161,2023-09-08 15:00:00,Payment Reminder,"Hi, this is a reminder that your student loan payment is past due. Call us or visit your account portal to make a payment. Reply STOP to opt out of text alerts.",,,0,15.0,1-29 DPD
MSGB101436,Agency B,BOR201531,SL102356,2022-11-03 15:00:00,General Notice,Your account requires attention. Please contact our office at your earliest convenience. Reply STOP to stop these messages.,,,0,15.0,1-29 DPD
MSGB100716,Agency B,BOR201108,SL101328,2024-08-19 09:00:00,Hardship Program Info,You may qualify for a temporary hardship repayment plan. Call us to discuss your options. Reply STOP to unsubscribe from texts.,,,0,15.0,1-29 DPD
MSGB100792,Agency B,BOR201966,SL101441,2025-12-07 12:00:00,General Notice,Your account requires attention. Please contact our office at your earliest convenience. Reply STOP to stop these messages.,,,0,105.0,90-119 DPD
MSGB101327,Agency B,BOR200215,SL100231,2026-06-16 16:00:00,Hardship Program Info,You may qualify for a temporary hardship repayment plan. Call us to discuss your options. Reply STOP to unsubscribe from texts.,,,0,15.0,1-29 DPD
MSGB100376,Agency B,BOR200932,SL102115,2022-01-09 12:00:00,Payment Reminder,"Hi, this is a reminder that your student loan payment is past due. Call us or visit your account portal to make a payment. Reply STOP to opt out of text alerts.",,,0,15.0,1-29 DPD
MSGB100057,Agency B,BOR200954,SL101930,2024-12-28 13:00:00,Payment Reminder,Your loan payment is overdue. Please contact us today to avoid further action. Msg&data rates may apply. Reply STOP to unsubscribe.,,,0,135.0,120-149 DPD
MSGB101110,Agency B,BOR201348,SL101271,2021-01-09 07:00:00,Hardship Program Info,You may qualify for a temporary hardship repayment plan. Call us to discuss your options. Reply STOP to unsubscribe from texts.,I already stopped autopay is that why im getting these,2021-01-09 12:49:00,1,15.0,1-29 DPD
MSGB101498,Agency B,BOR201636,SL100156,2023-10-05 07:00:00,Payment Reminder,Your loan payment is overdue. Please contact us today to avoid further action. Msg&data rates may apply. Reply STOP to unsubscribe.,,,0,75.0,60-89 DPD
MSGB101022,Agency B,BOR201391,SL101026,2024-10-24 07:00:00,Payment Reminder,"Hi, this is a reminder that your student loan payment is past due. Call us or visit your account portal to make a payment. Reply STOP to opt out of text alerts.",,,0,15.0,1-29 DPD
MSGB101548,Agency B,BOR201907,SL100849,2022-12-28 13:00:00,Payment Reminder,"Hi, this is a reminder that your student loan payment is past due. Call us or visit your account portal to make a payment. Reply STOP to opt out of text alerts.","stop it's already paid, why do I keep getting texts",2022-12-28 18:26:00,1,45.0,30-59 DPD
MSGB100872,Agency B,BOR200688,SL101888,2024-12-05 16:00:00,Settlement Offer,You may be eligible for a reduced settlement on your account. Contact us to learn more before this offer expires. Reply STOP to opt out.,,,0,45.0,30-59 DPD
MSGB101349,Agency B,BOR200102,SL102498,2025-05-28 07:00:00,General Notice,Your account requires attention. Please contact our office at your earliest convenience. Reply STOP to stop these messages.,,,0,15.0,1-29 DPD
MSGB101216,Agency B,BOR201559,SL102371,2024-02-23 11:00:00,Payment Reminder,"Hi, this is a reminder that your student loan payment is past due. Call us or visit your account portal to make a payment. Reply STOP to opt out of text alerts.",,,0,15.0,1-29 DPD
MSGB101731,Agency B,BOR200507,SL100208,2026-01-09 10:00:00,Payment Reminder,Your loan payment is overdue. Please contact us today to avoid further action. Msg&data rates may apply. Reply STOP to unsubscribe.,,,0,75.0,60-89 DPD
MSGB101532,Agency B,BOR200751,SL102270,2024-04-11 13:00:00,Payment Reminder,Your loan payment is overdue. Please contact us today to avoid further action. Msg&data rates may apply. Reply STOP to unsubscribe.,,,0,75.0,60-89 DPD
MSGB100072,Agency B,BOR202254,SL102264,2022-07-16 16:00:00,Payment Reminder,"Hi, this is a reminder that your student loan payment is past due. Call us or visit your account portal to make a payment. Reply STOP to opt out of text alerts.",,,0,45.0,30-59 DPD
MSGB100610,Agency B,BOR200804,SL100507,2026-03-07 08:00:00,Settlement Offer,You may be eligible for a reduced settlement on your account. Contact us to learn more before this offer expires. Reply STOP to opt out.,,,0,15.0,1-29 DPD
MSGB101342,Agency B,BOR201973,SL101006,2021-03-22 07:00:00,Payment Reminder,"Hi, this is a reminder that your student loan payment is past due. Call us or visit your account portal to make a payment. Reply STOP to opt out of text alerts.",,,0,15.0,1-29 DPD
MSGB100626,Agency B,BOR200085,SL100646,2024-06-25 15:00:00,General Notice,Your account requires attention. Please contact our office at your earliest convenience. Reply STOP to stop these messages.,,,0,15.0,1-29 DPD
MSGB101013,Agency B,BOR201435,SL100008,2023-07-23 13:00:00,Payment Reminder,"Hi, this is a reminder that your student loan payment is past due. Call us or visit your account portal to make a payment. Reply STOP to opt out of text alerts.",,,0,15.0,1-29 DPD
MSGB101207,Agency B,BOR202203,SL100273,2025-01-24 14:00:00,Payment Reminder,"Hi, this is a reminder that your student loan payment is past due. Call us or visit your account portal to make a payment. Reply STOP to opt out of text alerts.",,,0,45.0,30-59 DPD
MSGB101789,Agency B,BOR202135,SL101822,2024-11-04 16:00:00,General Notice,Your account requires attention. Please contact our office at your earliest convenience. Reply STOP to stop these messages.,,,0,45.0,30-59 DPD
MSGB101768,Agency B,BOR201498,SL100595,2026-02-02 08:00:00,Hardship Program Info,You may qualify for a temporary hardship repayment plan. Call us to discuss your options. Reply STOP to unsubscribe from texts.,,,0,135.0,120-149 DPD
