message_id,agency_name,borrower_id,loan_id,send_timestamp,message_type,message_content,borrower_reply_text,reply_timestamp,opt_out_flag,dpd_at_send,delinquency_bucket_at_send
MSGA101266,Agency A,BOR200755,SL101813,2026-06-24 06:00:00,General Notice,Your account requires attention. Please contact our office at your earliest convenience. Reply STOP to stop these messages.,,,0,135.0,120-149 DPD
MSGA100839,Agency A,BOR201877,SL102200,2026-08-20 12:00:00,Settlement Offer,You may be eligible for a reduced settlement on your account. Contact us to learn more before this offer expires. Reply STOP to opt out.,,,0,75.0,60-89 DPD
MSGA100881,Agency A,BOR200058,SL101720,2024-09-18 11:00:00,Hardship Program Info,You may qualify for a temporary hardship repayment plan. Call us to discuss your options. Reply STOP to unsubscribe from texts.,,,0,15.0,1-29 DPD
MSGA101647,Agency A,BOR200606,SL102149,2025-09-18 06:00:00,Payment Reminder,Your loan payment is overdue. Please contact us today to avoid further action. Msg&data rates may apply. Reply STOP to unsubscribe.,,,0,15.0,1-29 DPD
MSGA100092,Agency A,BOR200170,SL100088,2026-04-06 10:00:00,General Notice,Your account requires attention. Please contact our office at your earliest convenience. Reply STOP to stop these messages.,,,0,15.0,1-29 DPD
MSGA101522,Agency A,BOR200239,SL102237,2023-12-11 13:00:00,Payment Reminder,"Hi, this is a reminder that your student loan payment is past due. Call us or visit your account portal to make a payment. Reply STOP to opt out of text alerts.",,,0,75.0,60-89 DPD
MSGA101396,Agency A,BOR200896,SL101509,2021-09-16 13:00:00,Payment Reminder,"Hi, this is a reminder that your student loan payment is past due. Call us or visit your account portal to make a payment. Reply STOP to opt out of text alerts.",,,0,15.0,1-29 DPD
MSGA100529,Agency A,BOR201425,SL102005,2023-01-08 08:00:00,Settlement Offer,You may be eligible for a reduced settlement on your account. Contact us to learn more before this offer expires. Reply STOP to opt out.,ok will pay soon,2023-01-08 17:20:00,0,195.0,180+ DPD
MSGA101915,Agency A,BOR201074,SL101643,2023-12-28 13:00:00,General Notice,Your account requires attention. Please contact our office at your earliest convenience. Reply STOP to stop these messages.,,,0,45.0,30-59 DPD
MSGA101492,Agency A,BOR200544,SL101529,2024-04-08 11:00:00,General Notice,Your account requires attention. Please contact our office at your earliest convenience. Reply STOP to stop these messages.,,,0,165.0,150-179 DPD
MSGA101780,Agency A,BOR202318,SL100686,2025-06-18 06:00:00,Hardship Program Info,You may qualify for a temporary hardship repayment plan. Call us to discuss your options. Reply STOP to unsubscribe from texts.,,,0,75.0,60-89 DPD
MSGA100081,Agency A,BOR201279,SL100828,2023-04-15 15:00:00,Payment Reminder,"Hi, this is a reminder that your student loan payment is past due. Call us or visit your account portal to make a payment. Reply STOP to opt out of text alerts.",,,0,15.0,1-29 DPD
MSGA100049,Agency A,BOR202163,SL101459,2023-11-12 09:00:00,General Notice,Your account requires attention. Please contact our office at your earliest convenience. Reply STOP to stop these messages.,,,0,15.0,1-29 DPD
MSGA100580,Agency A,BOR201030,SL100326,2024-08-14 05:00:00,Payment Reminder,"Hi, this is a reminder that your student loan payment is past due. Call us or visit your account portal to make a payment. Reply STOP to opt out of text alerts.",,,0,45.0,30-59 DPD
MSGA101185,Agency A,BOR201537,SL102016,2023-08-11 08:00:00,General Notice,Your account requires attention. Please contact our office at your earliest convenience. Reply STOP to stop these messages.,,,0,15.0,1-29 DPD
MSGA101720,Agency A,BOR202054,SL101825,2021-01-12 06:00:00,Payment Reminder,,,,0,15.0,1-29 DPD
MSGA100735,Agency A,BOR200144,SL100739,2025-01-11 10:00:00,General Notice,Your account requires attention. Please contact our office at your earliest convenience. Reply STOP to stop these messages.,,,0,15.0,1-29 DPD
MSGA101362,Agency A,BOR201127,SL101670,2022-12-25 08:00:00,General Notice,Your account requires attention. Please contact our office at your earliest convenience. Reply STOP to stop these messages.,,,0,15.0,1-29 DPD
MSGA101173,Agency A,BOR202048,SL101038,2024-08-27 06:00:00,General Notice,Your account requires attention. Please contact our office at your earliest convenience. Reply STOP to stop these messages.,,,0,15.0,1-29 DPD
MSGA100418,Agency A,BOR202277,SL100877,2024-07-17 09:00:00,General Notice,Your account requires attention. Please contact our office at your earliest convenience. Reply STOP to stop these messages.,,,0,15.0,1-29 DPD
MSGA100190,Agency A,BOR200130,SL102488,2024-07-09 14:00:00,General Notice,Your account requires attention. Please contact our office at your earliest convenience. Reply STOP to stop these messages.,,,0,45.0,30-59 DPD
MSGA101398,Agency A,BOR201406,SL100608,2023-03-21 14:00:00,General Notice,Your account requires attention. Please contact our office at your earliest convenience. Reply STOP to stop these messages.,,,0,45.0,30-59 DPD
MSGA100854,Agency A,BOR201650,SL100405,2024-09-26 09:00:00,Payment Reminder,"Hi, this is a reminder that your student loan payment is past due. Call us or visit your account portal to make a payment. Reply STOP to opt out of text alerts.",,,0,195.0,180+ DPD
MSGA100381,Agency A,BOR201119,SL101280,2023-10-20 07:00:00,General Notice,Your account requires attention. Please contact our office at your earliest convenience. Reply STOP to stop these messages.,,,0,45.0,30-59 DPD
MSGA101132,Agency A,BOR200868,SL101273,2023-06-07 05:00:00,Hardship Program Info,You may qualify for a temporary hardship repayment plan. Call us to discuss your options. Reply STOP to unsubscribe from texts.,,,0,15.0,1-29 DPD
MSGA100321,Agency A,BOR200790,SL101362,2025-06-09 13:00:00,General Notice,Your account requires attention. Please contact our office at your earliest convenience. Reply STOP to stop these messages.,,,0,105.0,90-119 DPD
MSGA101790,Agency A,BOR201314,SL100556,2025-02-15 14:00:00,Payment Reminder,"Hi, this is a reminder that your student loan payment is past due. Call us or visit your account portal to make a payment. Reply STOP to opt out of text alerts.",,,0,15.0,1-29 DPD
MSGA101487,Agency A,BOR200518,SL100036,2024-09-05 07:00:00,Payment Reminder,"Hi, this is a reminder that your student loan payment is past due. Call us or visit your account portal to make a payment. Reply STOP to opt out of text alerts.",,,0,15.0,1-29 DPD
MSGA101103,Agency A,BOR200947,SL100936,2021-09-26 16:00:00,Payment Reminder,Your loan payment is overdue. Please contact us today to avoid further action. Msg&data rates may apply. Reply STOP to unsubscribe.,,,0,105.0,90-119 DPD
MSGA100687,Agency A,BOR201556,SL100155,2024-02-06 10:00:00,Hardship Program Info,You may qualify for a temporary hardship repayment plan. Call us to discuss your options. Reply STOP to unsubscribe from texts.,  my payment stopped going through last month can you check   ,2024-02-06 13:28:00,1,15.0,1-29 DPD
MSGA101683,Agency A,BOR200275,SL100123,2026-04-05 12:00:00,General Notice,Your account requires attention. Please contact our office at your earliest convenience. Reply STOP to stop these messages.,,,0,45.0,30-59 DPD
MSGA100809,Agency A,BOR201853,SL101923,2025-09-11 13:00:00,Payment Reminder,"Hi, this is a reminder that your student loan payment is past due. Call us or visit your account portal to make a payment. Reply STOP to opt out of text alerts.",,,0,15.0,1-29 DPD
MSGA101325,Agency A,BOR200315,SL101413,2024-06-15 16:00:00,General Notice,Your account requires attention. Please contact our office at your earliest convenience. Reply STOP to stop these messages.,,,0,45.0,30-59 DPD
MSGA100561,Agency A,BOR202321,SL100034,2021-06-14 14:00:00,General Notice,Your account requires attention. Please contact our office at your earliest convenience. Reply STOP to stop these messages.,,,0,15.0,1-29 DPD
MSGA100177,Agency A,BOR200945,SL101864,2025-06-07 09:00:00,Settlement Offer,You may be eligible for a reduced settlement on your account. Contact us to learn more before this offer expires. Reply STOP to opt out.,ok will pay soon,2025-06-07 12:09:00,0,75.0,60-89 DPD
MSGA101736,Agency A,BOR200572,SL101710,2025-09-09 05:00:00,Payment Reminder,"Hi, this is a reminder that your student loan payment is past due. Call us or visit your account portal to make a payment. Reply STOP to opt out of text alerts.",,,0,15.0,1-29 DPD
MSGA100277,Agency A,BOR200641,SL100505,2026-04-15 16:00:00,Settlement Offer,You may be eligible for a reduced settlement on your account. Contact us to learn more before this offer expires. Reply STOP to opt out.,nonstop calls today about this smh,2026-04-16 01:12:00,1,45.0,30-59 DPD
MSGA100300,Agency A,BOR201284,SL100350,2026-04-18 10:00:00,Payment Reminder,"Hi, this is a reminder that your student loan payment is past due. Call us or visit your account portal to make a payment. Reply STOP to opt out of text alerts.",,,0,15.0,1-29 DPD
MSGA101538,Agency A,BOR200270,SL101228,2023-10-27 16:00:00,Payment Reminder,"Hi, this is a reminder that your student loan payment is past due. Call us or visit your account portal to make a payment. Reply STOP to opt out of text alerts.",,,0,105.0,90-119 DPD
MSGA101512,Agency A,BOR200033,SL100398,2026-01-23 06:00:00,Payment Reminder,Your loan payment is overdue. Please contact us today to avoid further action. Msg&data rates may apply. Reply STOP to unsubscribe.,yes,2026-01-23 08:37:00,0,105.0,90-119 DPD
MSGA100913,Agency A,BOR200081,SL101506,2023-01-24 07:00:00,Payment Reminder,"Hi, this is a reminder that your student loan payment is past due. Call us or visit your account portal to make a payment. Reply STOP to opt out of text alerts.",,,0,15.0,1-29 DPD
MSGA101662,Agency A,BOR201550,SL102453,2023-12-13 11:00:00,General Notice,Your account requires attention. Please contact our office at your earliest convenience. Reply STOP to stop these messages.,,,0,45.0,30-59 DPD
MSGA101579,Agency A,BOR200894,SL100100,2022-03-28 14:00:00,Settlement Offer,You may be eligible for a reduced settlement on your account. Contact us to learn more before this offer expires. Reply STOP to opt out.,,,0,45.0,30-59 DPD
MSGA101679,Agency A,BOR201634,SL102324,2025-12-05 16:00:00,Payment Reminder,Your loan payment is overdue. Please contact us today to avoid further action. Msg&data rates may apply. Reply STOP to unsubscribe.,,,0,75.0,60-89 DPD
MSGA101346,Agency A,BOR200363,SL100399,2026-02-21 14:00:00,Payment Reminder,"Hi, this is a reminder that your student loan payment is past due. Call us or visit your account portal to make a payment. Reply STOP to opt out of text alerts.",,,0,15.0,1-29 DPD
MSGA100641,Agency A,BOR200827,SL101454,2026-05-18 14:00:00,General Notice,Your account requires attention. Please contact our office at your earliest convenience. Reply STOP to stop these messages.,,,0,15.0,1-29 DPD
MSGA101710,Agency A,BOR200033,SL100398,2021-11-12 09:00:00,Payment Reminder,"Hi, this is a reminder that your student loan payment is past due. Call us or visit your account portal to make a payment. Reply STOP to opt out of text alerts.",,,0,45.0,30-59 DPD
MSGA100663,Agency A,BOR201618,SL100264,2025-10-10 09:00:00,General Notice,Your account requires attention. Please contact our office at your earliest convenience. Reply STOP to stop these messages.,,,0,75.0,60-89 DPD
MSGA100919,Agency A,BOR202274,SL100344,2022-04-24 11:00:00,Payment Reminder,Your loan payment is overdue. Please contact us today to avoid further action. Msg&data rates may apply. Reply STOP to unsubscribe.,,,0,15.0,1-29 DPD
MSGA101465,Agency A,BOR201821,SL101935,2023-01-14 07:00:00,General Notice,Your account requires attention. Please contact our office at your earliest convenience. Reply STOP to stop these messages.,,,0,15.0,1-29 DPD
MSGA100950,Agency A,BOR201618,SL100264,2025-04-04 12:00:00,Payment Reminder,Your loan payment is overdue. Please contact us today to avoid further action. Msg&data rates may apply. Reply STOP to unsubscribe.,,,0,135.0,120-149 DPD
MSGA100689,Agency A,BOR202312,SL100703,2023-08-21 08:00:00,Payment Reminder,"Hi, this is a reminder that your student loan payment is past due. Call us or visit your account portal to make a payment. Reply STOP to opt out of text alerts.",,,0,45.0,30-59 DPD
MSGA100760,Agency A,BOR201639,SL100257,2025-08-23 10:00:00,Payment Reminder,Your loan payment is overdue. Please contact us today to avoid further action. Msg&data rates may apply. Reply STOP to unsubscribe.,,,0,15.0,1-29 DPD
MSGA100189,Agency A,BOR200286,SL102081,2024-04-19 09:00:00,Hardship Program Info,You may qualify for a temporary hardship repayment plan. Call us to discuss your options. Reply STOP to unsubscribe from texts.,stop,2024-04-19 11:49:00,1,15.0,1-29 DPD
MSGA100612,Agency A,BOR202239,SL100827,2026-08-17 13:00:00,Payment Reminder,"Hi, this is a reminder that your student loan payment is past due. Call us or visit your account portal to make a payment. Reply STOP to opt out of text alerts.",,,0,15.0,1-29 DPD
MSGA100805,Agency A,BOR200646,SL102188,2025-08-25 11:00:00,Payment Reminder,Your loan payment is overdue. Please contact us today to avoid further action. Msg&data rates may apply. Reply STOP to unsubscribe.,,,0,15.0,1-29 DPD
MSGA101911,Agency A,BOR202116,SL100047,2025-03-27 07:00:00,Payment Reminder,"Hi, this is a reminder that your student loan payment is past due. Call us or visit your account portal to make a payment. Reply STOP to opt out of text alerts.",,,0,15.0,1-29 DPD
MSGA101394,Agency A,BOR200773,SL100966,2025-04-16 14:00:00,Payment Reminder,"Hi, this is a reminder that your student loan payment is past due. Call us or visit your account portal to make a payment. Reply STOP to opt out of text alerts.",,,0,105.0,90-119 DPD
MSGA100175,Agency A,BOR200465,SL101637,2025-03-25 11:00:00,Payment Reminder,"Hi, this is a reminder that your student loan payment is past due. Call us or visit your account portal to make a payment. Reply STOP to opt out of text alerts.",,,0,15.0,1-29 DPD
MSGA100662,Agency A,BOR201425,SL102005,2022-10-14 10:00:00,Hardship Program Info,You may qualify for a temporary hardship repayment plan. Call us to discuss your options. Reply STOP to unsubscribe from texts.,,,0,195.0,180+ DPD
MSGA100101,Agency A,BOR201216,SL101553,2025-09-06 10:00:00,General Notice,Your account requires attention. Please contact our office at your earliest convenience. Reply STOP to stop these messages.,,,0,45.0,30-59 DPD
MSGA101095,Agency A,BOR201639,SL100257,2026-02-17 14:00:00,General Notice,Your account requires attention. Please contact our office at your earliest convenience. Reply STOP to stop these messages.,,,0,135.0,120-149 DPD
MSGA100870,Agency A,BOR201347,SL101004,2026-02-04 09:00:00,Payment Reminder,"Hi, this is a reminder that your student loan payment is past due. Call us or visit your account portal to make a payment. Reply STOP to opt out of text alerts.",,,0,15.0,1-29 DPD
MSGA100943,Agency A,BOR201822,SL101676,2021-10-13 09:00:00,General Notice,Your account requires attention. Please contact our office at your earliest convenience. Reply STOP to stop these messages.,,,0,15.0,1-29 DPD
MSGA101956,Agency A,BOR201592,SL101960,2024-05-24 16:00:00,General Notice,Your account requires attention. Please contact our office at your earliest convenience. Reply STOP to stop these messages.,,,0,15.0,1-29 DPD
MSGA101744,Agency A,BOR200478,SL101541,2026-03-28 12:00:00,Payment Reminder,"Hi, this is a reminder that your student loan payment is past due. Call us or visit your account portal to make a payment. Reply STOP to opt out of text alerts.",,,0,135.0,120-149 DPD
MSGA100616,Agency A,BOR200557,SL101513,2021-01-24 12:00:00,Payment Reminder,Your loan payment is overdue. Please contact us today to avoid further action. Msg&data rates may apply. Reply STOP to unsubscribe.,,,0,15.0,1-29 DPD
MSGA101051,Agency A,BOR200615,SL100433,2026-05-26 15:00:00,Hardship Program Info,You may qualify for a temporary hardship repayment plan. Call us to discuss your options. Reply STOP to unsubscribe from texts.,,,0,15.0,1-29 DPD
MSGA101129,Agency A,BOR200471,SL101249,2025-01-27 08:00:00,Payment Reminder,Your loan payment is overdue. Please contact us today to avoid further action. Msg&data rates may apply. Reply STOP to unsubscribe.,nonstop calls today about this smh,2025-01-27 09:30:00,1,75.0,60-89 DPD
MSGA101124,Agency A,BOR201425,SL102005,2022-08-20 07:00:00,Payment Reminder,Your loan payment is overdue. Please contact us today to avoid further action. Msg&data rates may apply. Reply STOP to unsubscribe.,,,0,165.0,150-179 DPD
MSGA101593,Agency A,BOR200783,SL101294,2026-06-16 16:00:00,Payment Reminder,"Hi, this is a reminder that your student loan payment is past due. Call us or visit your account portal to make a payment. Reply STOP to opt out of text alerts.",,,0,15.0,1-29 DPD
MSGA100054,Agency A,BOR200338,SL101882,2023-05-06 15:00:00,Hardship Program Info,You may qualify for a temporary hardship repayment plan. Call us to discuss your options. Reply STOP to unsubscribe from texts.,,,0,45.0,30-59 DPD
MSGA102011,Agency A,BOR202278,SL100889,2021-11-08 08:00:00,General Notice,Your account requires attention. Please contact our office at your earliest convenience. Reply STOP to stop these messages.,,,0,15.0,1-29 DPD
MSGA100775,Agency A,BOR200619,SL101634,2025-04-06 12:00:00,Payment Reminder,Your loan payment is overdue. Please contact us today to avoid further action. Msg&data rates may apply. Reply STOP to unsubscribe.,,,0,165.0,150-179 DPD
MSGA100571,Agency A,BOR200597,SL101411,2024-07-15 09:00:00,Payment Reminder,Your loan payment is overdue. Please contact us today to avoid further action. Msg&data rates may apply. Reply STOP to unsubscribe.,,,0,15.0,1-29 DPD
MSGA100106,Agency A,BOR200908,SL101315,2026-08-13 05:00:00,Hardship Program Info,You may qualify for a temporary hardship repayment plan. Call us to discuss your options. Reply STOP to unsubscribe from texts.,,,0,15.0,1-29 DPD
MSGA101544,Agency A,BOR200287,SL100424,2023-11-06 09:00:00,General Notice,Your account requires attention. Please contact our office at your earliest convenience. Reply STOP to stop these messages.,,,0,135.0,120-149 DPD
MSGA101407,Agency A,BOR201174,SL101079,2025-01-05 06:00:00,Hardship Program Info,You may qualify for a temporary hardship repayment plan. Call us to discuss your options. Reply STOP to unsubscribe from texts.,,,0,15.0,1-29 DPD
MSGA101501,Agency A,BOR201198,SL101482,2025-07-16 07:00:00,Payment Reminder,"Hi, this is a reminder that your student loan payment is past due. Call us or visit your account portal to make a payment. Reply STOP to opt out of text alerts.",,,0,15.0,1-29 DPD
MSGA100498,Agency A,BOR201667,SL102297,2025-06-14 12:00:00,General Notice,Your account requires attention. Please contact our office at your earliest convenience. Reply STOP to stop these messages.,,,0,135.0,120-149 DPD
MSGA100093,Agency A,BOR202208,SL102327,2025-07-15 09:00:00,Settlement Offer,You may be eligible for a reduced settlement on your account. Contact us to learn more before this offer expires. Reply STOP to opt out.,,,0,75.0,60-89 DPD
MSGA100922,Agency A,BOR201264,SL101326,2022-07-19 05:00:00,Settlement Offer,You may be eligible for a reduced settlement on your account. Contact us to learn more before this offer expires. Reply STOP to opt out.,,,0,15.0,1-29 DPD
MSGA100130,Agency A,BOR200375,SL100117,2023-11-14 14:00:00,General Notice,Your account requires attention. Please contact our office at your earliest convenience. Reply STOP to stop these messages.,,,0,75.0,60-89 DPD
MSGA100221,Agency A,BOR201776,SL101300,2026-01-21 16:00:00,Payment Reminder,"Hi, this is a reminder that your student loan payment is past due. Call us or visit your account portal to make a payment. Reply STOP to opt out of text alerts.",who is this,2026-01-21 16:31:00,0,195.0,180+ DPD
MSGA101815,Agency A,BOR202208,SL102327,2025-12-22 12:00:00,Settlement Offer,You may be eligible for a reduced settlement on your account. Contact us to learn more before this offer expires. Reply STOP to opt out.,,,0,105.0,90-119 DPD
MSGA101862,Agency A,BOR200685,SL100347,2024-05-23 13:00:00,Hardship Program Info,You may qualify for a temporary hardship repayment plan. Call us to discuss your options. Reply STOP to unsubscribe from texts.,wrong number,2024-05-23 16:11:00,0,165.0,150-179 DPD
MSGA100842,AGENCY_A,BOR201403,SL100878,2025-03-20 12:00:00,Payment Reminder,Your loan payment is overdue. Please contact us today to avoid further action. Msg&data rates may apply. Reply STOP to unsubscribe.,,,0,45.0,30-59 DPD
MSGA101818,Agency A,BOR201555,SL100575,2026-07-17 15:00:00,Payment Reminder,"Hi, this is a reminder that your student loan payment is past due. Call us or visit your account portal to make a payment. Reply STOP to opt out of text alerts.",,,0,45.0,30-59 DPD
MSGA101317,Agency A,BOR202154,SL100221,2024-08-23 09:00:00,Hardship Program Info,You may qualify for a temporary hardship repayment plan. Call us to discuss your options. Reply STOP to unsubscribe from texts.,,,0,75.0,60-89 DPD
MSGA101211,Agency A,BOR201744,SL100785,2023-09-15 16:00:00,Payment Reminder,"Hi, this is a reminder that your student loan payment is past due. Call us or visit your account portal to make a payment. Reply STOP to opt out of text alerts.",,,0,135.0,120-149 DPD
MSGA100195,Agency A,BOR200945,SL101864,2026-04-20 09:00:00,Settlement Offer,You may be eligible for a reduced settlement on your account. Contact us to learn more before this offer expires. Reply STOP to opt out.,,,0,135.0,120-149 DPD
MSGA100172,Agency A,BOR200393,SL100800,2025-04-22 11:00:00,Payment Reminder,Your loan payment is overdue. Please contact us today to avoid further action. Msg&data rates may apply. Reply STOP to unsubscribe.,,,0,75.0,60-89 DPD
MSGA101400,Agency A,BOR200768,SL101796,2025-09-21 05:00:00,Payment Reminder,"Hi, this is a reminder that your student loan payment is past due. Call us or visit your account portal to make a payment. Reply STOP to opt out of text alerts.",,,0,45.0,30-59 DPD
MSGA100584,Agency A,BOR200448,SL102009,2025-02-04 14:00:00,Hardship Program Info,You may qualify for a temporary hardship repayment plan. Call us to discuss your options. Reply STOP to unsubscribe from texts.,,,0,45.0,30-59 DPD
MSGA100799,Agency A,BOR201871,SL100814,2026-03-17 11:00:00,General Notice,,,,0,105.0,90-119 DPD
MSGA101042,Agency A,BOR202306,SL100041,2025-05-25 14:00:00,Payment Reminder,"Hi, this is a reminder that your student loan payment is past due. Call us or visit your account portal to make a payment. Reply STOP to opt out of text alerts.",,,0,75.0,60-89 DPD
MSGA100017,Agency A,BOR200321,SL100096,2021-08-14 09:00:00,Settlement Offer,,,,0,45.0,30-59 DPD
MSGA101866,Agency A,BOR201089,SL100641,2026-06-17 07:00:00,General Notice,Your account requires attention. Please contact our office at your earliest convenience. Reply STOP to stop these messages.,,,0,15.0,1-29 DPD
MSGA101733,Agency A,BOR201749,SL102359,2021-06-19 12:00:00,Payment Reminder,"Hi, this is a reminder that your student loan payment is past due. Call us or visit your account portal to make a payment. Reply STOP to opt out of text alerts.",can u stop texting me at work im in a meeting,2021-06-19 14:22:00,1,15.0,1-29 DPD
MSGA100777,Agency A,BOR201873,SL101791,2021-12-15 14:00:00,General Notice,Your account requires attention. Please contact our office at your earliest convenience. Reply STOP to stop these messages.,can you call me instead,2021-12-15 22:40:00,0,15.0,1-29 DPD
MSGA101154,Agency A,BOR201985,SL101059,2024-05-13 13:00:00,Settlement Offer,You may be eligible for a reduced settlement on your account. Contact us to learn more before this offer expires. Reply STOP to opt out.,,,0,75.0,60-89 DPD
MSGA100167,Agency A,BOR202018,SL100214,2022-09-07 09:00:00,Hardship Program Info,You may qualify for a temporary hardship repayment plan. Call us to discuss your options. Reply STOP to unsubscribe from texts.,,,0,15.0,1-29 DPD
MSGA101017,Agency A,BOR201792,SL100339,2021-10-09 14:00:00,Payment Reminder,Your loan payment is overdue. Please contact us today to avoid further action. Msg&data rates may apply. Reply STOP to unsubscribe.,,,0,45.0,30-59 DPD
MSGA101813,Agency A,BOR200995,SL102294,2021-02-07 07:00:00,Payment Reminder,"Hi, this is a reminder that your student loan payment is past due. Call us or visit your account portal to make a payment. Reply STOP to opt out of text alerts.",wrong number,2021-02-07 08:19:00,0,15.0,1-29 DPD
MSGA101925,Agency A,BOR201525,SL100527,2023-04-09 16:00:00,Hardship Program Info,You may qualify for a temporary hardship repayment plan. Call us to discuss your options. Reply STOP to unsubscribe from texts.,,,0,135.0,120-149 DPD
MSGA100287,Agency A,BOR200375,SL100117,2023-10-28 09:00:00,Payment Reminder,Your loan payment is overdue. Please contact us today to avoid further action. Msg&data rates may apply. Reply STOP to unsubscribe.,,,0,75.0,60-89 DPD
MSGA101542,Agency A,BOR200707,SL101760,2022-03-15 16:00:00,Payment Reminder,"Hi, this is a reminder that your student loan payment is past due. Call us or visit your account portal to make a payment. Reply STOP to opt out of text alerts.",,,0,45.0,30-59 DPD
MSGA100095,Agency A,BOR202102,SL100961,2025-05-20 11:00:00,General Notice,Your account requires attention. Please contact our office at your earliest convenience. Reply STOP to stop these messages.,,,0,75.0,60-89 DPD
MSGA101730,Agency A,BOR201962,SL101131,2023-05-12 05:00:00,General Notice,Your account requires attention. Please contact our office at your earliest convenience. Reply STOP to stop these messages.,,,0,15.0,1-29 DPD
MSGA101086,Agency A,BOR201283,SL101957,2025-11-26 13:00:00,General Notice,Your account requires attention. Please contact our office at your earliest convenience. Reply STOP to stop these messages.,,,0,15.0,1-29 DPD
MSGA100066,Agency A,BOR201744,SL100785,2023-02-21 13:00:00,Payment Reminder,Your loan payment is overdue. Please contact us today to avoid further action. Msg&data rates may apply. Reply STOP to unsubscribe.,,,0,105.0,90-119 DPD
MSGA100163,Agency A,BOR200321,SL101563,2024-10-06 13:00:00,Settlement Offer,You may be eligible for a reduced settlement on your account. Contact us to learn more before this offer expires. Reply STOP to opt out.,,,0,15.0,1-29 DPD
MSGA100958,Agency A,BOR201441,SL100029,2025-04-18 15:00:00,Hardship Program Info,You may qualify for a temporary hardship repayment plan. Call us to discuss your options. Reply STOP to unsubscribe from texts.,,,0,15.0,1-29 DPD
MSGA102079,Agency A,BOR201333,SL101034,2025-01-07 12:00:00,Settlement Offer,You may be eligible for a reduced settlement on your account. Contact us to learn more before this offer expires. Reply STOP to opt out.,STOP please,2025-01-07 17:17:00,1,15.0,1-29 DPD
MSGA101402,Agency A,BOR200435,SL102361,2025-03-09 16:00:00,Hardship Program Info,You may qualify for a temporary hardship repayment plan. Call us to discuss your options. Reply STOP to unsubscribe from texts.,,,0,45.0,30-59 DPD
MSGA100056,Agency A,BOR200599,SL100033,2023-07-16 11:00:00,Payment Reminder,"Hi, this is a reminder that your student loan payment is past due. Call us or visit your account portal to make a payment. Reply STOP to opt out of text alerts.",,,0,15.0,1-29 DPD
MSGA101273,Agency A,BOR201043,SL102448,2023-05-19 06:00:00,Payment Reminder,"Hi, this is a reminder that your student loan payment is past due. Call us or visit your account portal to make a payment. Reply STOP to opt out of text alerts.",,,0,195.0,180+ DPD
MSGA101860,Agency A,BOR201450,SL101632,2024-01-08 09:00:00,Payment Reminder,"Hi, this is a reminder that your student loan payment is past due. Call us or visit your account portal to make a payment. Reply STOP to opt out of text alerts.",,,0,45.0,30-59 DPD
MSGA100860,Agency A,BOR200604,SL101259,2025-03-22 15:00:00,Settlement Offer,You may be eligible for a reduced settlement on your account. Contact us to learn more before this offer expires. Reply STOP to opt out.,,,0,15.0,1-29 DPD
MSGA101891,Agency A,BOR200568,SL100391,2024-04-07 11:00:00,General Notice,Your account requires attention. Please contact our office at your earliest convenience. Reply STOP to stop these messages.,,,0,135.0,120-149 DPD
MSGA100379,Agency A,BOR202213,SL102203,2023-10-26 09:00:00,Payment Reminder,Your loan payment is overdue. Please contact us today to avoid further action. Msg&data rates may apply. Reply STOP to unsubscribe.,,,0,15.0,1-29 DPD
MSGA100843,Agency A,BOR201986,SL101389,2023-05-17 12:00:00,Hardship Program Info,You may qualify for a temporary hardship repayment plan. Call us to discuss your options. Reply STOP to unsubscribe from texts.,ok will pay soon,2023-05-17 13:51:00,0,15.0,1-29 DPD
MSGA101134,Agency A,BOR200014,SL102162,2025-12-14 06:00:00,General Notice,Your account requires attention. Please contact our office at your earliest convenience. Reply STOP to stop these messages.,,,0,105.0,90-119 DPD
MSGA100388,Agency A,BOR200989,SL101267,2022-10-27 15:00:00,Settlement Offer,You may be eligible for a reduced settlement on your account. Contact us to learn more before this offer expires. Reply STOP to opt out.,,,0,15.0,1-29 DPD
MSGA100275,Agency A,BOR200897,SL101433,2022-09-12 07:00:00,Payment Reminder,Your loan payment is overdue. Please contact us today to avoid further action. Msg&data rates may apply. Reply STOP to unsubscribe.,,,0,75.0,60-89 DPD
MSGA100628,Agency A,BOR201522,SL100925,2021-06-05 15:00:00,Hardship Program Info,You may qualify for a temporary hardship repayment plan. Call us to discuss your options. Reply STOP to unsubscribe from texts.,,,0,15.0,1-29 DPD
MSGA101927,Agency A,BOR202002,SL101862,2022-01-06 13:00:00,Payment Reminder,"Hi, this is a reminder that your student loan payment is past due. Call us or visit your account portal to make a payment. Reply STOP to opt out of text alerts.",,,0,15.0,1-29 DPD
MSGA101718,Agency A,BOR201569,SL100045,2025-09-24 16:00:00,General Notice,Your account requires attention. Please contact our office at your earliest convenience. Reply STOP to stop these messages.,,,0,15.0,1-29 DPD
MSGA100347,Agency A,BOR202005,SL100058,2021-02-02 05:00:00,Payment Reminder,"Hi, this is a reminder that your student loan payment is past due. Call us or visit your account portal to make a payment. Reply STOP to opt out of text alerts.",,,0,15.0,1-29 DPD
MSGA101611,Agency A,BOR202277,SL100877,2023-03-14 15:00:00,Payment Reminder,"Hi, this is a reminder that your student loan payment is past due. Call us or visit your account portal to make a payment. Reply STOP to opt out of text alerts.",,,0,15.0,1-29 DPD
MSGA100230,Agency A,BOR200333,SL100209,2022-08-13 10:00:00,Payment Reminder,Your loan payment is overdue. Please contact us today to avoid further action. Msg&data rates may apply. Reply STOP to unsubscribe.,,,0,15.0,1-29 DPD
MSGA101675,Agency A,BOR201402,SL101130,2025-05-12 06:00:00,Payment Reminder,"Hi, this is a reminder that your student loan payment is past due. Call us or visit your account portal to make a payment. Reply STOP to opt out of text alerts.",,,0,135.0,120-149 DPD
MSGA100611,Agency A,BOR200558,SL101893,2026-04-08 14:00:00,Payment Reminder,"Hi, this is a reminder that your student loan payment is past due. Call us or visit your account portal to make a payment. Reply STOP to opt out of text alerts.",,,0,45.0,30-59 DPD
MSGA100083,Agency A,BOR200727,SL100571,2024-10-22 16:00:00,Payment Reminder,"Hi, this is a reminder that your student loan payment is past due. Call us or visit your account portal to make a payment. Reply STOP to opt out of text alerts.",,,0,15.0,1-29 DPD
MSGA101814,Agency A,BOR200731,SL102363,2026-06-08 14:00:00,General Notice,Your account requires attention. Please contact our office at your earliest convenience. Reply STOP to stop these messages.,,,0,15.0,1-29 DPD
MSGA100089,Agency A,BOR200671,SL101192,2025-06-18 15:00:00,General Notice,Your account requires attention. Please contact our office at your earliest convenience. Reply STOP to stop these messages.,,,0,105.0,90-119 DPD
MSGA101233,Agency A,BOR200619,SL101634,2024-10-11 05:00:00,Payment Reminder,"Hi, this is a reminder that your student loan payment is past due. Call us or visit your account portal to make a payment. Reply STOP to opt out of text alerts.",,,0,75.0,60-89 DPD
MSGA100091,Agency A,BOR202270,SL100051,2024-04-25 12:00:00,Payment Reminder,Your loan payment is overdue. Please contact us today to avoid further action. Msg&data rates may apply. Reply STOP to unsubscribe.,,,0,15.0,1-29 DPD
MSGA101056,Agency A,BOR201339,SL101218,2024-12-19 08:00:00,General Notice,Your account requires attention. Please contact our office at your earliest convenience. Reply STOP to stop these messages.,,,0,135.0,120-149 DPD
MSGA102080,Agency A,BOR201666,SL101544,2025-12-26 09:00:00,Payment Reminder,Your loan payment is overdue. Please contact us today to avoid further action. Msg&data rates may apply. Reply STOP to unsubscribe.,,,0,45.0,30-59 DPD
MSGA100416,Agency A,BOR201666,SL101544,2024-10-28 15:00:00,Hardship Program Info,You may qualify for a temporary hardship repayment plan. Call us to discuss your options. Reply STOP to unsubscribe from texts.,,,0,45.0,30-59 DPD
MSGA101741,Agency A,BOR201088,SL100659,2025-08-20 13:00:00,Payment Reminder,"Hi, this is a reminder that your student loan payment is past due. Call us or visit your account portal to make a payment. Reply STOP to opt out of text alerts.",,,0,15.0,1-29 DPD
MSGA100161,Agency A,BOR201711,SL101905,2023-01-22 07:00:00,Settlement Offer,You may be eligible for a reduced settlement on your account. Contact us to learn more before this offer expires. Reply STOP to opt out.,,,0,15.0,1-29 DPD
MSGA100688,Agency A,BOR201495,SL101387,2026-02-18 07:00:00,General Notice,Your account requires attention. Please contact our office at your earliest convenience. Reply STOP to stop these messages.,,,0,45.0,30-59 DPD
MSGA100134,Agency A,BOR200209,SL100946,2022-05-16 16:00:00,Hardship Program Info,You may qualify for a temporary hardship repayment plan. Call us to discuss your options. Reply STOP to unsubscribe from texts.,,,0,15.0,1-29 DPD
MSGA100863,Agency A,BOR201812,SL100621,2026-04-06 13:00:00,Payment Reminder,"Hi, this is a reminder that your student loan payment is past due. Call us or visit your account portal to make a payment. Reply STOP to opt out of text alerts.",,,0,165.0,150-179 DPD
MSGA101189,Agency A,BOR200498,SL101681,2025-03-04 15:00:00,Payment Reminder,"Hi, this is a reminder that your student loan payment is past due. Call us or visit your account portal to make a payment. Reply STOP to opt out of text alerts.",,,0,75.0,60-89 DPD
MSGA101674,Agency A,BOR200068,SL101238,2025-03-09 13:00:00,Hardship Program Info,You may qualify for a temporary hardship repayment plan. Call us to discuss your options. Reply STOP to unsubscribe from texts.,,,0,105.0,90-119 DPD
MSGA101550,AGENCY_A,BOR201579,SL100202,2021-04-03 06:00:00,Payment Reminder,"Hi, this is a reminder that your student loan payment is past due. Call us or visit your account portal to make a payment. Reply STOP to opt out of text alerts.",,,0,45.0,30-59 DPD
MSGA101300,Agency A,BOR200544,SL101529,2025-03-10 09:00:00,General Notice,Your account requires attention. Please contact our office at your earliest convenience. Reply STOP to stop these messages.,,,0,195.0,180+ DPD
MSGA100648,Agency A,BOR201651,SL102045,2021-07-23 09:00:00,General Notice,Your account requires attention. Please contact our office at your earliest convenience. Reply STOP to stop these messages.,,,0,45.0,30-59 DPD
MSGA101238,Agency A,BOR200168,SL100103,2024-07-13 09:00:00,Settlement Offer,You may be eligible for a reduced settlement on your account. Contact us to learn more before this offer expires. Reply STOP to opt out.,already paid this,2024-07-13 16:15:00,0,15.0,1-29 DPD
MSGA100855,Agency A,BOR200299,SL100154,2023-02-21 07:00:00,Payment Reminder,Your loan payment is overdue. Please contact us today to avoid further action. Msg&data rates may apply. Reply STOP to unsubscribe.,,,0,15.0,1-29 DPD
MSGA101988,Agency A,BOR200691,SL101855,2021-10-09 12:00:00,Payment Reminder,Your loan payment is overdue. Please contact us today to avoid further action. Msg&data rates may apply. Reply STOP to unsubscribe.,who is this,2021-10-09 21:25:00,0,15.0,1-29 DPD
MSGA101628,Agency A,BOR200830,SL100455,2021-04-11 07:00:00,Payment Reminder,"Hi, this is a reminder that your student loan payment is past due. Call us or visit your account portal to make a payment. Reply STOP to opt out of text alerts.",sorry missed the bus stop have to call back later,2021-04-11 08:09:00,1,15.0,1-29 DPD
MSGA101553,Agency A,BOR201502,SL101749,2024-04-10 13:00:00,General Notice,Your account requires attention. Please contact our office at your earliest convenience. Reply STOP to stop these messages.,,,0,15.0,1-29 DPD
MSGA100593,Agency A,BOR200312,SL101938,2023-01-15 09:00:00,Hardship Program Info,You may qualify for a temporary hardship repayment plan. Call us to discuss your options. Reply STOP to unsubscribe from texts.,,,0,15.0,1-29 DPD
MSGA100184,Agency A,BOR201971,SL102254,2022-09-26 15:00:00,Payment Reminder,"Hi, this is a reminder that your student loan payment is past due. Call us or visit your account portal to make a payment. Reply STOP to opt out of text alerts.",Stop,2022-09-26 19:10:00,1,15.0,1-29 DPD
MSGA102040,Agency A,BOR201331,SL101837,2021-07-23 14:00:00,Hardship Program Info,You may qualify for a temporary hardship repayment plan. Call us to discuss your options. Reply STOP to unsubscribe from texts.,,,0,15.0,1-29 DPD
MSGA101623,Agency A,BOR202268,SL102313,2025-10-05 07:00:00,Hardship Program Info,You may qualify for a temporary hardship repayment plan. Call us to discuss your options. Reply STOP to unsubscribe from texts.,,,0,15.0,1-29 DPD
MSGA100211,Agency A,BOR200223,SL101105,2023-01-08 14:00:00,General Notice,Your account requires attention. Please contact our office at your earliest convenience. Reply STOP to stop these messages.,,,0,15.0,1-29 DPD
MSGA101595,Agency A,BOR200498,SL101681,2021-10-16 14:00:00,Hardship Program Info,You may qualify for a temporary hardship repayment plan. Call us to discuss your options. Reply STOP to unsubscribe from texts.,,,0,15.0,1-29 DPD
MSGA100749,Agency A,BOR200565,SL101707,2024-01-20 08:00:00,Hardship Program Info,You may qualify for a temporary hardship repayment plan. Call us to discuss your options. Reply STOP to unsubscribe from texts.,,,0,45.0,30-59 DPD
MSGA101460,Agency A,BOR201149,SL101193,2026-01-15 08:00:00,Payment Reminder,Your loan payment is overdue. Please contact us today to avoid further action. Msg&data rates may apply. Reply STOP to unsubscribe.,,,0,105.0,90-119 DPD
MSGA101481,Agency A,BOR201639,SL102357,2025-08-12 14:00:00,General Notice,Your account requires attention. Please contact our office at your earliest convenience. Reply STOP to stop these messages.,,,0,45.0,30-59 DPD
MSGA101822,Agency A,BOR201885,SL102118,2026-02-15 10:00:00,Settlement Offer,You may be eligible for a reduced settlement on your account. Contact us to learn more before this offer expires. Reply STOP to opt out.,"stop it's already paid, why do I keep getting texts",2026-02-15 11:15:00,1,15.0,1-29 DPD
MSGA100916,Agency A,BOR200572,SL101710,2026-05-14 16:00:00,Settlement Offer,You may be eligible for a reduced settlement on your account. Contact us to learn more before this offer expires. Reply STOP to opt out.,,,0,75.0,60-89 DPD
MSGA101819,Agency A,BOR201859,SL100614,2025-11-22 09:00:00,Payment Reminder,"Hi, this is a reminder that your student loan payment is past due. Call us or visit your account portal to make a payment. Reply STOP to opt out of text alerts.",,,0,15.0,1-29 DPD
MSGA100604,AGENCY_A,BOR200047,SL102376,2025-06-11 05:00:00,General Notice,Your account requires attention. Please contact our office at your earliest convenience. Reply STOP to stop these messages.,,,0,15.0,1-29 DPD
MSGA101637,Agency A,BOR200287,SL100424,2023-02-14 08:00:00,Hardship Program Info,You may qualify for a temporary hardship repayment plan. Call us to discuss your options. Reply STOP to unsubscribe from texts.,,,0,15.0,1-29 DPD
MSGA100227,Agency A,BOR201448,SL101452,2023-09-09 15:00:00,Payment Reminder,"Hi, this is a reminder that your student loan payment is past due. Call us or visit your account portal to make a payment. Reply STOP to opt out of text alerts.",,,0,15.0,1-29 DPD
MSGA101922,Agency A,BOR201698,SL100967,2025-03-10 06:00:00,Payment Reminder,"Hi, this is a reminder that your student loan payment is past due. Call us or visit your account portal to make a payment. Reply STOP to opt out of text alerts.",,,0,15.0,1-29 DPD
MSGA100035,Agency A,BOR200880,SL101073,2025-05-23 13:00:00,Payment Reminder,"Hi, this is a reminder that your student loan payment is past due. Call us or visit your account portal to make a payment. Reply STOP to opt out of text alerts.",,,0,15.0,1-29 DPD
MSGA101198,Agency A,BOR202022,SL101728,2024-02-09 13:00:00,Payment Reminder,Your loan payment is overdue. Please contact us today to avoid further action. Msg&data rates may apply. Reply STOP to unsubscribe.,,,0,15.0,1-29 DPD
MSGA101971,Agency A,BOR200177,SL102457,2022-06-21 14:00:00,General Notice,Your account requires attention. Please contact our office at your earliest convenience. Reply STOP to stop these messages.,,,0,15.0,1-29 DPD
MSGA101477,Agency A,BOR201650,SL100405,2023-02-09 10:00:00,Payment Reminder,Your loan payment is overdue. Please contact us today to avoid further action. Msg&data rates may apply. Reply STOP to unsubscribe.,,,0,45.0,30-59 DPD
MSGA100679,Agency A,BOR200680,SL101378,2024-06-21 11:00:00,Hardship Program Info,You may qualify for a temporary hardship repayment plan. Call us to discuss your options. Reply STOP to unsubscribe from texts.,,,0,15.0,1-29 DPD
MSGA101648,Agency A,BOR200638,SL101799,2025-03-16 15:00:00,Hardship Program Info,You may qualify for a temporary hardship repayment plan. Call us to discuss your options. Reply STOP to unsubscribe from texts.,,,0,195.0,180+ DPD
MSGA100491,Agency A,BOR200176,SL100777,2025-03-20 07:00:00,Settlement Offer,You may be eligible for a reduced settlement on your account. Contact us to learn more before this offer expires. Reply STOP to opt out.,,,0,15.0,1-29 DPD
MSGA101190,Agency A,BOR201569,SL100045,2025-12-09 15:00:00,Hardship Program Info,You may qualify for a temporary hardship repayment plan. Call us to discuss your options. Reply STOP to unsubscribe from texts.,,,0,15.0,1-29 DPD
MSGA101028,Agency A,BOR201920,SL100291,2024-11-26 14:00:00,Settlement Offer,You may be eligible for a reduced settlement on your account. Contact us to learn more before this offer expires. Reply STOP to opt out.,,,0,15.0,1-29 DPD
MSGA100746,Agency A,BOR201084,SL102404,2024-05-25 07:00:00,General Notice,Your account requires attention. Please contact our office at your earliest convenience. Reply STOP to stop these messages.,,,0,15.0,1-29 DPD
MSGA101864,AGENCY_A,BOR201885,SL102118,2026-03-06 10:00:00,Payment Reminder,"Hi, this is a reminder that your student loan payment is past due. Call us or visit your account portal to make a payment. Reply STOP to opt out of text alerts.",,,0,45.0,30-59 DPD
MSGA101030,Agency A,BOR201311,SL101511,2021-05-18 11:00:00,Payment Reminder,Your loan payment is overdue. Please contact us today to avoid further action. Msg&data rates may apply. Reply STOP to unsubscribe.,,,0,45.0,30-59 DPD
MSGA100058,Agency A,BOR201045,SL100774,2022-04-20 16:00:00,Payment Reminder,Your loan payment is overdue. Please contact us today to avoid further action. Msg&data rates may apply. Reply STOP to unsubscribe.,,,0,105.0,90-119 DPD
MSGA100645,Agency A,BOR200071,SL101009,2024-12-28 06:00:00,Payment Reminder,Your loan payment is overdue. Please contact us today to avoid further action. Msg&data rates may apply. Reply STOP to unsubscribe.,,,0,45.0,30-59 DPD
MSGA100896,Agency A,BOR200013,SL102366,2026-06-08 12:00:00,Payment Reminder,"Hi, this is a reminder that your student loan payment is past due. Call us or visit your account portal to make a payment. Reply STOP to opt out of text alerts.",,,0,75.0,60-89 DPD
MSGA101695,Agency A,BOR200287,SL100424,2023-09-11 06:00:00,General Notice,Your account requires attention. Please contact our office at your earliest convenience. Reply STOP to stop these messages.,,,0,105.0,90-119 DPD
MSGA100145,Agency A,BOR201747,SL101907,2026-07-14 14:00:00,General Notice,Your account requires attention. Please contact our office at your earliest convenience. Reply STOP to stop these messages.,,,0,45.0,30-59 DPD
MSGA102019,Agency A,BOR201617,SL100990,2025-05-05 06:00:00,Settlement Offer,You may be eligible for a reduced settlement on your account. Contact us to learn more before this offer expires. Reply STOP to opt out.,,,0,15.0,1-29 DPD
MSGA100522,Agency A,BOR201092,SL102373,2024-01-21 15:00:00,Settlement Offer,You may be eligible for a reduced settlement on your account. Contact us to learn more before this offer expires. Reply STOP to opt out.,,,0,75.0,60-89 DPD
MSGA100271,Agency A,BOR200729,SL101943,2023-04-20 15:00:00,General Notice,Your account requires attention. Please contact our office at your earliest convenience. Reply STOP to stop these messages.,how much do I owe,2023-04-20 21:30:00,0,15.0,1-29 DPD
MSGA101213,Agency A,BOR200597,SL101411,2024-09-08 07:00:00,Payment Reminder,"Hi, this is a reminder that your student loan payment is past due. Call us or visit your account portal to make a payment. Reply STOP to opt out of text alerts.",I stopped by the branch yesterday and paid already,2024-09-08 16:26:00,1,45.0,30-59 DPD
MSGA100248,Agency A,BOR200013,SL102366,2026-05-19 08:00:00,Hardship Program Info,You may qualify for a temporary hardship repayment plan. Call us to discuss your options. Reply STOP to unsubscribe from texts.,,,0,75.0,60-89 DPD
MSGA101212,Agency A,BOR202055,SL100743,2026-06-13 05:00:00,General Notice,Your account requires attention. Please contact our office at your earliest convenience. Reply STOP to stop these messages.,,,0,75.0,60-89 DPD
MSGA100336,Agency A,BOR201333,SL101034,2022-08-26 10:00:00,Payment Reminder,Your loan payment is overdue. Please contact us today to avoid further action. Msg&data rates may apply. Reply STOP to unsubscribe.,,,0,15.0,1-29 DPD
MSGA101654,Agency A,BOR200263,SL100275,2021-10-16 06:00:00,Payment Reminder,"Hi, this is a reminder that your student loan payment is past due. Call us or visit your account portal to make a payment. Reply STOP to opt out of text alerts.",,,0,15.0,1-29 DPD
MSGA102055,Agency A,BOR201785,SL100773,2023-08-14 05:00:00,Hardship Program Info,You may qualify for a temporary hardship repayment plan. Call us to discuss your options. Reply STOP to unsubscribe from texts.,how much do I owe,2023-08-14 05:51:00,0,45.0,30-59 DPD
MSGA101528,Agency A,BOR201634,SL102324,2026-08-19 11:00:00,General Notice,Your account requires attention. Please contact our office at your earliest convenience. Reply STOP to stop these messages.,,,0,135.0,120-149 DPD
MSGA100451,Agency A,BOR200878,SL101578,2023-02-08 06:00:00,Payment Reminder,"Hi, this is a reminder that your student loan payment is past due. Call us or visit your account portal to make a payment. Reply STOP to opt out of text alerts.",,,0,15.0,1-29 DPD
MSGA100814,Agency A,BOR200778,SL102089,2025-02-05 12:00:00,Hardship Program Info,You may qualify for a temporary hardship repayment plan. Call us to discuss your options. Reply STOP to unsubscribe from texts.,,,0,15.0,1-29 DPD
MSGA100904,Agency A,BOR200755,SL101813,2026-04-21 16:00:00,Payment Reminder,"Hi, this is a reminder that your student loan payment is past due. Call us or visit your account portal to make a payment. Reply STOP to opt out of text alerts.",,,0,135.0,120-149 DPD
MSGA101268,Agency A,BOR201812,SL100621,2026-02-04 14:00:00,Payment Reminder,"Hi, this is a reminder that your student loan payment is past due. Call us or visit your account portal to make a payment. Reply STOP to opt out of text alerts.",,,0,165.0,150-179 DPD
MSGA101436,Agency A,BOR200314,SL100483,2025-06-26 09:00:00,Settlement Offer,You may be eligible for a reduced settlement on your account. Contact us to learn more before this offer expires. Reply STOP to opt out.,,,0,195.0,180+ DPD
MSGA100964,Agency A,BOR200441,SL100046,2025-07-21 15:00:00,General Notice,Your account requires attention. Please contact our office at your earliest convenience. Reply STOP to stop these messages.,,,0,75.0,60-89 DPD
MSGA100382,Agency A,BOR201216,SL101553,2025-08-19 05:00:00,General Notice,Your account requires attention. Please contact our office at your earliest convenience. Reply STOP to stop these messages.,,,0,45.0,30-59 DPD
MSGA100457,Agency A,BOR201956,SL101371,2024-07-08 10:00:00,General Notice,Your account requires attention. Please contact our office at your earliest convenience. Reply STOP to stop these messages.,,,0,75.0,60-89 DPD
MSGA101099,Agency A,BOR200978,SL101608,2021-08-16 08:00:00,Payment Reminder,"Hi, this is a reminder that your student loan payment is past due. Call us or visit your account portal to make a payment. Reply STOP to opt out of text alerts.",,,0,45.0,30-59 DPD
MSGA101827,Agency A,BOR201651,SL102045,2026-02-16 09:00:00,Payment Reminder,"Hi, this is a reminder that your student loan payment is past due. Call us or visit your account portal to make a payment. Reply STOP to opt out of text alerts.",,,0,195.0,180+ DPD
MSGA100779,Agency A,BOR201276,SL102325,2025-09-05 10:00:00,Settlement Offer,You may be eligible for a reduced settlement on your account. Contact us to learn more before this offer expires. Reply STOP to opt out.,,,0,165.0,150-179 DPD
MSGA101348,Agency A,BOR201179,SL101915,2024-05-22 05:00:00,Settlement Offer,You may be eligible for a reduced settlement on your account. Contact us to learn more before this offer expires. Reply STOP to opt out.,,,0,15.0,1-29 DPD
MSGA100982,Agency A,BOR200068,SL101238,2024-10-06 14:00:00,Payment Reminder,Your loan payment is overdue. Please contact us today to avoid further action. Msg&data rates may apply. Reply STOP to unsubscribe.,,,0,45.0,30-59 DPD
MSGA100808,Agency A,BOR200014,SL102162,2025-09-04 15:00:00,Payment Reminder,"Hi, this is a reminder that your student loan payment is past due. Call us or visit your account portal to make a payment. Reply STOP to opt out of text alerts.",can you call me instead,2025-09-04 20:57:00,0,75.0,60-89 DPD
MSGA100204,Agency A,BOR200540,SL100661,2025-10-07 09:00:00,General Notice,Your account requires attention. Please contact our office at your earliest convenience. Reply STOP to stop these messages.,,,0,15.0,1-29 DPD
MSGA100704,Agency A,BOR202262,SL100474,2026-08-12 10:00:00,Payment Reminder,"Hi, this is a reminder that your student loan payment is past due. Call us or visit your account portal to make a payment. Reply STOP to opt out of text alerts.",who is this,2026-08-12 13:37:00,0,15.0,1-29 DPD
MSGA101631,Agency A,BOR200326,SL102442,2025-10-27 06:00:00,Hardship Program Info,You may qualify for a temporary hardship repayment plan. Call us to discuss your options. Reply STOP to unsubscribe from texts.,,,0,15.0,1-29 DPD
MSGA100390,Agency A,BOR200572,SL101710,2026-08-21 08:00:00,Hardship Program Info,You may qualify for a temporary hardship repayment plan. Call us to discuss your options. Reply STOP to unsubscribe from texts.,,,0,135.0,120-149 DPD
MSGA100817,Agency A,BOR200457,SL100228,2024-03-24 06:00:00,Payment Reminder,Your loan payment is overdue. Please contact us today to avoid further action. Msg&data rates may apply. Reply STOP to unsubscribe.,,,0,45.0,30-59 DPD
MSGA101231,Agency A,BOR202318,SL100686,2026-03-05 08:00:00,Hardship Program Info,You may qualify for a temporary hardship repayment plan. Call us to discuss your options. Reply STOP to unsubscribe from texts.,,,0,165.0,150-179 DPD
MSGA101715,Agency A,BOR201721,SL101881,2025-06-25 07:00:00,General Notice,Your account requires attention. Please contact our office at your earliest convenience. Reply STOP to stop these messages.,,,0,105.0,90-119 DPD
MSGA100631,Agency A,BOR200978,SL101608,2024-05-16 12:00:00,Hardship Program Info,You may qualify for a temporary hardship repayment plan. Call us to discuss your options. Reply STOP to unsubscribe from texts.,,,0,15.0,1-29 DPD
MSGA101425,Agency A,BOR201776,SL101300,2024-10-04 13:00:00,Payment Reminder,"Hi, this is a reminder that your student loan payment is past due. Call us or visit your account portal to make a payment. Reply STOP to opt out of text alerts.",,,0,105.0,90-119 DPD
MSGA100721,Agency A,BOR200160,SL100435,2024-10-25 05:00:00,Payment Reminder,"Hi, this is a reminder that your student loan payment is past due. Call us or visit your account portal to make a payment. Reply STOP to opt out of text alerts.",,,0,105.0,90-119 DPD
MSGA101954,Agency A,BOR202277,SL100877,2023-09-09 10:00:00,Settlement Offer,You may be eligible for a reduced settlement on your account. Contact us to learn more before this offer expires. Reply STOP to opt out.,,,0,75.0,60-89 DPD
MSGA101983,Agency A,BOR200664,SL101310,2024-04-19 09:00:00,Payment Reminder,Your loan payment is overdue. Please contact us today to avoid further action. Msg&data rates may apply. Reply STOP to unsubscribe.,,,0,105.0,90-119 DPD
MSGA101655,Agency A,BOR200727,SL100571,2024-03-20 14:00:00,Hardship Program Info,You may qualify for a temporary hardship repayment plan. Call us to discuss your options. Reply STOP to unsubscribe from texts.,,,0,15.0,1-29 DPD
MSGA101804,Agency A,BOR201119,SL101280,2023-11-14 05:00:00,Payment Reminder,"Hi, this is a reminder that your student loan payment is past due. Call us or visit your account portal to make a payment. Reply STOP to opt out of text alerts.",,,0,45.0,30-59 DPD
MSGA100199,Agency A,BOR200443,SL101650,2024-12-24 13:00:00,Hardship Program Info,You may qualify for a temporary hardship repayment plan. Call us to discuss your options. Reply STOP to unsubscribe from texts.,,,0,45.0,30-59 DPD
MSGA100519,Agency A,BOR201614,SL101095,2021-04-19 13:00:00,Hardship Program Info,You may qualify for a temporary hardship repayment plan. Call us to discuss your options. Reply STOP to unsubscribe from texts.,,,0,15.0,1-29 DPD
MSGA100923,Agency A,BOR200068,SL101238,2024-12-24 15:00:00,Settlement Offer,You may be eligible for a reduced settlement on your account. Contact us to learn more before this offer expires. Reply STOP to opt out.,,,0,75.0,60-89 DPD
MSGA101732,Agency A,BOR200947,SL100936,2024-07-22 08:00:00,Hardship Program Info,You may qualify for a temporary hardship repayment plan. Call us to discuss your options. Reply STOP to unsubscribe from texts.,I stopped by the branch yesterday and paid already,2024-07-22 15:31:00,1,45.0,30-59 DPD
MSGA100556,Agency A,BOR201070,SL101584,2024-11-04 06:00:00,Settlement Offer,You may be eligible for a reduced settlement on your account. Contact us to learn more before this offer expires. Reply STOP to opt out.,,,0,15.0,1-29 DPD
MSGA100201,Agency A,BOR200114,SL101309,2024-02-14 08:00:00,Payment Reminder,Your loan payment is overdue. Please contact us today to avoid further action. Msg&data rates may apply. Reply STOP to unsubscribe.,,,0,135.0,120-149 DPD
MSGA101096,Agency A,BOR200128,SL102305,2022-11-26 12:00:00,Settlement Offer,You may be eligible for a reduced settlement on your account. Contact us to learn more before this offer expires. Reply STOP to opt out.,,,0,195.0,180+ DPD
MSGA100603,Agency A,BOR200948,SL101337,2021-03-16 12:00:00,Settlement Offer,You may be eligible for a reduced settlement on your account. Contact us to learn more before this offer expires. Reply STOP to opt out.,,,0,15.0,1-29 DPD
MSGA100537,Agency A,BOR200790,SL101362,2025-04-18 11:00:00,Settlement Offer,You may be eligible for a reduced settlement on your account. Contact us to learn more before this offer expires. Reply STOP to opt out.,,,0,105.0,90-119 DPD
MSGA100123,Agency A,BOR201556,SL100155,2021-09-22 08:00:00,General Notice,Your account requires attention. Please contact our office at your earliest convenience. Reply STOP to stop these messages.,,,0,45.0,30-59 DPD
MSGA100725,Agency A,BOR201877,SL102200,2026-07-09 07:00:00,Payment Reminder,"Hi, this is a reminder that your student loan payment is past due. Call us or visit your account portal to make a payment. Reply STOP to opt out of text alerts.",,,0,75.0,60-89 DPD
MSGA101974,Agency A,BOR200619,SL101634,2025-03-13 11:00:00,Hardship Program Info,You may qualify for a temporary hardship repayment plan. Call us to discuss your options. Reply STOP to unsubscribe from texts.,,,0,165.0,150-179 DPD
MSGA101215,Agency A,BOR201043,SL102448,2023-03-26 08:00:00,Settlement Offer,You may be eligible for a reduced settlement on your account. Contact us to learn more before this offer expires. Reply STOP to opt out.,,,0,195.0,180+ DPD
MSGA100600,AGENCY_A,BOR200733,SL101121,2024-12-19 07:00:00,General Notice,Your account requires attention. Please contact our office at your earliest convenience. Reply STOP to stop these messages.,,,0,15.0,1-29 DPD
MSGA100517,Agency A,BOR200759,SL101173,2022-03-20 12:00:00,Settlement Offer,You may be eligible for a reduced settlement on your account. Contact us to learn more before this offer expires. Reply STOP to opt out.,,,0,165.0,150-179 DPD
MSGA100193,Agency A,BOR200229,SL100192,2023-07-21 08:00:00,Payment Reminder,"Hi, this is a reminder that your student loan payment is past due. Call us or visit your account portal to make a payment. Reply STOP to opt out of text alerts.",,,0,15.0,1-29 DPD
MSGA101742,Agency A,BOR201107,SL100747,2022-09-03 08:00:00,Payment Reminder,"Hi, this is a reminder that your student loan payment is past due. Call us or visit your account portal to make a payment. Reply STOP to opt out of text alerts.",,,0,75.0,60-89 DPD
MSGA101581,Agency A,BOR200304,SL101383,2022-03-23 15:00:00,Hardship Program Info,You may qualify for a temporary hardship repayment plan. Call us to discuss your options. Reply STOP to unsubscribe from texts.,,,0,105.0,90-119 DPD
MSGA100411,Agency A,BOR201961,SL102177,2021-07-27 13:00:00,General Notice,,,,0,45.0,30-59 DPD
MSGA101158,Agency A,BOR200243,SL100679,2026-04-09 10:00:00,Payment Reminder,"Hi, this is a reminder that your student loan payment is past due. Call us or visit your account portal to make a payment. Reply STOP to opt out of text alerts.",,,0,15.0,1-29 DPD
MSGA100348,Agency A,BOR200687,SL101948,2021-10-21 15:00:00,General Notice,Your account requires attention. Please contact our office at your earliest convenience. Reply STOP to stop these messages.,STOP,2021-10-21 18:54:00,1,15.0,1-29 DPD
MSGA101289,Agency A,BOR201507,SL100984,2023-01-06 12:00:00,Payment Reminder,Your loan payment is overdue. Please contact us today to avoid further action. Msg&data rates may apply. Reply STOP to unsubscribe.,,,0,15.0,1-29 DPD
MSGA101898,Agency A,BOR200684,SL100923,2023-09-17 15:00:00,Payment Reminder,"Hi, this is a reminder that your student loan payment is past due. Call us or visit your account portal to make a payment. Reply STOP to opt out of text alerts.",how much do I owe,2023-09-17 16:47:00,0,45.0,30-59 DPD
MSGA101176,Agency A,BOR201053,SL101453,2026-02-25 10:00:00,General Notice,Your account requires attention. Please contact our office at your earliest convenience. Reply STOP to stop these messages.,,,0,75.0,60-89 DPD
MSGA101586,Agency A,BOR200270,SL101228,2023-06-16 07:00:00,Hardship Program Info,You may qualify for a temporary hardship repayment plan. Call us to discuss your options. Reply STOP to unsubscribe from texts.,,,0,15.0,1-29 DPD
MSGA101005,Agency A,BOR201812,SL100621,2025-10-10 08:00:00,Payment Reminder,Your loan payment is overdue. Please contact us today to avoid further action. Msg&data rates may apply. Reply STOP to unsubscribe.,,,0,75.0,60-89 DPD
MSGA100707,Agency A,BOR201537,SL102016,2024-07-04 11:00:00,General Notice,Your account requires attention. Please contact our office at your earliest convenience. Reply STOP to stop these messages.,,,0,15.0,1-29 DPD
MSGA101850,Agency A,BOR200127,SL101928,2026-07-14 16:00:00,Payment Reminder,Your loan payment is overdue. Please contact us today to avoid further action. Msg&data rates may apply. Reply STOP to unsubscribe.,,,0,15.0,1-29 DPD
MSGA100393,Agency A,BOR200159,SL100983,2022-11-10 05:00:00,Settlement Offer,You may be eligible for a reduced settlement on your account. Contact us to learn more before this offer expires. Reply STOP to opt out.,,,0,15.0,1-29 DPD
MSGA101613,Agency A,BOR200478,SL101541,2026-01-26 07:00:00,General Notice,Your account requires attention. Please contact our office at your earliest convenience. Reply STOP to stop these messages.,,,0,105.0,90-119 DPD
MSGA100238,Agency A,BOR200068,SL101238,2025-05-06 15:00:00,Settlement Offer,You may be eligible for a reduced settlement on your account. Contact us to learn more before this offer expires. Reply STOP to opt out.,,,0,135.0,120-149 DPD
MSGA101960,Agency A,BOR200340,SL101314,2023-05-23 06:00:00,General Notice,Your account requires attention. Please contact our office at your earliest convenience. Reply STOP to stop these messages.,,,0,15.0,1-29 DPD
MSGA100539,Agency A,BOR201602,SL101775,2023-12-25 05:00:00,General Notice,Your account requires attention. Please contact our office at your earliest convenience. Reply STOP to stop these messages.,,,0,105.0,90-119 DPD
MSGA100243,Agency A,BOR202274,SL100344,2023-01-22 06:00:00,Payment Reminder,Your loan payment is overdue. Please contact us today to avoid further action. Msg&data rates may apply. Reply STOP to unsubscribe.,,,0,165.0,150-179 DPD
MSGA100267,Agency A,BOR201390,SL101886,2025-08-09 06:00:00,Hardship Program Info,You may qualify for a temporary hardship repayment plan. Call us to discuss your options. Reply STOP to unsubscribe from texts.,,,0,45.0,30-59 DPD
MSGA102024,Agency A,BOR202018,SL100214,2025-03-19 05:00:00,Payment Reminder,Your loan payment is overdue. Please contact us today to avoid further action. Msg&data rates may apply. Reply STOP to unsubscribe.,,,0,15.0,1-29 DPD
MSGA101914,Agency A,BOR200945,SL101864,2025-08-28 09:00:00,Payment Reminder,"Hi, this is a reminder that your student loan payment is past due. Call us or visit your account portal to make a payment. Reply STOP to opt out of text alerts.",,,0,75.0,60-89 DPD
MSGA100868,Agency A,BOR201634,SL102324,2024-06-17 08:00:00,Hardship Program Info,You may qualify for a temporary hardship repayment plan. Call us to discuss your options. Reply STOP to unsubscribe from texts.,,,0,15.0,1-29 DPD
MSGA101601,Agency A,BOR200685,SL100347,2024-04-27 08:00:00,Hardship Program Info,You may qualify for a temporary hardship repayment plan. Call us to discuss your options. Reply STOP to unsubscribe from texts.,,,0,165.0,150-179 DPD
MSGA100774,Agency A,BOR200002,SL102352,2025-03-21 06:00:00,Settlement Offer,You may be eligible for a reduced settlement on your account. Contact us to learn more before this offer expires. Reply STOP to opt out.,,,0,45.0,30-59 DPD
MSGA101867,Agency A,BOR201403,SL100878,2025-01-27 09:00:00,Settlement Offer,You may be eligible for a reduced settlement on your account. Contact us to learn more before this offer expires. Reply STOP to opt out.,,,0,15.0,1-29 DPD
MSGA101450,Agency A,BOR201782,SL100539,2025-11-15 07:00:00,General Notice,Your account requires attention. Please contact our office at your earliest convenience. Reply STOP to stop these messages.,,,0,15.0,1-29 DPD
MSGA102052,Agency A,BOR201074,SL101643,2024-04-27 16:00:00,Settlement Offer,You may be eligible for a reduced settlement on your account. Contact us to learn more before this offer expires. Reply STOP to opt out.,,,0,45.0,30-59 DPD
MSGA100059,Agency A,BOR202187,SL102428,2025-03-10 05:00:00,Settlement Offer,You may be eligible for a reduced settlement on your account. Contact us to learn more before this offer expires. Reply STOP to opt out.,,,0,75.0,60-89 DPD
MSGA100751,Agency A,BOR201579,SL100202,2021-03-07 06:00:00,Settlement Offer,You may be eligible for a reduced settlement on your account. Contact us to learn more before this offer expires. Reply STOP to opt out.,my payment stopped going through last month can you check,2021-03-07 06:34:00,1,15.0,1-29 DPD
MSGA101182,Agency A,BOR200395,SL100750,2024-05-17 09:00:00,Hardship Program Info,You may qualify for a temporary hardship repayment plan. Call us to discuss your options. Reply STOP to unsubscribe from texts.,,,0,15.0,1-29 DPD
MSGA101415,Agency A,BOR202267,SL100625,2026-03-17 13:00:00,General Notice,Your account requires attention. Please contact our office at your earliest convenience. Reply STOP to stop these messages.,,,0,75.0,60-89 DPD
MSGA101438,Agency A,BOR201556,SL100155,2025-09-14 08:00:00,Payment Reminder,Your loan payment is overdue. Please contact us today to avoid further action. Msg&data rates may apply. Reply STOP to unsubscribe.,,,0,15.0,1-29 DPD
MSGA100933,Agency A,BOR201935,SL100253,2023-03-06 07:00:00,General Notice,Your account requires attention. Please contact our office at your earliest convenience. Reply STOP to stop these messages.,,,0,75.0,60-89 DPD
MSGA100516,Agency A,BOR201639,SL100257,2024-05-27 10:00:00,General Notice,Your account requires attention. Please contact our office at your earliest convenience. Reply STOP to stop these messages.,,,0,15.0,1-29 DPD
MSGA102035,Agency A,BOR200752,SL101156,2023-04-03 10:00:00,Hardship Program Info,You may qualify for a temporary hardship repayment plan. Call us to discuss your options. Reply STOP to unsubscribe from texts.,,,0,15.0,1-29 DPD
MSGA101418,Agency A,BOR202310,SL100478,2025-04-05 05:00:00,Payment Reminder,"Hi, this is a reminder that your student loan payment is past due. Call us or visit your account portal to make a payment. Reply STOP to opt out of text alerts.",,,0,45.0,30-59 DPD
MSGA100970,Agency A,BOR201821,SL101935,2024-08-23 07:00:00,Hardship Program Info,You may qualify for a temporary hardship repayment plan. Call us to discuss your options. Reply STOP to unsubscribe from texts.,,,0,15.0,1-29 DPD
MSGA101152,Agency A,BOR200572,SL101710,2024-04-14 12:00:00,Payment Reminder,"Hi, this is a reminder that your student loan payment is past due. Call us or visit your account portal to make a payment. Reply STOP to opt out of text alerts.",,,0,45.0,30-59 DPD
MSGA100726,Agency A,BOR201190,SL102396,2025-11-12 07:00:00,Hardship Program Info,You may qualify for a temporary hardship repayment plan. Call us to discuss your options. Reply STOP to unsubscribe from texts.,wrong number,2025-11-12 12:26:00,0,135.0,120-149 DPD
MSGA101049,Agency A,BOR200572,SL101710,2024-02-16 07:00:00,General Notice,Your account requires attention. Please contact our office at your earliest convenience. Reply STOP to stop these messages.,,,0,15.0,1-29 DPD
MSGA100581,Agency A,BOR201721,SL101881,2025-08-24 08:00:00,Payment Reminder,Your loan payment is overdue. Please contact us today to avoid further action. Msg&data rates may apply. Reply STOP to unsubscribe.,,,0,105.0,90-119 DPD
MSGA100154,Agency A,BOR202050,SL100489,2024-06-12 10:00:00,Settlement Offer,You may be eligible for a reduced settlement on your account. Contact us to learn more before this offer expires. Reply STOP to opt out.,STOP please,2024-06-12 12:36:00,1,45.0,30-59 DPD
MSGA101267,Agency A,BOR200724,SL101045,2026-08-06 11:00:00,Payment Reminder,Your loan payment is overdue. Please contact us today to avoid further action. Msg&data rates may apply. Reply STOP to unsubscribe.,,,0,135.0,120-149 DPD
MSGA101791,AGENCY_A,BOR200638,SL101799,2024-03-24 06:00:00,General Notice,Your account requires attention. Please contact our office at your earliest convenience. Reply STOP to stop these messages.,,,0,105.0,90-119 DPD
MSGA101336,Agency A,BOR200375,SL100117,2023-09-23 06:00:00,Settlement Offer,You may be eligible for a reduced settlement on your account. Contact us to learn more before this offer expires. Reply STOP to opt out.,,,0,45.0,30-59 DPD
MSGA100852,AGENCY_A,BOR201990,SL102339,2023-01-09 14:00:00,Settlement Offer,You may be eligible for a reduced settlement on your account. Contact us to learn more before this offer expires. Reply STOP to opt out.,,,0,15.0,1-29 DPD
MSGA100398,Agency A,BOR200287,SL100424,2023-10-13 11:00:00,General Notice,Your account requires attention. Please contact our office at your earliest convenience. Reply STOP to stop these messages.,,,0,105.0,90-119 DPD
MSGA101904,Agency A,BOR200789,SL100657,2024-05-25 05:00:00,Payment Reminder,Your loan payment is overdue. Please contact us today to avoid further action. Msg&data rates may apply. Reply STOP to unsubscribe.,,,0,75.0,60-89 DPD
MSGA100847,Agency A,BOR200738,SL100992,2024-02-18 09:00:00,Settlement Offer,You may be eligible for a reduced settlement on your account. Contact us to learn more before this offer expires. Reply STOP to opt out.,,,0,45.0,30-59 DPD
MSGA100548,Agency A,BOR201057,SL100226,2024-03-17 14:00:00,Settlement Offer,You may be eligible for a reduced settlement on your account. Contact us to learn more before this offer expires. Reply STOP to opt out.,,,0,15.0,1-29 DPD
MSGA101990,Agency A,BOR200147,SL102151,2026-08-07 08:00:00,Payment Reminder,Your loan payment is overdue. Please contact us today to avoid further action. Msg&data rates may apply. Reply STOP to unsubscribe.,,,0,75.0,60-89 DPD
MSGA100977,Agency A,BOR200649,SL101988,2022-09-19 12:00:00,General Notice,Your account requires attention. Please contact our office at your earliest convenience. Reply STOP to stop these messages.,,,0,75.0,60-89 DPD
MSGA100359,Agency A,BOR200070,SL100439,2022-03-04 16:00:00,General Notice,Your account requires attention. Please contact our office at your earliest convenience. Reply STOP to stop these messages.,,,0,15.0,1-29 DPD
MSGA101109,Agency A,BOR201980,SL101906,2025-02-18 10:00:00,Payment Reminder,Your loan payment is overdue. Please contact us today to avoid further action. Msg&data rates may apply. Reply STOP to unsubscribe.,,,0,195.0,180+ DPD
MSGA101757,Agency A,BOR201665,SL100099,2022-06-15 14:00:00,Payment Reminder,Your loan payment is overdue. Please contact us today to avoid further action. Msg&data rates may apply. Reply STOP to unsubscribe.,already paid this,2022-06-15 15:57:00,0,45.0,30-59 DPD
MSGA100745,Agency A,BOR200664,SL101310,2026-06-04 10:00:00,General Notice,Your account requires attention. Please contact our office at your earliest convenience. Reply STOP to stop these messages.,,,0,75.0,60-89 DPD
MSGA101160,Agency A,BOR201371,SL101821,2026-07-06 14:00:00,Hardship Program Info,You may qualify for a temporary hardship repayment plan. Call us to discuss your options. Reply STOP to unsubscribe from texts.,,,0,15.0,1-29 DPD
MSGA101516,Agency A,BOR200375,SL100117,2023-07-05 09:00:00,General Notice,Your account requires attention. Please contact our office at your earliest convenience. Reply STOP to stop these messages.,,,0,45.0,30-59 DPD
MSGA100614,Agency A,BOR201276,SL102325,2024-11-16 07:00:00,Payment Reminder,Your loan payment is overdue. Please contact us today to avoid further action. Msg&data rates may apply. Reply STOP to unsubscribe.,when does interest stop accruing on this loan,2024-11-16 16:57:00,1,105.0,90-119 DPD
MSGA101846,Agency A,BOR200266,SL101129,2023-11-05 05:00:00,Hardship Program Info,You may qualify for a temporary hardship repayment plan. Call us to discuss your options. Reply STOP to unsubscribe from texts.,I already stopped autopay is that why im getting these,2023-11-05 12:16:00,1,165.0,150-179 DPD
MSGA100908,Agency A,BOR200304,SL101383,2023-01-07 15:00:00,Payment Reminder,"Hi, this is a reminder that your student loan payment is past due. Call us or visit your account portal to make a payment. Reply STOP to opt out of text alerts.",,,0,15.0,1-29 DPD
MSGA101377,Agency A,BOR200014,SL102162,2025-06-22 09:00:00,Settlement Offer,You may be eligible for a reduced settlement on your account. Contact us to learn more before this offer expires. Reply STOP to opt out.,,,0,45.0,30-59 DPD
MSGA101033,Agency A,BOR201606,SL100420,2026-08-08 05:00:00,Payment Reminder,"Hi, this is a reminder that your student loan payment is past due. Call us or visit your account portal to make a payment. Reply STOP to opt out of text alerts.",,,0,45.0,30-59 DPD
MSGA101763,Agency A,BOR202267,SL100625,2026-06-09 09:00:00,Hardship Program Info,You may qualify for a temporary hardship repayment plan. Call us to discuss your options. Reply STOP to unsubscribe from texts.,,,0,105.0,90-119 DPD
MSGA100121,Agency A,BOR200047,SL102376,2025-12-28 09:00:00,Hardship Program Info,You may qualify for a temporary hardship repayment plan. Call us to discuss your options. Reply STOP to unsubscribe from texts.,,,0,15.0,1-29 DPD
MSGA100579,Agency A,BOR200002,SL102352,2023-12-18 11:00:00,Payment Reminder,Your loan payment is overdue. Please contact us today to avoid further action. Msg&data rates may apply. Reply STOP to unsubscribe.,,,0,15.0,1-29 DPD
MSGA101539,Agency A,BOR200544,SL101529,2023-11-14 12:00:00,General Notice,Your account requires attention. Please contact our office at your earliest convenience. Reply STOP to stop these messages.,,,0,165.0,150-179 DPD
MSGA100709,Agency A,BOR201877,SL102200,2026-05-06 12:00:00,Hardship Program Info,You may qualify for a temporary hardship repayment plan. Call us to discuss your options. Reply STOP to unsubscribe from texts.,,,0,45.0,30-59 DPD
MSGA101483,Agency A,BOR200470,SL100913,2025-12-07 05:00:00,Payment Reminder,"Hi, this is a reminder that your student loan payment is past due. Call us or visit your account portal to make a payment. Reply STOP to opt out of text alerts.",,,0,45.0,30-59 DPD
MSGA101315,Agency A,BOR201665,SL100099,2024-02-15 05:00:00,General Notice,Your account requires attention. Please contact our office at your earliest convenience. Reply STOP to stop these messages.,,,0,15.0,1-29 DPD
MSGA101676,Agency A,BOR201556,SL100155,2025-08-18 10:00:00,Payment Reminder,,,,0,15.0,1-29 DPD
MSGA100902,Agency A,BOR200436,SL100367,2025-06-07 08:00:00,Payment Reminder,"Hi, this is a reminder that your student loan payment is past due. Call us or visit your account portal to make a payment. Reply STOP to opt out of text alerts.",yes,2025-06-07 14:28:00,0,15.0,1-29 DPD
MSGA101382,Agency A,BOR201612,SL100835,2026-03-17 07:00:00,Payment Reminder,"Hi, this is a reminder that your student loan payment is past due. Call us or visit your account portal to make a payment. Reply STOP to opt out of text alerts.",,,0,45.0,30-59 DPD
MSGA100849,Agency A,BOR201920,SL100325,2024-02-17 15:00:00,Settlement Offer,You may be eligible for a reduced settlement on your account. Contact us to learn more before this offer expires. Reply STOP to opt out.,,,0,75.0,60-89 DPD
MSGA101671,Agency A,BOR200894,SL100100,2021-12-14 10:00:00,General Notice,Your account requires attention. Please contact our office at your earliest convenience. Reply STOP to stop these messages.,,,0,15.0,1-29 DPD
MSGA100806,Agency A,BOR201850,SL101206,2022-08-04 08:00:00,Settlement Offer,You may be eligible for a reduced settlement on your account. Contact us to learn more before this offer expires. Reply STOP to opt out.,yes,2022-08-04 13:03:00,0,15.0,1-29 DPD
MSGA102017,Agency A,BOR202116,SL100047,2026-03-04 12:00:00,Hardship Program Info,You may qualify for a temporary hardship repayment plan. Call us to discuss your options. Reply STOP to unsubscribe from texts.,,,0,75.0,60-89 DPD
MSGA101943,Agency A,BOR200033,SL100398,2025-10-28 07:00:00,Payment Reminder,"Hi, this is a reminder that your student loan payment is past due. Call us or visit your account portal to make a payment. Reply STOP to opt out of text alerts.",,,0,75.0,60-89 DPD
MSGA101420,Agency A,BOR201467,SL101166,2025-03-12 15:00:00,Payment Reminder,Your loan payment is overdue. Please contact us today to avoid further action. Msg&data rates may apply. Reply STOP to unsubscribe.,,,0,75.0,60-89 DPD
MSGA100084,Agency A,BOR200755,SL101813,2026-01-23 15:00:00,Hardship Program Info,You may qualify for a temporary hardship repayment plan. Call us to discuss your options. Reply STOP to unsubscribe from texts.,,,0,135.0,120-149 DPD
MSGA100730,Agency A,BOR200115,SL100335,2024-09-18 14:00:00,Settlement Offer,You may be eligible for a reduced settlement on your account. Contact us to learn more before this offer expires. Reply STOP to opt out.,,,0,45.0,30-59 DPD
MSGA100116,Agency A,BOR200145,SL101543,2023-08-18 12:00:00,General Notice,Your account requires attention. Please contact our office at your earliest convenience. Reply STOP to stop these messages.,,,0,15.0,1-29 DPD
MSGA101265,Agency A,BOR200125,SL100295,2025-10-09 06:00:00,Settlement Offer,You may be eligible for a reduced settlement on your account. Contact us to learn more before this offer expires. Reply STOP to opt out.,,,0,15.0,1-29 DPD
MSGA101687,Agency A,BOR200687,SL101948,2023-07-05 11:00:00,Hardship Program Info,You may qualify for a temporary hardship repayment plan. Call us to discuss your options. Reply STOP to unsubscribe from texts.,,,0,165.0,150-179 DPD
MSGA101723,Agency A,BOR201361,SL100464,2021-12-16 15:00:00,Hardship Program Info,You may qualify for a temporary hardship repayment plan. Call us to discuss your options. Reply STOP to unsubscribe from texts.,,,0,15.0,1-29 DPD
MSGA101369,Agency A,BOR201583,SL100496,2024-11-13 07:00:00,General Notice,Your account requires attention. Please contact our office at your earliest convenience. Reply STOP to stop these messages.,,,0,15.0,1-29 DPD
MSGA100449,Agency A,BOR201035,SL101078,2026-03-09 14:00:00,Payment Reminder,"Hi, this is a reminder that your student loan payment is past due. Call us or visit your account portal to make a payment. Reply STOP to opt out of text alerts.",,,0,45.0,30-59 DPD
MSGA102013,Agency A,BOR201721,SL101881,2025-05-14 12:00:00,Payment Reminder,Your loan payment is overdue. Please contact us today to avoid further action. Msg&data rates may apply. Reply STOP to unsubscribe.,,,0,105.0,90-119 DPD
MSGA100719,Agency A,BOR200185,SL101320,2025-12-07 14:00:00,General Notice,Your account requires attention. Please contact our office at your earliest convenience. Reply STOP to stop these messages.,,,0,15.0,1-29 DPD
MSGA100514,Agency A,BOR201721,SL101881,2021-03-22 08:00:00,Payment Reminder,"Hi, this is a reminder that your student loan payment is past due. Call us or visit your account portal to make a payment. Reply STOP to opt out of text alerts.",,,0,15.0,1-29 DPD
MSGA101834,Agency A,BOR200727,SL100571,2022-01-17 11:00:00,Payment Reminder,"Hi, this is a reminder that your student loan payment is past due. Call us or visit your account portal to make a payment. Reply STOP to opt out of text alerts.",,,0,15.0,1-29 DPD
MSGA100001,Agency A,BOR200127,SL101928,2026-08-16 07:00:00,Hardship Program Info,You may qualify for a temporary hardship repayment plan. Call us to discuss your options. Reply STOP to unsubscribe from texts.,,,0,45.0,30-59 DPD
MSGA100637,Agency A,BOR200947,SL100936,2021-11-09 07:00:00,Hardship Program Info,You may qualify for a temporary hardship repayment plan. Call us to discuss your options. Reply STOP to unsubscribe from texts.,,,0,105.0,90-119 DPD
MSGA100252,Agency A,BOR202219,SL101562,2021-10-23 10:00:00,Payment Reminder,Your loan payment is overdue. Please contact us today to avoid further action. Msg&data rates may apply. Reply STOP to unsubscribe.,k,2021-10-23 15:53:00,0,15.0,1-29 DPD
MSGA100824,Agency A,BOR200128,SL102305,2021-08-22 09:00:00,Payment Reminder,Your loan payment is overdue. Please contact us today to avoid further action. Msg&data rates may apply. Reply STOP to unsubscribe.,,,0,15.0,1-29 DPD
MSGA100165,Agency A,BOR201921,SL100013,2026-05-14 15:00:00,Settlement Offer,You may be eligible for a reduced settlement on your account. Contact us to learn more before this offer expires. Reply STOP to opt out.,,,0,15.0,1-29 DPD
MSGA101228,Agency A,BOR200925,SL101104,2025-07-19 13:00:00,Hardship Program Info,You may qualify for a temporary hardship repayment plan. Call us to discuss your options. Reply STOP to unsubscribe from texts.,,,0,15.0,1-29 DPD
MSGA101243,Agency A,BOR200464,SL100997,2021-08-22 14:00:00,Payment Reminder,"Hi, this is a reminder that your student loan payment is past due. Call us or visit your account portal to make a payment. Reply STOP to opt out of text alerts.",,,0,15.0,1-29 DPD
MSGA101105,Agency A,BOR202236,SL101077,2026-06-08 06:00:00,Payment Reminder,"Hi, this is a reminder that your student loan payment is past due. Call us or visit your account portal to make a payment. Reply STOP to opt out of text alerts.",,,0,45.0,30-59 DPD
MSGA100335,Agency A,BOR201667,SL102297,2025-01-20 14:00:00,General Notice,Your account requires attention. Please contact our office at your earliest convenience. Reply STOP to stop these messages.,,,0,105.0,90-119 DPD
MSGA101773,Agency A,BOR200411,SL101229,2021-02-14 15:00:00,Payment Reminder,"Hi, this is a reminder that your student loan payment is past due. Call us or visit your account portal to make a payment. Reply STOP to opt out of text alerts.",,,0,15.0,1-29 DPD
MSGA101374,Agency A,BOR200441,SL100046,2022-09-21 11:00:00,Hardship Program Info,You may qualify for a temporary hardship repayment plan. Call us to discuss your options. Reply STOP to unsubscribe from texts.,,,0,75.0,60-89 DPD
MSGA100197,Agency A,BOR200512,SL101501,2025-02-15 15:00:00,Hardship Program Info,You may qualify for a temporary hardship repayment plan. Call us to discuss your options. Reply STOP to unsubscribe from texts.,sorry missed the bus stop have to call back later,2025-02-15 17:36:00,1,15.0,1-29 DPD
MSGA101926,Agency A,BOR200595,SL100545,2022-04-19 12:00:00,Payment Reminder,"Hi, this is a reminder that your student loan payment is past due. Call us or visit your account portal to make a payment. Reply STOP to opt out of text alerts.",,,0,105.0,90-119 DPD
MSGA100266,Agency A,BOR201409,SL101023,2026-06-10 11:00:00,General Notice,Your account requires attention. Please contact our office at your earliest convenience. Reply STOP to stop these messages.,,,0,105.0,90-119 DPD
MSGA101444,Agency A,BOR201190,SL102396,2025-07-14 05:00:00,Hardship Program Info,You may qualify for a temporary hardship repayment plan. Call us to discuss your options. Reply STOP to unsubscribe from texts.,,,0,75.0,60-89 DPD
MSGA100234,Agency A,BOR201915,SL101798,2022-08-18 15:00:00,Settlement Offer,You may be eligible for a reduced settlement on your account. Contact us to learn more before this offer expires. Reply STOP to opt out.,Stop,2022-08-18 22:02:00,1,45.0,30-59 DPD
MSGA100466,Agency A,BOR200568,SL100391,2022-04-10 06:00:00,General Notice,Your account requires attention. Please contact our office at your earliest convenience. Reply STOP to stop these messages.,,,0,15.0,1-29 DPD
MSGA101428,Agency A,BOR200484,SL100534,2023-01-19 15:00:00,Settlement Offer,You may be eligible for a reduced settlement on your account. Contact us to learn more before this offer expires. Reply STOP to opt out.,,,0,135.0,120-149 DPD
MSGA101614,Agency A,BOR201814,SL102031,2026-06-16 09:00:00,Payment Reminder,Your loan payment is overdue. Please contact us today to avoid further action. Msg&data rates may apply. Reply STOP to unsubscribe.,,,0,15.0,1-29 DPD
MSGA100395,Agency A,BOR200104,SL100284,2025-07-24 15:00:00,Settlement Offer,You may be eligible for a reduced settlement on your account. Contact us to learn more before this offer expires. Reply STOP to opt out.,,,0,15.0,1-29 DPD
MSGA100310,Agency A,BOR200564,SL100199,2026-03-21 06:00:00,Hardship Program Info,You may qualify for a temporary hardship repayment plan. Call us to discuss your options. Reply STOP to unsubscribe from texts.,,,0,15.0,1-29 DPD
MSGA100019,Agency A,BOR200790,SL101362,2025-05-07 06:00:00,Settlement Offer,You may be eligible for a reduced settlement on your account. Contact us to learn more before this offer expires. Reply STOP to opt out.,,,0,105.0,90-119 DPD
MSGA101159,Agency A,BOR201962,SL101131,2023-08-14 08:00:00,Settlement Offer,You may be eligible for a reduced settlement on your account. Contact us to learn more before this offer expires. Reply STOP to opt out.,,,0,75.0,60-89 DPD
MSGA101568,Agency A,BOR200012,SL101912,2025-01-24 05:00:00,Payment Reminder,Your loan payment is overdue. Please contact us today to avoid further action. Msg&data rates may apply. Reply STOP to unsubscribe.,,,0,75.0,60-89 DPD
MSGA101411,Agency A,BOR200638,SL101799,2023-12-26 08:00:00,Hardship Program Info,You may qualify for a temporary hardship repayment plan. Call us to discuss your options. Reply STOP to unsubscribe from texts.,,,0,75.0,60-89 DPD
MSGA100841,Agency A,BOR201749,SL100233,2021-10-04 12:00:00,Settlement Offer,You may be eligible for a reduced settlement on your account. Contact us to learn more before this offer expires. Reply STOP to opt out.,,,0,15.0,1-29 DPD
MSGA101994,Agency A,BOR201001,SL100868,2022-10-17 07:00:00,Hardship Program Info,You may qualify for a temporary hardship repayment plan. Call us to discuss your options. Reply STOP to unsubscribe from texts.,,,0,135.0,120-149 DPD
MSGA101653,Agency A,BOR200664,SL101310,2022-04-16 09:00:00,Hardship Program Info,You may qualify for a temporary hardship repayment plan. Call us to discuss your options. Reply STOP to unsubscribe from texts.,,,0,75.0,60-89 DPD
MSGA101439,Agency A,BOR200534,SL100007,2024-01-04 09:00:00,General Notice,Your account requires attention. Please contact our office at your earliest convenience. Reply STOP to stop these messages.,,,0,75.0,60-89 DPD
MSGA101570,Agency A,BOR200659,SL101373,2025-02-03 15:00:00,Payment Reminder,"Hi, this is a reminder that your student loan payment is past due. Call us or visit your account portal to make a payment. Reply STOP to opt out of text alerts.",,,0,15.0,1-29 DPD
MSGA101996,Agency A,BOR201115,SL102176,2025-12-17 16:00:00,Settlement Offer,You may be eligible for a reduced settlement on your account. Contact us to learn more before this offer expires. Reply STOP to opt out.,,,0,15.0,1-29 DPD
MSGA101306,Agency A,BOR201222,SL102360,2024-05-10 07:00:00,Settlement Offer,You may be eligible for a reduced settlement on your account. Contact us to learn more before this offer expires. Reply STOP to opt out.,,,0,15.0,1-29 DPD
MSGA100761,Agency A,BOR200558,SL101893,2024-06-11 12:00:00,General Notice,Your account requires attention. Please contact our office at your earliest convenience. Reply STOP to stop these messages.,,,0,15.0,1-29 DPD
MSGA101798,AGENCY_A,BOR202022,SL101728,2025-03-25 05:00:00,General Notice,Your account requires attention. Please contact our office at your earliest convenience. Reply STOP to stop these messages.,,,0,15.0,1-29 DPD
MSGA101796,Agency A,BOR202312,SL100703,2021-07-28 15:00:00,General Notice,Your account requires attention. Please contact our office at your earliest convenience. Reply STOP to stop these messages.,,,0,15.0,1-29 DPD
MSGA100295,Agency A,BOR201639,SL102357,2026-04-08 09:00:00,General Notice,Your account requires attention. Please contact our office at your earliest convenience. Reply STOP to stop these messages.,,,0,105.0,90-119 DPD
MSGA102010,Agency A,BOR202251,SL102333,2026-03-18 11:00:00,General Notice,Your account requires attention. Please contact our office at your earliest convenience. Reply STOP to stop these messages.,,,0,45.0,30-59 DPD
MSGA101406,Agency A,BOR202182,SL101137,2026-02-11 05:00:00,Settlement Offer,You may be eligible for a reduced settlement on your account. Contact us to learn more before this offer expires. Reply STOP to opt out.,,,0,45.0,30-59 DPD
MSGA101197,Agency A,BOR201028,SL102168,2021-12-22 07:00:00,Settlement Offer,You may be eligible for a reduced settlement on your account. Contact us to learn more before this offer expires. Reply STOP to opt out.,,,0,15.0,1-29 DPD
MSGA101376,Agency A,BOR201634,SL102324,2026-06-03 07:00:00,Payment Reminder,Your loan payment is overdue. Please contact us today to avoid further action. Msg&data rates may apply. Reply STOP to unsubscribe.,wrong number,2026-06-03 16:00:00,0,135.0,120-149 DPD
MSGA100352,Agency A,BOR200053,SL101027,2021-08-12 13:00:00,Hardship Program Info,You may qualify for a temporary hardship repayment plan. Call us to discuss your options. Reply STOP to unsubscribe from texts.,,,0,45.0,30-59 DPD
MSGA100792,Agency A,BOR201821,SL100418,2024-11-21 16:00:00,Hardship Program Info,You may qualify for a temporary hardship repayment plan. Call us to discuss your options. Reply STOP to unsubscribe from texts.,,,0,75.0,60-89 DPD
MSGA101986,Agency A,BOR200039,SL102155,2023-01-08 08:00:00,General Notice,Your account requires attention. Please contact our office at your earliest convenience. Reply STOP to stop these messages.,wrong number,2023-01-08 14:00:00,0,15.0,1-29 DPD
MSGA101117,Agency A,BOR200908,SL101315,2025-06-12 10:00:00,Hardship Program Info,You may qualify for a temporary hardship repayment plan. Call us to discuss your options. Reply STOP to unsubscribe from texts.,"stop it's already paid, why do I keep getting texts",2025-06-12 16:37:00,1,45.0,30-59 DPD
MSGA101278,Agency A,BOR202033,SL101374,2021-11-09 05:00:00,Hardship Program Info,You may qualify for a temporary hardship repayment plan. Call us to discuss your options. Reply STOP to unsubscribe from texts.,,,0,15.0,1-29 DPD
MSGA101776,Agency A,BOR201612,SL100835,2026-04-04 16:00:00,Settlement Offer,You may be eligible for a reduced settlement on your account. Contact us to learn more before this offer expires. Reply STOP to opt out.,,,0,75.0,60-89 DPD
MSGA101055,Agency A,BOR200176,SL100777,2026-07-08 05:00:00,Payment Reminder,Your loan payment is overdue. Please contact us today to avoid further action. Msg&data rates may apply. Reply STOP to unsubscribe.,,,0,15.0,1-29 DPD
MSGA101629,Agency A,BOR202174,SL101113,2022-11-07 06:00:00,Settlement Offer,You may be eligible for a reduced settlement on your account. Contact us to learn more before this offer expires. Reply STOP to opt out.,,,0,15.0,1-29 DPD
MSGA101958,Agency A,BOR200441,SL100046,2025-06-16 10:00:00,Settlement Offer,You may be eligible for a reduced settlement on your account. Contact us to learn more before this offer expires. Reply STOP to opt out.,,,0,45.0,30-59 DPD
MSGA100117,Agency A,BOR200887,SL101758,2022-12-20 05:00:00,Payment Reminder,Your loan payment is overdue. Please contact us today to avoid further action. Msg&data rates may apply. Reply STOP to unsubscribe.,,,0,15.0,1-29 DPD
MSGA101126,Agency A,BOR201016,SL102127,2023-12-14 06:00:00,Payment Reminder,Your loan payment is overdue. Please contact us today to avoid further action. Msg&data rates may apply. Reply STOP to unsubscribe.,,,0,15.0,1-29 DPD
MSGA100743,Agency A,BOR200484,SL100534,2022-09-09 08:00:00,Payment Reminder,Your loan payment is overdue. Please contact us today to avoid further action. Msg&data rates may apply. Reply STOP to unsubscribe.,stop,2022-09-09 15:13:00,1,105.0,90-119 DPD
MSGA100763,Agency A,BOR201776,SL101300,2024-07-05 09:00:00,General Notice,Your account requires attention. Please contact our office at your earliest convenience. Reply STOP to stop these messages.,already paid this,2024-07-05 12:12:00,0,45.0,30-59 DPD
MSGA100720,Agency A,BOR200768,SL101796,2025-06-25 05:00:00,General Notice,Your account requires attention. Please contact our office at your earliest convenience. Reply STOP to stop these messages.,,,0,45.0,30-59 DPD
MSGA101366,Agency A,BOR200544,SL101529,2025-04-18 12:00:00,Hardship Program Info,You may qualify for a temporary hardship repayment plan. Call us to discuss your options. Reply STOP to unsubscribe from texts.,,,0,195.0,180+ DPD
MSGA101146,Agency A,BOR202207,SL102400,2022-01-14 06:00:00,Payment Reminder,"Hi, this is a reminder that your student loan payment is past due. Call us or visit your account portal to make a payment. Reply STOP to opt out of text alerts.",,,0,45.0,30-59 DPD
MSGA101307,Agency A,BOR201993,SL102242,2024-12-13 15:00:00,Settlement Offer,You may be eligible for a reduced settlement on your account. Contact us to learn more before this offer expires. Reply STOP to opt out.,,,0,15.0,1-29 DPD
MSGA100656,Agency A,BOR201454,SL100786,2022-01-26 13:00:00,General Notice,Your account requires attention. Please contact our office at your earliest convenience. Reply STOP to stop these messages.,,,0,45.0,30-59 DPD
MSGA100472,Agency A,BOR202154,SL100221,2025-07-24 14:00:00,Hardship Program Info,You may qualify for a temporary hardship repayment plan. Call us to discuss your options. Reply STOP to unsubscribe from texts.,,,0,195.0,180+ DPD
MSGA100378,Agency A,BOR200595,SL100545,2021-11-26 09:00:00,Hardship Program Info,You may qualify for a temporary hardship repayment plan. Call us to discuss your options. Reply STOP to unsubscribe from texts.,,,0,75.0,60-89 DPD
MSGA101297,Agency A,BOR201697,SL101755,2023-06-17 08:00:00,Payment Reminder,"Hi, this is a reminder that your student loan payment is past due. Call us or visit your account portal to make a payment. Reply STOP to opt out of text alerts.",I already stopped autopay is that why im getting these,2023-06-17 16:42:00,1,45.0,30-59 DPD
MSGA100496,Agency A,BOR202157,SL102057,2024-12-12 06:00:00,Payment Reminder,Your loan payment is overdue. Please contact us today to avoid further action. Msg&data rates may apply. Reply STOP to unsubscribe.,,,0,15.0,1-29 DPD
MSGA101470,Agency A,BOR201717,SL102215,2023-12-07 10:00:00,General Notice,Your account requires attention. Please contact our office at your earliest convenience. Reply STOP to stop these messages.,,,0,105.0,90-119 DPD
MSGA101534,Agency A,BOR200841,SL101614,2026-03-06 13:00:00,Payment Reminder,"Hi, this is a reminder that your student loan payment is past due. Call us or visit your account portal to make a payment. Reply STOP to opt out of text alerts.",wrong number,2026-03-06 14:57:00,0,105.0,90-119 DPD
MSGA100328,Agency A,BOR200727,SL100571,2026-03-06 09:00:00,Settlement Offer,You may be eligible for a reduced settlement on your account. Contact us to learn more before this offer expires. Reply STOP to opt out.,,,0,15.0,1-29 DPD
MSGA100485,AGENCY_A,BOR200465,SL101637,2025-06-26 08:00:00,Payment Reminder,"Hi, this is a reminder that your student loan payment is past due. Call us or visit your account portal to make a payment. Reply STOP to opt out of text alerts.",how much do I owe,2025-06-26 08:58:00,0,45.0,30-59 DPD
MSGA101863,Agency A,BOR201388,SL100690,2023-05-21 07:00:00,Settlement Offer,You may be eligible for a reduced settlement on your account. Contact us to learn more before this offer expires. Reply STOP to opt out.,,,0,75.0,60-89 DPD
MSGA100543,Agency A,BOR201776,SL101300,2022-06-25 13:00:00,Settlement Offer,You may be eligible for a reduced settlement on your account. Contact us to learn more before this offer expires. Reply STOP to opt out.,,,0,15.0,1-29 DPD
MSGA101775,AGENCY_A,BOR200945,SL101864,2025-12-07 09:00:00,Hardship Program Info,You may qualify for a temporary hardship repayment plan. Call us to discuss your options. Reply STOP to unsubscribe from texts.,I stopped by the branch yesterday and paid already,2025-12-07 16:32:00,1,105.0,90-119 DPD
MSGA101861,Agency A,BOR202156,SL100713,2024-08-26 10:00:00,Hardship Program Info,You may qualify for a temporary hardship repayment plan. Call us to discuss your options. Reply STOP to unsubscribe from texts.,,,0,75.0,60-89 DPD
MSGA100778,Agency A,BOR202109,SL100748,2025-09-19 11:00:00,Hardship Program Info,You may qualify for a temporary hardship repayment plan. Call us to discuss your options. Reply STOP to unsubscribe from texts.,he stopped answering his phone so im calling on his behalf,2025-09-19 19:59:00,1,15.0,1-29 DPD
MSGA101608,Agency A,BOR200599,SL100942,2022-12-09 16:00:00,Payment Reminder,Your loan payment is overdue. Please contact us today to avoid further action. Msg&data rates may apply. Reply STOP to unsubscribe.,,,0,15.0,1-29 DPD
MSGA101445,Agency A,BOR202322,SL102187,2025-11-27 07:00:00,General Notice,Your account requires attention. Please contact our office at your earliest convenience. Reply STOP to stop these messages.,,,0,15.0,1-29 DPD
MSGA101508,Agency A,BOR201003,SL102496,2024-06-03 09:00:00,Settlement Offer,You may be eligible for a reduced settlement on your account. Contact us to learn more before this offer expires. Reply STOP to opt out.,,,0,15.0,1-29 DPD
MSGA101479,Agency A,BOR202131,SL100622,2021-04-11 11:00:00,General Notice,Your account requires attention. Please contact our office at your earliest convenience. Reply STOP to stop these messages.,,,0,15.0,1-29 DPD
MSGA100397,Agency A,BOR201848,SL100109,2023-07-26 09:00:00,Payment Reminder,"Hi, this is a reminder that your student loan payment is past due. Call us or visit your account portal to make a payment. Reply STOP to opt out of text alerts.",,,0,45.0,30-59 DPD
MSGA100530,Agency A,BOR200639,SL101041,2025-03-09 14:00:00,General Notice,Your account requires attention. Please contact our office at your earliest convenience. Reply STOP to stop these messages.,,,0,75.0,60-89 DPD
MSGA101204,Agency A,BOR201284,SL102234,2025-05-15 13:00:00,Settlement Offer,You may be eligible for a reduced settlement on your account. Contact us to learn more before this offer expires. Reply STOP to opt out.,,,0,45.0,30-59 DPD
MSGA100098,Agency A,BOR200363,SL100399,2025-08-15 08:00:00,Payment Reminder,"Hi, this is a reminder that your student loan payment is past due. Call us or visit your account portal to make a payment. Reply STOP to opt out of text alerts.",,,0,45.0,30-59 DPD
MSGA100480,Agency A,BOR201692,SL100588,2026-04-23 07:00:00,Payment Reminder,"Hi, this is a reminder that your student loan payment is past due. Call us or visit your account portal to make a payment. Reply STOP to opt out of text alerts.",,,0,15.0,1-29 DPD
MSGA100716,Agency A,BOR201001,SL100868,2022-02-24 16:00:00,Payment Reminder,"Hi, this is a reminder that your student loan payment is past due. Call us or visit your account portal to make a payment. Reply STOP to opt out of text alerts.",,,0,15.0,1-29 DPD
MSGA101302,Agency A,BOR201785,SL100773,2025-04-08 13:00:00,Payment Reminder,"Hi, this is a reminder that your student loan payment is past due. Call us or visit your account portal to make a payment. Reply STOP to opt out of text alerts.",,,0,15.0,1-29 DPD
MSGA101037,Agency A,BOR201633,SL101713,2023-07-21 12:00:00,General Notice,Your account requires attention. Please contact our office at your earliest convenience. Reply STOP to stop these messages.,,,0,15.0,1-29 DPD
MSGA100846,Agency A,BOR200764,SL101002,2022-10-08 08:00:00,Settlement Offer,You may be eligible for a reduced settlement on your account. Contact us to learn more before this offer expires. Reply STOP to opt out.,,,0,75.0,60-89 DPD
MSGA101729,Agency A,BOR202231,SL101357,2024-10-21 15:00:00,Payment Reminder,Your loan payment is overdue. Please contact us today to avoid further action. Msg&data rates may apply. Reply STOP to unsubscribe.,,,0,15.0,1-29 DPD
MSGA100872,Agency A,BOR202157,SL102057,2024-08-09 15:00:00,Settlement Offer,You may be eligible for a reduced settlement on your account. Contact us to learn more before this offer expires. Reply STOP to opt out.,wrong number,2024-08-09 18:23:00,0,15.0,1-29 DPD
MSGA101016,Agency A,BOR200692,SL100479,2026-03-28 11:00:00,Payment Reminder,"Hi, this is a reminder that your student loan payment is past due. Call us or visit your account portal to make a payment. Reply STOP to opt out of text alerts.",,,0,45.0,30-59 DPD
MSGA100157,Agency A,BOR200887,SL101758,2023-01-28 06:00:00,General Notice,Your account requires attention. Please contact our office at your earliest convenience. Reply STOP to stop these messages.,,,0,45.0,30-59 DPD
MSGA100262,Agency A,BOR201530,SL101902,2025-02-23 07:00:00,Hardship Program Info,You may qualify for a temporary hardship repayment plan. Call us to discuss your options. Reply STOP to unsubscribe from texts.,,,0,15.0,1-29 DPD
MSGA101909,Agency A,BOR200484,SL100534,2023-02-24 08:00:00,Settlement Offer,You may be eligible for a reduced settlement on your account. Contact us to learn more before this offer expires. Reply STOP to opt out.,,,0,165.0,150-179 DPD
MSGA100856,Agency A,BOR200645,SL100504,2026-03-11 08:00:00,Hardship Program Info,You may qualify for a temporary hardship repayment plan. Call us to discuss your options. Reply STOP to unsubscribe from texts.,can u stop texting me at work im in a meeting,2026-03-11 15:58:00,1,15.0,1-29 DPD
MSGA100874,Agency A,BOR200266,SL101129,2024-10-27 14:00:00,Settlement Offer,You may be eligible for a reduced settlement on your account. Contact us to learn more before this offer expires. Reply STOP to opt out.,,,0,135.0,120-149 DPD
MSGA101760,Agency A,BOR201634,SL102324,2022-02-15 05:00:00,Payment Reminder,Your loan payment is overdue. Please contact us today to avoid further action. Msg&data rates may apply. Reply STOP to unsubscribe.,,,0,15.0,1-29 DPD
MSGA101948,Agency A,BOR201131,SL101421,2022-10-15 13:00:00,Payment Reminder,"Hi, this is a reminder that your student loan payment is past due. Call us or visit your account portal to make a payment. Reply STOP to opt out of text alerts.",,,0,45.0,30-59 DPD
MSGA101957,Agency A,BOR201864,SL101416,2026-02-16 14:00:00,General Notice,Your account requires attention. Please contact our office at your earliest convenience. Reply STOP to stop these messages.,,,0,165.0,150-179 DPD
MSGA100606,Agency A,BOR200376,SL100668,2023-03-08 09:00:00,General Notice,Your account requires attention. Please contact our office at your earliest convenience. Reply STOP to stop these messages.,,,0,45.0,30-59 DPD
MSGA100030,Agency A,BOR201956,SL101371,2024-03-21 09:00:00,Payment Reminder,Your loan payment is overdue. Please contact us today to avoid further action. Msg&data rates may apply. Reply STOP to unsubscribe.,can you call me instead,2024-03-21 15:37:00,0,15.0,1-29 DPD
MSGA102020,Agency A,BOR200664,SL101310,2024-09-11 06:00:00,Settlement Offer,You may be eligible for a reduced settlement on your account. Contact us to learn more before this offer expires. Reply STOP to opt out.,,,0,135.0,120-149 DPD
MSGA100528,Agency A,BOR201747,SL101907,2026-05-04 16:00:00,Payment Reminder,"Hi, this is a reminder that your student loan payment is past due. Call us or visit your account portal to make a payment. Reply STOP to opt out of text alerts.",,,0,15.0,1-29 DPD
MSGA101545,Agency A,BOR201961,SL102177,2021-06-14 05:00:00,General Notice,Your account requires attention. Please contact our office at your earliest convenience. Reply STOP to stop these messages.,,,0,15.0,1-29 DPD
MSGA102050,Agency A,BOR201665,SL100099,2022-05-09 08:00:00,Payment Reminder,Your loan payment is overdue. Please contact us today to avoid further action. Msg&data rates may apply. Reply STOP to unsubscribe.,,,0,15.0,1-29 DPD
MSGA100785,Agency A,BOR201667,SL102292,2023-06-22 07:00:00,Payment Reminder,"Hi, this is a reminder that your student loan payment is past due. Call us or visit your account portal to make a payment. Reply STOP to opt out of text alerts.",,,0,45.0,30-59 DPD
MSGA101612,Agency A,BOR201449,SL100363,2026-02-01 14:00:00,Settlement Offer,You may be eligible for a reduced settlement on your account. Contact us to learn more before this offer expires. Reply STOP to opt out.,,,0,45.0,30-59 DPD
MSGA100542,Agency A,BOR201956,SL101371,2024-11-21 09:00:00,Payment Reminder,"Hi, this is a reminder that your student loan payment is past due. Call us or visit your account portal to make a payment. Reply STOP to opt out of text alerts.",,,0,105.0,90-119 DPD
MSGA100665,Agency A,BOR200160,SL100435,2024-11-23 14:00:00,General Notice,Your account requires attention. Please contact our office at your earliest convenience. Reply STOP to stop these messages.,,,0,105.0,90-119 DPD
MSGA100590,Agency A,BOR202272,SL100172,2023-06-24 14:00:00,General Notice,Your account requires attention. Please contact our office at your earliest convenience. Reply STOP to stop these messages.,,,0,75.0,60-89 DPD
MSGA101272,Agency A,BOR200638,SL101799,2023-09-21 12:00:00,Settlement Offer,You may be eligible for a reduced settlement on your account. Contact us to learn more before this offer expires. Reply STOP to opt out.,can you call me instead,2023-09-21 20:23:00,0,45.0,30-59 DPD
MSGA101690,Agency A,BOR200594,SL100798,2025-01-04 10:00:00,General Notice,Your account requires attention. Please contact our office at your earliest convenience. Reply STOP to stop these messages.,,,0,15.0,1-29 DPD
MSGA101769,Agency A,BOR201776,SL101300,2025-01-26 11:00:00,General Notice,Your account requires attention. Please contact our office at your earliest convenience. Reply STOP to stop these messages.,,,0,105.0,90-119 DPD
MSGA101872,Agency A,BOR201555,SL100575,2021-03-22 06:00:00,Payment Reminder,Your loan payment is overdue. Please contact us today to avoid further action. Msg&data rates may apply. Reply STOP to unsubscribe.,,,0,15.0,1-29 DPD
MSGA100658,Agency A,BOR200627,SL101680,2022-06-11 09:00:00,Payment Reminder,Your loan payment is overdue. Please contact us today to avoid further action. Msg&data rates may apply. Reply STOP to unsubscribe.,,,0,15.0,1-29 DPD
MSGA100128,Agency A,BOR201495,SL101387,2025-11-15 12:00:00,Hardship Program Info,You may qualify for a temporary hardship repayment plan. Call us to discuss your options. Reply STOP to unsubscribe from texts.,how much do I owe,2025-11-15 17:46:00,0,15.0,1-29 DPD
MSGA100492,Agency A,BOR202321,SL100034,2021-02-10 09:00:00,General Notice,Your account requires attention. Please contact our office at your earliest convenience. Reply STOP to stop these messages.,,,0,15.0,1-29 DPD
MSGA100594,Agency A,BOR200470,SL100913,2025-03-13 15:00:00,Payment Reminder,"Hi, this is a reminder that your student loan payment is past due. Call us or visit your account portal to make a payment. Reply STOP to opt out of text alerts.",wrong number,2025-03-13 16:44:00,0,15.0,1-29 DPD
MSGA101186,Agency A,BOR200639,SL101041,2025-01-04 07:00:00,Payment Reminder,"Hi, this is a reminder that your student loan payment is past due. Call us or visit your account portal to make a payment. Reply STOP to opt out of text alerts.",yes,2025-01-04 10:31:00,0,45.0,30-59 DPD
MSGA101069,Agency A,BOR200638,SL101799,2024-08-23 10:00:00,Payment Reminder,"Hi, this is a reminder that your student loan payment is past due. Call us or visit your account portal to make a payment. Reply STOP to opt out of text alerts.",,,0,135.0,120-149 DPD
MSGA100708,Agency A,BOR200953,SL102441,2023-09-22 08:00:00,Payment Reminder,"Hi, this is a reminder that your student loan payment is past due. Call us or visit your account portal to make a payment. Reply STOP to opt out of text alerts.",stop,2023-09-22 08:02:00,1,45.0,30-59 DPD
MSGA100318,Agency A,BOR202225,SL100358,2022-12-21 09:00:00,Payment Reminder,Your loan payment is overdue. Please contact us today to avoid further action. Msg&data rates may apply. Reply STOP to unsubscribe.,,,0,75.0,60-89 DPD
MSGA100239,Agency A,BOR200544,SL101529,2023-04-06 10:00:00,Hardship Program Info,You may qualify for a temporary hardship repayment plan. Call us to discuss your options. Reply STOP to unsubscribe from texts.,,,0,105.0,90-119 DPD
MSGA100052,Agency A,BOR201556,SL102462,2026-06-08 05:00:00,Settlement Offer,You may be eligible for a reduced settlement on your account. Contact us to learn more before this offer expires. Reply STOP to opt out.,,,0,15.0,1-29 DPD
MSGA100762,Agency A,BOR200152,SL100293,2022-08-28 14:00:00,Payment Reminder,"Hi, this is a reminder that your student loan payment is past due. Call us or visit your account portal to make a payment. Reply STOP to opt out of text alerts.",,,0,15.0,1-29 DPD
MSGA100469,Agency A,BOR201491,SL102083,2023-02-04 11:00:00,Payment Reminder,"Hi, this is a reminder that your student loan payment is past due. Call us or visit your account portal to make a payment. Reply STOP to opt out of text alerts.",,,0,105.0,90-119 DPD
MSGA101529,Agency A,BOR201062,SL101487,2026-08-24 06:00:00,Payment Reminder,Your loan payment is overdue. Please contact us today to avoid further action. Msg&data rates may apply. Reply STOP to unsubscribe.,,,0,165.0,150-179 DPD
MSGA100108,Agency A,BOR201594,SL101863,2026-02-24 14:00:00,Hardship Program Info,You may qualify for a temporary hardship repayment plan. Call us to discuss your options. Reply STOP to unsubscribe from texts.,,,0,15.0,1-29 DPD
MSGA101043,Agency A,BOR200755,SL101813,2025-10-04 14:00:00,General Notice,Your account requires attention. Please contact our office at your earliest convenience. Reply STOP to stop these messages.,,,0,105.0,90-119 DPD
MSGA100479,Agency A,BOR200039,SL102155,2023-11-26 05:00:00,Payment Reminder,"Hi, this is a reminder that your student loan payment is past due. Call us or visit your account portal to make a payment. Reply STOP to opt out of text alerts.",,,0,15.0,1-29 DPD
MSGA100074,Agency A,BOR200945,SL101864,2025-05-13 12:00:00,Payment Reminder,"Hi, this is a reminder that your student loan payment is past due. Call us or visit your account portal to make a payment. Reply STOP to opt out of text alerts.",,,0,45.0,30-59 DPD
MSGA100696,Agency A,BOR202301,SL100694,2023-09-23 07:00:00,General Notice,Your account requires attention. Please contact our office at your earliest convenience. Reply STOP to stop these messages.,how much do I owe,2023-09-23 16:22:00,0,15.0,1-29 DPD
MSGA100316,Agency A,BOR200611,SL101910,2025-08-24 09:00:00,Hardship Program Info,You may qualify for a temporary hardship repayment plan. Call us to discuss your options. Reply STOP to unsubscribe from texts.,,,0,15.0,1-29 DPD
MSGA100355,Agency A,BOR201871,SL100814,2025-10-25 11:00:00,General Notice,Your account requires attention. Please contact our office at your earliest convenience. Reply STOP to stop these messages.,,,0,105.0,90-119 DPD
MSGA101762,Agency A,BOR201467,SL101166,2025-05-09 16:00:00,Payment Reminder,Your loan payment is overdue. Please contact us today to avoid further action. Msg&data rates may apply. Reply STOP to unsubscribe.,,,0,135.0,120-149 DPD
MSGA100403,Agency A,BOR202269,SL100681,2023-05-19 05:00:00,Settlement Offer,You may be eligible for a reduced settlement on your account. Contact us to learn more before this offer expires. Reply STOP to opt out.,,,0,45.0,30-59 DPD
MSGA100471,Agency A,BOR202225,SL100358,2021-11-26 15:00:00,General Notice,Your account requires attention. Please contact our office at your earliest convenience. Reply STOP to stop these messages.,ok will pay soon,2021-11-26 17:21:00,0,105.0,90-119 DPD
MSGA101239,Agency A,BOR201013,SL100415,2025-11-03 13:00:00,Payment Reminder,Your loan payment is overdue. Please contact us today to avoid further action. Msg&data rates may apply. Reply STOP to unsubscribe.,not stopping til this is paid off lol,2025-11-03 13:19:00,1,45.0,30-59 DPD
MSGA101997,Agency A,BOR200619,SL101634,2025-01-22 12:00:00,Hardship Program Info,You may qualify for a temporary hardship repayment plan. Call us to discuss your options. Reply STOP to unsubscribe from texts.,,,0,105.0,90-119 DPD
MSGA100242,Agency A,BOR202107,SL100954,2024-05-10 11:00:00,General Notice,Your account requires attention. Please contact our office at your earliest convenience. Reply STOP to stop these messages.,,,0,45.0,30-59 DPD
MSGA101693,Agency A,BOR201956,SL101371,2025-02-20 08:00:00,Settlement Offer,You may be eligible for a reduced settlement on your account. Contact us to learn more before this offer expires. Reply STOP to opt out.,,,0,105.0,90-119 DPD
MSGA102006,Agency A,BOR201213,SL101736,2026-04-11 07:00:00,Settlement Offer,You may be eligible for a reduced settlement on your account. Contact us to learn more before this offer expires. Reply STOP to opt out.,,,0,15.0,1-29 DPD
MSGA100476,Agency A,BOR200764,SL101002,2022-06-25 06:00:00,General Notice,Your account requires attention. Please contact our office at your earliest convenience. Reply STOP to stop these messages.,,,0,15.0,1-29 DPD
MSGA100714,Agency A,BOR201441,SL100029,2026-07-18 12:00:00,Payment Reminder,"Hi, this is a reminder that your student loan payment is past due. Call us or visit your account portal to make a payment. Reply STOP to opt out of text alerts.",,,0,75.0,60-89 DPD
MSGA100224,Agency A,BOR202038,SL100512,2023-11-14 12:00:00,General Notice,Your account requires attention. Please contact our office at your earliest convenience. Reply STOP to stop these messages.,,,0,45.0,30-59 DPD
MSGA100374,AGENCY_A,BOR201554,SL102424,2025-02-05 05:00:00,Payment Reminder,Your loan payment is overdue. Please contact us today to avoid further action. Msg&data rates may apply. Reply STOP to unsubscribe.,,,0,45.0,30-59 DPD
MSGA101562,Agency A,BOR202292,SL101545,2026-06-10 15:00:00,Payment Reminder,Your loan payment is overdue. Please contact us today to avoid further action. Msg&data rates may apply. Reply STOP to unsubscribe.,,,0,135.0,120-149 DPD
MSGA101965,Agency A,BOR201474,SL101700,2021-10-19 11:00:00,Payment Reminder,"Hi, this is a reminder that your student loan payment is past due. Call us or visit your account portal to make a payment. Reply STOP to opt out of text alerts.",,,0,135.0,120-149 DPD
MSGA101070,Agency A,BOR202206,SL101201,2025-05-25 12:00:00,Hardship Program Info,You may qualify for a temporary hardship repayment plan. Call us to discuss your options. Reply STOP to unsubscribe from texts.,,,0,15.0,1-29 DPD
MSGA102026,Agency A,BOR202055,SL100743,2026-04-25 08:00:00,Payment Reminder,Your loan payment is overdue. Please contact us today to avoid further action. Msg&data rates may apply. Reply STOP to unsubscribe.,,,0,75.0,60-89 DPD
MSGA102015,Agency A,BOR201727,SL100880,2025-12-07 06:00:00,Hardship Program Info,You may qualify for a temporary hardship repayment plan. Call us to discuss your options. Reply STOP to unsubscribe from texts.,,,0,45.0,30-59 DPD
MSGA101517,Agency A,BOR200703,SL100619,2021-06-04 14:00:00,Payment Reminder,Your loan payment is overdue. Please contact us today to avoid further action. Msg&data rates may apply. Reply STOP to unsubscribe.,,,0,15.0,1-29 DPD
MSGA100216,Agency A,BOR200687,SL101948,2023-08-21 12:00:00,Hardship Program Info,You may qualify for a temporary hardship repayment plan. Call us to discuss your options. Reply STOP to unsubscribe from texts.,,,0,165.0,150-179 DPD
MSGA101588,Agency A,BOR201744,SL100785,2023-11-21 16:00:00,Payment Reminder,Your loan payment is overdue. Please contact us today to avoid further action. Msg&data rates may apply. Reply STOP to unsubscribe.,,,0,165.0,150-179 DPD
MSGA100099,Agency A,BOR200814,SL102479,2025-08-28 09:00:00,Settlement Offer,You may be eligible for a reduced settlement on your account. Contact us to learn more before this offer expires. Reply STOP to opt out.,,,0,15.0,1-29 DPD
MSGA101485,Agency A,BOR201556,SL100155,2025-11-26 05:00:00,Settlement Offer,You may be eligible for a reduced settlement on your account. Contact us to learn more before this offer expires. Reply STOP to opt out.,,,0,45.0,30-59 DPD
MSGA102025,Agency A,BOR201713,SL101422,2021-12-27 16:00:00,General Notice,Your account requires attention. Please contact our office at your earliest convenience. Reply STOP to stop these messages.,,,0,45.0,30-59 DPD
MSGA101879,Agency A,BOR201388,SL100690,2023-02-13 11:00:00,General Notice,Your account requires attention. Please contact our office at your earliest convenience. Reply STOP to stop these messages.,,,0,45.0,30-59 DPD
MSGA100585,Agency A,BOR201629,SL100606,2023-06-10 16:00:00,Payment Reminder,Your loan payment is overdue. Please contact us today to avoid further action. Msg&data rates may apply. Reply STOP to unsubscribe.,,,0,15.0,1-29 DPD
MSGA100326,Agency A,BOR201146,SL100973,2026-05-25 10:00:00,General Notice,Your account requires attention. Please contact our office at your earliest convenience. Reply STOP to stop these messages.,,,0,45.0,30-59 DPD
MSGA100940,Agency A,BOR200288,SL101214,2023-11-03 06:00:00,General Notice,Your account requires attention. Please contact our office at your earliest convenience. Reply STOP to stop these messages.,,,0,105.0,90-119 DPD
MSGA100477,Agency A,BOR201007,SL101604,2024-01-10 11:00:00,Payment Reminder,"Hi, this is a reminder that your student loan payment is past due. Call us or visit your account portal to make a payment. Reply STOP to opt out of text alerts.",,,0,15.0,1-29 DPD
MSGA100702,Agency A,BOR201361,SL100464,2024-10-13 09:00:00,Payment Reminder,"Hi, this is a reminder that your student loan payment is past due. Call us or visit your account portal to make a payment. Reply STOP to opt out of text alerts.",,,0,15.0,1-29 DPD
MSGA100233,Agency A,BOR201885,SL102118,2026-04-26 09:00:00,General Notice,Your account requires attention. Please contact our office at your earliest convenience. Reply STOP to stop these messages.,,,0,45.0,30-59 DPD
MSGA101491,Agency A,BOR201557,SL101390,2026-07-16 12:00:00,General Notice,Your account requires attention. Please contact our office at your earliest convenience. Reply STOP to stop these messages.,not stopping til this is paid off lol,2026-07-16 18:13:00,1,105.0,90-119 DPD
MSGA100481,Agency A,BOR202101,SL101662,2021-07-10 15:00:00,General Notice,Your account requires attention. Please contact our office at your earliest convenience. Reply STOP to stop these messages.,,,0,45.0,30-59 DPD
MSGA101461,Agency A,BOR200433,SL101858,2026-01-08 16:00:00,Hardship Program Info,You may qualify for a temporary hardship repayment plan. Call us to discuss your options. Reply STOP to unsubscribe from texts.,,,0,75.0,60-89 DPD
MSGA101842,Agency A,BOR201743,SL100975,2025-10-27 08:00:00,General Notice,Your account requires attention. Please contact our office at your earliest convenience. Reply STOP to stop these messages.,,,0,15.0,1-29 DPD
MSGA100566,Agency A,BOR201727,SL100880,2025-11-24 15:00:00,Settlement Offer,You may be eligible for a reduced settlement on your account. Contact us to learn more before this offer expires. Reply STOP to opt out.,not stopping til this is paid off lol,2025-11-24 22:34:00,1,15.0,1-29 DPD
MSGA101258,Agency A,BOR201713,SL101422,2022-12-04 07:00:00,Payment Reminder,"Hi, this is a reminder that your student loan payment is past due. Call us or visit your account portal to make a payment. Reply STOP to opt out of text alerts.",,,0,45.0,30-59 DPD
MSGA101569,Agency A,BOR201041,SL100764,2025-03-23 06:00:00,Payment Reminder,Your loan payment is overdue. Please contact us today to avoid further action. Msg&data rates may apply. Reply STOP to unsubscribe.,,,0,15.0,1-29 DPD
MSGA101509,Agency A,BOR202163,SL101459,2026-05-20 11:00:00,Payment Reminder,"Hi, this is a reminder that your student loan payment is past due. Call us or visit your account portal to make a payment. Reply STOP to opt out of text alerts.",,,0,15.0,1-29 DPD
MSGA102066,Agency A,BOR201597,SL101530,2023-02-17 14:00:00,General Notice,Your account requires attention. Please contact our office at your earliest convenience. Reply STOP to stop these messages.,,,0,15.0,1-29 DPD
MSGA100037,Agency A,BOR201314,SL100556,2025-10-27 12:00:00,Payment Reminder,"Hi, this is a reminder that your student loan payment is past due. Call us or visit your account portal to make a payment. Reply STOP to opt out of text alerts.",,,0,15.0,1-29 DPD
MSGA100013,Agency A,BOR201699,SL100911,2023-03-17 15:00:00,Settlement Offer,You may be eligible for a reduced settlement on your account. Contact us to learn more before this offer expires. Reply STOP to opt out.,,,0,15.0,1-29 DPD
MSGA100173,Agency A,BOR200962,SL102048,2026-08-22 12:00:00,Payment Reminder,Your loan payment is overdue. Please contact us today to avoid further action. Msg&data rates may apply. Reply STOP to unsubscribe.,,,0,15.0,1-29 DPD
MSGA101046,Agency A,BOR200931,SL101857,2022-07-07 15:00:00,Payment Reminder,"Hi, this is a reminder that your student loan payment is past due. Call us or visit your account portal to make a payment. Reply STOP to opt out of text alerts.",nonstop calls today about this smh,2022-07-07 16:45:00,1,15.0,1-29 DPD
MSGA101747,Agency A,BOR201333,SL101034,2025-07-10 11:00:00,Payment Reminder,"Hi, this is a reminder that your student loan payment is past due. Call us or visit your account portal to make a payment. Reply STOP to opt out of text alerts.",,,0,15.0,1-29 DPD
MSGA101709,Agency A,BOR200270,SL101228,2023-09-10 15:00:00,General Notice,Your account requires attention. Please contact our office at your earliest convenience. Reply STOP to stop these messages.,,,0,105.0,90-119 DPD
MSGA101774,Agency A,BOR200089,SL101366,2025-05-20 15:00:00,General Notice,Your account requires attention. Please contact our office at your earliest convenience. Reply STOP to stop these messages.,,,0,15.0,1-29 DPD
MSGA100431,Agency A,BOR201409,SL101023,2026-01-23 13:00:00,Payment Reminder,Your loan payment is overdue. Please contact us today to avoid further action. Msg&data rates may apply. Reply STOP to unsubscribe.,,,0,45.0,30-59 DPD
MSGA101147,Agency A,BOR201651,SL102045,2021-09-09 16:00:00,Payment Reminder,Your loan payment is overdue. Please contact us today to avoid further action. Msg&data rates may apply. Reply STOP to unsubscribe.,,,0,45.0,30-59 DPD
MSGA100794,Agency A,BOR202231,SL101357,2022-11-20 11:00:00,Settlement Offer,You may be eligible for a reduced settlement on your account. Contact us to learn more before this offer expires. Reply STOP to opt out.,,,0,15.0,1-29 DPD
MSGA100456,Agency A,BOR201616,SL101134,2021-08-09 06:00:00,Settlement Offer,You may be eligible for a reduced settlement on your account. Contact us to learn more before this offer expires. Reply STOP to opt out.,,,0,45.0,30-59 DPD
MSGA100244,Agency A,BOR201640,SL101352,2021-08-28 07:00:00,Payment Reminder,"Hi, this is a reminder that your student loan payment is past due. Call us or visit your account portal to make a payment. Reply STOP to opt out of text alerts.",,,0,45.0,30-59 DPD
MSGA101188,Agency A,BOR201483,SL101883,2021-10-08 14:00:00,Payment Reminder,Your loan payment is overdue. Please contact us today to avoid further action. Msg&data rates may apply. Reply STOP to unsubscribe.,,,0,45.0,30-59 DPD
MSGA100727,Agency A,BOR201730,SL100752,2022-07-17 07:00:00,General Notice,Your account requires attention. Please contact our office at your earliest convenience. Reply STOP to stop these messages.,,,0,15.0,1-29 DPD
MSGA101018,Agency A,BOR201888,SL101721,2025-01-20 14:00:00,Settlement Offer,You may be eligible for a reduced settlement on your account. Contact us to learn more before this offer expires. Reply STOP to opt out.,,,0,75.0,60-89 DPD
MSGA100807,Agency A,BOR201532,SL101418,2026-02-09 09:00:00,General Notice,Your account requires attention. Please contact our office at your earliest convenience. Reply STOP to stop these messages.,,,0,15.0,1-29 DPD
MSGA101596,Agency A,BOR201873,SL101791,2024-12-06 08:00:00,General Notice,Your account requires attention. Please contact our office at your earliest convenience. Reply STOP to stop these messages.,,,0,45.0,30-59 DPD
MSGA100997,Agency A,BOR200869,SL100174,2025-10-19 09:00:00,Hardship Program Info,You may qualify for a temporary hardship repayment plan. Call us to discuss your options. Reply STOP to unsubscribe from texts.,,,0,15.0,1-29 DPD
MSGA101298,Agency A,BOR201582,SL101784,2024-06-20 10:00:00,Payment Reminder,"Hi, this is a reminder that your student loan payment is past due. Call us or visit your account portal to make a payment. Reply STOP to opt out of text alerts.",,,0,75.0,60-89 DPD
MSGA101403,Agency A,BOR200315,SL101413,2025-04-15 15:00:00,General Notice,Your account requires attention. Please contact our office at your earliest convenience. Reply STOP to stop these messages.,,,0,135.0,120-149 DPD
MSGA100171,Agency A,BOR200304,SL101383,2022-07-14 14:00:00,General Notice,Your account requires attention. Please contact our office at your earliest convenience. Reply STOP to stop these messages.,,,0,105.0,90-119 DPD
MSGA101906,Agency A,BOR200429,SL100998,2024-09-17 13:00:00,Payment Reminder,Your loan payment is overdue. Please contact us today to avoid further action. Msg&data rates may apply. Reply STOP to unsubscribe.,,,0,75.0,60-89 DPD
MSGA101946,Agency A,BOR200179,SL100932,2024-01-27 14:00:00,General Notice,Your account requires attention. Please contact our office at your earliest convenience. Reply STOP to stop these messages.,,,0,15.0,1-29 DPD
MSGA100613,Agency A,BOR201115,SL102176,2024-12-28 08:00:00,Payment Reminder,"Hi, this is a reminder that your student loan payment is past due. Call us or visit your account portal to make a payment. Reply STOP to opt out of text alerts.",,,0,45.0,30-59 DPD
MSGA102007,Agency A,BOR200464,SL100997,2021-12-19 08:00:00,Payment Reminder,"Hi, this is a reminder that your student loan payment is past due. Call us or visit your account portal to make a payment. Reply STOP to opt out of text alerts.",,,0,75.0,60-89 DPD
MSGA100848,Agency A,BOR201229,SL101780,2021-10-26 13:00:00,Hardship Program Info,You may qualify for a temporary hardship repayment plan. Call us to discuss your options. Reply STOP to unsubscribe from texts.,,,0,15.0,1-29 DPD
MSGA100891,Agency A,BOR201113,SL100607,2024-07-14 11:00:00,Payment Reminder,"Hi, this is a reminder that your student loan payment is past due. Call us or visit your account portal to make a payment. Reply STOP to opt out of text alerts.",,,0,105.0,90-119 DPD
MSGA100225,Agency A,BOR201065,SL100005,2025-09-18 16:00:00,Hardship Program Info,You may qualify for a temporary hardship repayment plan. Call us to discuss your options. Reply STOP to unsubscribe from texts.,,,0,15.0,1-29 DPD
MSGA101919,Agency A,BOR200707,SL101760,2021-08-08 11:00:00,General Notice,Your account requires attention. Please contact our office at your earliest convenience. Reply STOP to stop these messages.,,,0,15.0,1-29 DPD
MSGA102056,Agency A,BOR202267,SL100625,2025-12-27 06:00:00,Payment Reminder,Your loan payment is overdue. Please contact us today to avoid further action. Msg&data rates may apply. Reply STOP to unsubscribe.,,,0,45.0,30-59 DPD
MSGA100752,Agency A,BOR201304,SL100585,2025-10-14 15:00:00,Payment Reminder,"Hi, this is a reminder that your student loan payment is past due. Call us or visit your account portal to make a payment. Reply STOP to opt out of text alerts.",,,0,105.0,90-119 DPD
MSGA100588,Agency A,BOR201308,SL100509,2026-08-13 16:00:00,Payment Reminder,Your loan payment is overdue. Please contact us today to avoid further action. Msg&data rates may apply. Reply STOP to unsubscribe.,,,0,15.0,1-29 DPD
MSGA100983,Agency A,BOR201157,SL101076,2024-04-05 14:00:00,Hardship Program Info,You may qualify for a temporary hardship repayment plan. Call us to discuss your options. Reply STOP to unsubscribe from texts.,,,0,15.0,1-29 DPD
MSGA101901,Agency A,BOR200544,SL101529,2023-02-20 10:00:00,Payment Reminder,Your loan payment is overdue. Please contact us today to avoid further action. Msg&data rates may apply. Reply STOP to unsubscribe.,,,0,75.0,60-89 DPD
MSGA101851,Agency A,BOR202224,SL100477,2025-08-07 12:00:00,Payment Reminder,"Hi, this is a reminder that your student loan payment is past due. Call us or visit your account portal to make a payment. Reply STOP to opt out of text alerts.",,,0,15.0,1-29 DPD
MSGA102077,Agency A,BOR202078,SL100725,2025-12-13 06:00:00,Settlement Offer,You may be eligible for a reduced settlement on your account. Contact us to learn more before this offer expires. Reply STOP to opt out.,,,0,45.0,30-59 DPD
MSGA100050,Agency A,BOR202156,SL100713,2024-06-08 16:00:00,General Notice,Your account requires attention. Please contact our office at your earliest convenience. Reply STOP to stop these messages.,,,0,15.0,1-29 DPD
MSGA100520,Agency A,BOR201665,SL100099,2021-03-28 15:00:00,Payment Reminder,Your loan payment is overdue. Please contact us today to avoid further action. Msg&data rates may apply. Reply STOP to unsubscribe.,,,0,15.0,1-29 DPD
MSGA100499,Agency A,BOR200473,SL102091,2024-03-09 09:00:00,Settlement Offer,You may be eligible for a reduced settlement on your account. Contact us to learn more before this offer expires. Reply STOP to opt out.,,,0,45.0,30-59 DPD
MSGA101068,Agency A,BOR201654,SL101377,2025-11-16 11:00:00,Hardship Program Info,You may qualify for a temporary hardship repayment plan. Call us to discuss your options. Reply STOP to unsubscribe from texts.,,,0,15.0,1-29 DPD
MSGA100928,Agency A,BOR200473,SL102091,2021-12-21 10:00:00,General Notice,Your account requires attention. Please contact our office at your earliest convenience. Reply STOP to stop these messages.,,,0,15.0,1-29 DPD
MSGA100998,Agency A,BOR200012,SL101912,2024-12-20 10:00:00,Payment Reminder,"Hi, this is a reminder that your student loan payment is past due. Call us or visit your account portal to make a payment. Reply STOP to opt out of text alerts.",,,0,75.0,60-89 DPD
MSGA102031,Agency A,BOR200966,SL100683,2026-08-20 15:00:00,General Notice,Your account requires attention. Please contact our office at your earliest convenience. Reply STOP to stop these messages.,,,0,15.0,1-29 DPD
MSGA100574,Agency A,BOR200838,SL102099,2024-06-26 14:00:00,Settlement Offer,You may be eligible for a reduced settlement on your account. Contact us to learn more before this offer expires. Reply STOP to opt out.,,,0,15.0,1-29 DPD
MSGA100780,Agency A,BOR200296,SL100592,2025-08-27 16:00:00,General Notice,Your account requires attention. Please contact our office at your earliest convenience. Reply STOP to stop these messages.,,,0,15.0,1-29 DPD
MSGA100697,Agency A,BOR201394,SL101169,2024-09-11 13:00:00,Payment Reminder,"Hi, this is a reminder that your student loan payment is past due. Call us or visit your account portal to make a payment. Reply STOP to opt out of text alerts.",,,0,15.0,1-29 DPD
MSGA100096,Agency A,BOR201850,SL101206,2023-10-11 05:00:00,General Notice,Your account requires attention. Please contact our office at your earliest convenience. Reply STOP to stop these messages.,,,0,15.0,1-29 DPD
MSGA101122,Agency A,BOR201034,SL100345,2022-03-20 11:00:00,Payment Reminder,"Hi, this is a reminder that your student loan payment is past due. Call us or visit your account portal to make a payment. Reply STOP to opt out of text alerts.",nonstop calls today about this smh,2022-03-20 19:51:00,1,105.0,90-119 DPD
MSGA101270,Agency A,BOR201425,SL102005,2021-12-16 14:00:00,Hardship Program Info,You may qualify for a temporary hardship repayment plan. Call us to discuss your options. Reply STOP to unsubscribe from texts.,,,0,75.0,60-89 DPD
MSGA100413,Agency A,BOR201871,SL100814,2022-02-16 11:00:00,Settlement Offer,You may be eligible for a reduced settlement on your account. Contact us to learn more before this offer expires. Reply STOP to opt out.,,,0,15.0,1-29 DPD
MSGA101599,Agency A,BOR202151,SL100586,2026-02-11 05:00:00,Settlement Offer,You may be eligible for a reduced settlement on your account. Contact us to learn more before this offer expires. Reply STOP to opt out.,can you call me instead,2026-02-11 11:57:00,0,15.0,1-29 DPD
MSGA100025,Agency A,BOR201761,SL101191,2024-05-27 09:00:00,Payment Reminder,Your loan payment is overdue. Please contact us today to avoid further action. Msg&data rates may apply. Reply STOP to unsubscribe.,,,0,15.0,1-29 DPD
MSGA101180,Agency A,BOR202109,SL100748,2021-06-05 07:00:00,General Notice,Your account requires attention. Please contact our office at your earliest convenience. Reply STOP to stop these messages.,,,0,45.0,30-59 DPD
MSGA100820,Agency A,BOR200347,SL102052,2025-10-15 10:00:00,Hardship Program Info,You may qualify for a temporary hardship repayment plan. Call us to discuss your options. Reply STOP to unsubscribe from texts.,,,0,45.0,30-59 DPD
MSGA100586,Agency A,BOR201920,SL100325,2024-04-11 12:00:00,Payment Reminder,"Hi, this is a reminder that your student loan payment is past due. Call us or visit your account portal to make a payment. Reply STOP to opt out of text alerts.",,,0,105.0,90-119 DPD
MSGA100032,Agency A,BOR200321,SL101563,2022-06-27 05:00:00,Settlement Offer,You may be eligible for a reduced settlement on your account. Contact us to learn more before this offer expires. Reply STOP to opt out.,,,0,45.0,30-59 DPD
MSGA102002,Agency A,BOR201158,SL100627,2024-12-26 13:00:00,General Notice,Your account requires attention. Please contact our office at your earliest convenience. Reply STOP to stop these messages.,,,0,15.0,1-29 DPD
MSGA101380,Agency A,BOR201581,SL100900,2025-03-16 08:00:00,Payment Reminder,"Hi, this is a reminder that your student loan payment is past due. Call us or visit your account portal to make a payment. Reply STOP to opt out of text alerts.",,,0,15.0,1-29 DPD
MSGA101768,Agency A,BOR202225,SL100358,2021-08-20 10:00:00,General Notice,Your account requires attention. Please contact our office at your earliest convenience. Reply STOP to stop these messages.,,,0,15.0,1-29 DPD
MSGA101003,Agency A,BOR200953,SL102441,2023-12-28 08:00:00,General Notice,Your account requires attention. Please contact our office at your earliest convenience. Reply STOP to stop these messages.,,,0,75.0,60-89 DPD
MSGA100181,Agency A,BOR200408,SL101829,2024-08-27 07:00:00,Payment Reminder,"Hi, this is a reminder that your student loan payment is past due. Call us or visit your account portal to make a payment. Reply STOP to opt out of text alerts.",,,0,15.0,1-29 DPD
MSGA100366,Agency A,BOR201079,SL100259,2026-05-19 10:00:00,Payment Reminder,"Hi, this is a reminder that your student loan payment is past due. Call us or visit your account portal to make a payment. Reply STOP to opt out of text alerts.",,,0,15.0,1-29 DPD
MSGA101918,Agency A,BOR201898,SL101123,2023-09-03 09:00:00,Hardship Program Info,You may qualify for a temporary hardship repayment plan. Call us to discuss your options. Reply STOP to unsubscribe from texts.,,,0,15.0,1-29 DPD
MSGA102038,Agency A,BOR202277,SL100877,2025-10-28 07:00:00,Settlement Offer,You may be eligible for a reduced settlement on your account. Contact us to learn more before this offer expires. Reply STOP to opt out.,,,0,15.0,1-29 DPD
MSGA100264,Agency A,BOR200484,SL100534,2022-12-13 15:00:00,Payment Reminder,"Hi, this is a reminder that your student loan payment is past due. Call us or visit your account portal to make a payment. Reply STOP to opt out of text alerts.",,,0,135.0,120-149 DPD
MSGA100969,Agency A,BOR200547,SL101391,2024-10-04 10:00:00,Settlement Offer,You may be eligible for a reduced settlement on your account. Contact us to learn more before this offer expires. Reply STOP to opt out.,,,0,75.0,60-89 DPD
MSGA100621,Agency A,BOR200321,SL101563,2022-10-23 13:00:00,Hardship Program Info,You may qualify for a temporary hardship repayment plan. Call us to discuss your options. Reply STOP to unsubscribe from texts.,,,0,75.0,60-89 DPD
MSGA100131,Agency A,BOR201265,SL100282,2021-11-24 06:00:00,Payment Reminder,"Hi, this is a reminder that your student loan payment is past due. Call us or visit your account portal to make a payment. Reply STOP to opt out of text alerts.",,,0,15.0,1-29 DPD
MSGA100280,Agency A,BOR200978,SL101608,2026-06-08 13:00:00,Payment Reminder,"Hi, this is a reminder that your student loan payment is past due. Call us or visit your account portal to make a payment. Reply STOP to opt out of text alerts.",,,0,45.0,30-59 DPD
MSGA100447,Agency A,BOR201035,SL101078,2021-12-18 10:00:00,Payment Reminder,Your loan payment is overdue. Please contact us today to avoid further action. Msg&data rates may apply. Reply STOP to unsubscribe.,can u stop texting me at work im in a meeting,2021-12-18 18:47:00,1,45.0,30-59 DPD
MSGA101139,Agency A,BOR202007,SL100711,2023-03-14 09:00:00,General Notice,Your account requires attention. Please contact our office at your earliest convenience. Reply STOP to stop these messages.,,,0,45.0,30-59 DPD
MSGA101090,Agency A,BOR200465,SL101637,2026-02-22 06:00:00,General Notice,Your account requires attention. Please contact our office at your earliest convenience. Reply STOP to stop these messages.,,,0,105.0,90-119 DPD
MSGA100929,Agency A,BOR201265,SL100282,2022-10-18 05:00:00,Settlement Offer,You may be eligible for a reduced settlement on your account. Contact us to learn more before this offer expires. Reply STOP to opt out.,,,0,105.0,90-119 DPD
MSGA100482,Agency A,BOR200203,SL101571,2026-01-14 13:00:00,Hardship Program Info,You may qualify for a temporary hardship repayment plan. Call us to discuss your options. Reply STOP to unsubscribe from texts.,,,0,15.0,1-29 DPD
MSGA100927,Agency A,BOR200119,SL100252,2025-04-20 05:00:00,Payment Reminder,Your loan payment is overdue. Please contact us today to avoid further action. Msg&data rates may apply. Reply STOP to unsubscribe.,,,0,75.0,60-89 DPD
MSGA101641,Agency A,BOR200664,SL101310,2023-05-05 06:00:00,Settlement Offer,You may be eligible for a reduced settlement on your account. Contact us to learn more before this offer expires. Reply STOP to opt out.,,,0,15.0,1-29 DPD
MSGA100781,Agency A,BOR200685,SL100347,2024-12-20 10:00:00,Hardship Program Info,You may qualify for a temporary hardship repayment plan. Call us to discuss your options. Reply STOP to unsubscribe from texts.,,,0,165.0,150-179 DPD
MSGA100408,Agency A,BOR202269,SL100681,2023-04-09 05:00:00,Hardship Program Info,You may qualify for a temporary hardship repayment plan. Call us to discuss your options. Reply STOP to unsubscribe from texts.,,,0,15.0,1-29 DPD
MSGA101451,Agency A,BOR201286,SL100502,2024-11-23 16:00:00,General Notice,Your account requires attention. Please contact our office at your earliest convenience. Reply STOP to stop these messages.,,,0,15.0,1-29 DPD
MSGA101823,Agency A,BOR201821,SL100418,2024-10-09 14:00:00,General Notice,Your account requires attention. Please contact our office at your earliest convenience. Reply STOP to stop these messages.,,,0,75.0,60-89 DPD
MSGA101489,AGENCY_A,BOR202306,SL100041,2025-01-16 11:00:00,Payment Reminder,"Hi, this is a reminder that your student loan payment is past due. Call us or visit your account portal to make a payment. Reply STOP to opt out of text alerts.",,,0,15.0,1-29 DPD
MSGA100305,Agency A,BOR201698,SL100967,2024-09-18 10:00:00,General Notice,Your account requires attention. Please contact our office at your earliest convenience. Reply STOP to stop these messages.,,,0,15.0,1-29 DPD
MSGA101472,Agency A,BOR200764,SL101002,2023-02-21 15:00:00,Payment Reminder,Your loan payment is overdue. Please contact us today to avoid further action. Msg&data rates may apply. Reply STOP to unsubscribe.,wrong number,2023-02-21 23:36:00,0,15.0,1-29 DPD
MSGA101115,Agency A,BOR200702,SL100368,2022-10-25 07:00:00,Payment Reminder,Your loan payment is overdue. Please contact us today to avoid further action. Msg&data rates may apply. Reply STOP to unsubscribe.,,,0,15.0,1-29 DPD
MSGA100835,Agency A,BOR201639,SL100257,2026-05-25 15:00:00,Payment Reminder,"Hi, this is a reminder that your student loan payment is past due. Call us or visit your account portal to make a payment. Reply STOP to opt out of text alerts.",,,0,135.0,120-149 DPD
MSGA100293,Agency A,BOR201038,SL100281,2025-06-24 08:00:00,Settlement Offer,You may be eligible for a reduced settlement on your account. Contact us to learn more before this offer expires. Reply STOP to opt out.,,,0,15.0,1-29 DPD
MSGA101578,Agency A,BOR201634,SL102324,2025-08-09 06:00:00,Settlement Offer,You may be eligible for a reduced settlement on your account. Contact us to learn more before this offer expires. Reply STOP to opt out.,already paid this,2025-08-09 11:26:00,0,15.0,1-29 DPD
MSGA101082,Agency A,BOR200752,SL101156,2023-05-15 10:00:00,Hardship Program Info,You may qualify for a temporary hardship repayment plan. Call us to discuss your options. Reply STOP to unsubscribe from texts.,,,0,45.0,30-59 DPD
MSGA101838,Agency A,BOR201915,SL101798,2025-09-23 06:00:00,Settlement Offer,You may be eligible for a reduced settlement on your account. Contact us to learn more before this offer expires. Reply STOP to opt out.,,,0,15.0,1-29 DPD
MSGA101140,Agency A,BOR201094,SL100758,2021-10-24 14:00:00,Hardship Program Info,You may qualify for a temporary hardship repayment plan. Call us to discuss your options. Reply STOP to unsubscribe from texts.,,,0,45.0,30-59 DPD
MSGA101605,Agency A,BOR200222,SL100482,2023-04-10 09:00:00,Hardship Program Info,You may qualify for a temporary hardship repayment plan. Call us to discuss your options. Reply STOP to unsubscribe from texts.,,,0,15.0,1-29 DPD
MSGA100002,Agency A,BOR200790,SL101362,2025-03-22 16:00:00,Settlement Offer,You may be eligible for a reduced settlement on your account. Contact us to learn more before this offer expires. Reply STOP to opt out.,when does interest stop accruing on this loan,2025-03-22 18:55:00,1,75.0,60-89 DPD
MSGA101257,Agency A,BOR200837,SL100028,2022-01-17 13:00:00,Settlement Offer,You may be eligible for a reduced settlement on your account. Contact us to learn more before this offer expires. Reply STOP to opt out.,,,0,75.0,60-89 DPD
MSGA101632,Agency A,BOR201265,SL100282,2023-04-15 15:00:00,Payment Reminder,"Hi, this is a reminder that your student loan payment is past due. Call us or visit your account portal to make a payment. Reply STOP to opt out of text alerts.",,,0,165.0,150-179 DPD
MSGA101665,Agency A,BOR202022,SL101728,2024-08-05 11:00:00,General Notice,Your account requires attention. Please contact our office at your earliest convenience. Reply STOP to stop these messages.,,,0,135.0,120-149 DPD
MSGA100100,Agency A,BOR200493,SL101292,2024-04-15 11:00:00,Hardship Program Info,,,,0,15.0,1-29 DPD
MSGA101766,Agency A,BOR200995,SL102294,2023-01-13 12:00:00,Payment Reminder,Your loan payment is overdue. Please contact us today to avoid further action. Msg&data rates may apply. Reply STOP to unsubscribe.,,,0,15.0,1-29 DPD
MSGA100288,Agency A,BOR200251,SL100413,2023-04-19 10:00:00,General Notice,Your account requires attention. Please contact our office at your earliest convenience. Reply STOP to stop these messages.,,,0,15.0,1-29 DPD
MSGA100112,Agency A,BOR202268,SL102313,2024-11-06 08:00:00,Payment Reminder,"Hi, this is a reminder that your student loan payment is past due. Call us or visit your account portal to make a payment. Reply STOP to opt out of text alerts.",,,0,105.0,90-119 DPD
MSGA100437,Agency A,BOR200275,SL100123,2026-03-11 06:00:00,Payment Reminder,"Hi, this is a reminder that your student loan payment is past due. Call us or visit your account portal to make a payment. Reply STOP to opt out of text alerts.",,,0,15.0,1-29 DPD
MSGA100987,Agency A,BOR200949,SL100360,2024-10-26 05:00:00,Payment Reminder,"Hi, this is a reminder that your student loan payment is past due. Call us or visit your account portal to make a payment. Reply STOP to opt out of text alerts.",,,0,15.0,1-29 DPD
MSGA101367,Agency A,BOR201094,SL100758,2024-10-07 16:00:00,Hardship Program Info,You may qualify for a temporary hardship repayment plan. Call us to discuss your options. Reply STOP to unsubscribe from texts.,,,0,165.0,150-179 DPD
MSGA101144,Agency A,BOR201029,SL102378,2026-03-28 07:00:00,Settlement Offer,,wrong number,2026-03-28 08:28:00,0,165.0,150-179 DPD
MSGA101737,Agency A,BOR201474,SL101700,2021-07-26 07:00:00,Hardship Program Info,You may qualify for a temporary hardship repayment plan. Call us to discuss your options. Reply STOP to unsubscribe from texts.,,,0,105.0,90-119 DPD
MSGA101320,Agency A,BOR200926,SL100465,2021-09-20 09:00:00,General Notice,Your account requires attention. Please contact our office at your earliest convenience. Reply STOP to stop these messages.,,,0,15.0,1-29 DPD
MSGA100865,Agency A,BOR201029,SL102378,2025-09-06 06:00:00,Payment Reminder,"Hi, this is a reminder that your student loan payment is past due. Call us or visit your account portal to make a payment. Reply STOP to opt out of text alerts.",can you call me instead,2025-09-06 15:09:00,0,135.0,120-149 DPD
MSGA101622,Agency A,BOR201402,SL101130,2025-03-26 12:00:00,Payment Reminder,"Hi, this is a reminder that your student loan payment is past due. Call us or visit your account portal to make a payment. Reply STOP to opt out of text alerts.",yes,2025-03-26 15:08:00,0,105.0,90-119 DPD
MSGA101401,Agency A,BOR201920,SL100325,2025-02-04 07:00:00,Payment Reminder,Your loan payment is overdue. Please contact us today to avoid further action. Msg&data rates may apply. Reply STOP to unsubscribe.,,,0,45.0,30-59 DPD
MSGA101878,Agency A,BOR201428,SL101624,2025-11-25 05:00:00,Payment Reminder,,,,0,105.0,90-119 DPD
MSGA101606,Agency A,BOR201283,SL101957,2023-04-24 05:00:00,Hardship Program Info,You may qualify for a temporary hardship repayment plan. Call us to discuss your options. Reply STOP to unsubscribe from texts.,,,0,15.0,1-29 DPD
MSGA100861,Agency A,BOR200738,SL100992,2024-12-25 12:00:00,Payment Reminder,Your loan payment is overdue. Please contact us today to avoid further action. Msg&data rates may apply. Reply STOP to unsubscribe.,,,0,45.0,30-59 DPD
MSGA101844,Agency A,BOR201388,SL100690,2023-07-14 16:00:00,Hardship Program Info,You may qualify for a temporary hardship repayment plan. Call us to discuss your options. Reply STOP to unsubscribe from texts.,,,0,75.0,60-89 DPD
MSGA101877,Agency A,BOR200033,SL100398,2022-02-22 15:00:00,Payment Reminder,"Hi, this is a reminder that your student loan payment is past due. Call us or visit your account portal to make a payment. Reply STOP to opt out of text alerts.",,,0,75.0,60-89 DPD
MSGA100419,Agency A,BOR200619,SL101634,2024-12-18 08:00:00,General Notice,Your account requires attention. Please contact our office at your earliest convenience. Reply STOP to stop these messages.,,,0,105.0,90-119 DPD
MSGA100407,Agency A,BOR201935,SL100253,2023-07-14 09:00:00,Payment Reminder,Your loan payment is overdue. Please contact us today to avoid further action. Msg&data rates may apply. Reply STOP to unsubscribe.,,,0,75.0,60-89 DPD
MSGA100417,Agency A,BOR200649,SL101988,2023-04-08 08:00:00,Payment Reminder,Your loan payment is overdue. Please contact us today to avoid further action. Msg&data rates may apply. Reply STOP to unsubscribe.,,,0,105.0,90-119 DPD
MSGA100547,Agency A,BOR201301,SL101756,2025-10-08 15:00:00,General Notice,Your account requires attention. Please contact our office at your earliest convenience. Reply STOP to stop these messages.,,,0,195.0,180+ DPD
MSGA101784,Agency A,BOR201989,SL102255,2025-07-15 16:00:00,Settlement Offer,You may be eligible for a reduced settlement on your account. Contact us to learn more before this offer expires. Reply STOP to opt out.,wrong number,2025-07-15 18:16:00,0,45.0,30-59 DPD
MSGA101235,Agency A,BOR200201,SL101318,2025-09-17 15:00:00,General Notice,Your account requires attention. Please contact our office at your earliest convenience. Reply STOP to stop these messages.,,,0,45.0,30-59 DPD
MSGA101682,Agency A,BOR201989,SL102255,2021-03-17 15:00:00,Payment Reminder,Your loan payment is overdue. Please contact us today to avoid further action. Msg&data rates may apply. Reply STOP to unsubscribe.,,,0,15.0,1-29 DPD
MSGA101123,Agency A,BOR200652,SL102125,2026-03-07 12:00:00,Payment Reminder,"Hi, this is a reminder that your student loan payment is past due. Call us or visit your account portal to make a payment. Reply STOP to opt out of text alerts.",,,0,15.0,1-29 DPD
MSGA100811,Agency A,BOR201703,SL101849,2026-08-21 08:00:00,Settlement Offer,You may be eligible for a reduced settlement on your account. Contact us to learn more before this offer expires. Reply STOP to opt out.,,,0,105.0,90-119 DPD
MSGA100507,Agency A,BOR201347,SL101004,2023-12-21 08:00:00,Payment Reminder,"Hi, this is a reminder that your student loan payment is past due. Call us or visit your account portal to make a payment. Reply STOP to opt out of text alerts.",,,0,15.0,1-29 DPD
MSGA101330,Agency A,BOR200145,SL101543,2023-09-09 06:00:00,General Notice,Your account requires attention. Please contact our office at your earliest convenience. Reply STOP to stop these messages.,,,0,15.0,1-29 DPD
MSGA100282,Agency A,BOR200436,SL100367,2023-01-12 11:00:00,General Notice,Your account requires attention. Please contact our office at your earliest convenience. Reply STOP to stop these messages.,,,0,75.0,60-89 DPD
MSGA100686,Agency A,BOR200611,SL101910,2026-06-18 06:00:00,Payment Reminder,"Hi, this is a reminder that your student loan payment is past due. Call us or visit your account portal to make a payment. Reply STOP to opt out of text alerts.",,,0,15.0,1-29 DPD
MSGA101557,Agency A,BOR200018,SL100712,2025-08-27 16:00:00,General Notice,Your account requires attention. Please contact our office at your earliest convenience. Reply STOP to stop these messages.,I stopped by the branch yesterday and paid already,2025-08-28 01:44:00,1,15.0,1-29 DPD
MSGA101284,Agency A,BOR201339,SL101218,2025-04-13 15:00:00,General Notice,Your account requires attention. Please contact our office at your earliest convenience. Reply STOP to stop these messages.,,,0,135.0,120-149 DPD
MSGA100270,Agency A,BOR201029,SL102378,2025-02-13 06:00:00,Hardship Program Info,You may qualify for a temporary hardship repayment plan. Call us to discuss your options. Reply STOP to unsubscribe from texts.,,,0,15.0,1-29 DPD
MSGA101262,Agency A,BOR201045,SL100774,2022-12-08 08:00:00,Payment Reminder,"Hi, this is a reminder that your student loan payment is past due. Call us or visit your account portal to make a payment. Reply STOP to opt out of text alerts.",,,0,195.0,180+ DPD
MSGA101494,Agency A,BOR200180,SL102163,2023-11-03 09:00:00,Settlement Offer,You may be eligible for a reduced settlement on your account. Contact us to learn more before this offer expires. Reply STOP to opt out.,,,0,15.0,1-29 DPD
MSGA101603,Agency A,BOR200649,SL101988,2022-11-19 05:00:00,Settlement Offer,You may be eligible for a reduced settlement on your account. Contact us to learn more before this offer expires. Reply STOP to opt out.,,,0,75.0,60-89 DPD
MSGA100900,Agency A,BOR200962,SL102048,2025-09-16 13:00:00,Payment Reminder,"Hi, this is a reminder that your student loan payment is past due. Call us or visit your account portal to make a payment. Reply STOP to opt out of text alerts.",,,0,15.0,1-29 DPD
MSGA101229,Agency A,BOR201619,SL100364,2021-08-12 16:00:00,Hardship Program Info,You may qualify for a temporary hardship repayment plan. Call us to discuss your options. Reply STOP to unsubscribe from texts.,,,0,15.0,1-29 DPD
MSGA100114,Agency A,BOR200568,SL100391,2023-02-07 13:00:00,Payment Reminder,"Hi, this is a reminder that your student loan payment is past due. Call us or visit your account portal to make a payment. Reply STOP to opt out of text alerts.",Stop,2023-02-07 14:45:00,1,15.0,1-29 DPD
MSGA101214,Agency A,BOR200764,SL101002,2022-11-13 14:00:00,Hardship Program Info,You may qualify for a temporary hardship repayment plan. Call us to discuss your options. Reply STOP to unsubscribe from texts.,,,0,75.0,60-89 DPD
MSGA101261,Agency A,BOR201980,SL101906,2024-03-22 07:00:00,Hardship Program Info,You may qualify for a temporary hardship repayment plan. Call us to discuss your options. Reply STOP to unsubscribe from texts.,,,0,75.0,60-89 DPD
MSGA101347,Agency A,BOR202066,SL100425,2024-01-15 14:00:00,Hardship Program Info,You may qualify for a temporary hardship repayment plan. Call us to discuss your options. Reply STOP to unsubscribe from texts.,,,0,45.0,30-59 DPD
MSGA101364,Agency A,BOR201043,SL102448,2023-11-12 10:00:00,General Notice,Your account requires attention. Please contact our office at your earliest convenience. Reply STOP to stop these messages.,,,0,45.0,30-59 DPD
MSGA100461,Agency A,BOR200707,SL101760,2026-08-25 05:00:00,General Notice,Your account requires attention. Please contact our office at your earliest convenience. Reply STOP to stop these messages.,I stopped by the branch yesterday and paid already,2026-08-25 07:47:00,1,45.0,30-59 DPD
MSGA101202,Agency A,BOR202219,SL101562,2024-01-22 10:00:00,Settlement Offer,You may be eligible for a reduced settlement on your account. Contact us to learn more before this offer expires. Reply STOP to opt out.,,,0,105.0,90-119 DPD
MSGA102043,Agency A,BOR200363,SL100399,2021-06-13 15:00:00,Payment Reminder,Your loan payment is overdue. Please contact us today to avoid further action. Msg&data rates may apply. Reply STOP to unsubscribe.,,,0,45.0,30-59 DPD
MSGA101669,Agency A,BOR201483,SL101883,2023-01-27 08:00:00,Payment Reminder,"Hi, this is a reminder that your student loan payment is past due. Call us or visit your account portal to make a payment. Reply STOP to opt out of text alerts.",,,0,15.0,1-29 DPD
MSGA100538,Agency A,BOR200606,SL102149,2022-10-11 08:00:00,General Notice,Your account requires attention. Please contact our office at your earliest convenience. Reply STOP to stop these messages.,,,0,15.0,1-29 DPD
MSGA100122,Agency A,BOR201465,SL102142,2025-03-13 11:00:00,Payment Reminder,"Hi, this is a reminder that your student loan payment is past due. Call us or visit your account portal to make a payment. Reply STOP to opt out of text alerts.",,,0,75.0,60-89 DPD
MSGA101607,Agency A,BOR201497,SL101737,2022-11-23 15:00:00,Hardship Program Info,You may qualify for a temporary hardship repayment plan. Call us to discuss your options. Reply STOP to unsubscribe from texts.,,,0,15.0,1-29 DPD
MSGA101832,Agency A,BOR200687,SL101948,2022-01-27 14:00:00,Payment Reminder,"Hi, this is a reminder that your student loan payment is past due. Call us or visit your account portal to make a payment. Reply STOP to opt out of text alerts.",,,0,75.0,60-89 DPD
MSGA101567,Agency A,BOR200322,SL102452,2025-08-16 13:00:00,Payment Reminder,Your loan payment is overdue. Please contact us today to avoid further action. Msg&data rates may apply. Reply STOP to unsubscribe.,I already stopped autopay is that why im getting these,2025-08-16 18:10:00,1,45.0,30-59 DPD
MSGA100350,Agency A,BOR200316,SL101343,2026-06-22 07:00:00,Settlement Offer,You may be eligible for a reduced settlement on your account. Contact us to learn more before this offer expires. Reply STOP to opt out.,,,0,135.0,120-149 DPD
MSGA100362,Agency A,BOR200649,SL101988,2022-06-16 05:00:00,Payment Reminder,"Hi, this is a reminder that your student loan payment is past due. Call us or visit your account portal to make a payment. Reply STOP to opt out of text alerts.",,,0,45.0,30-59 DPD
MSGA100558,Agency A,BOR202292,SL101545,2025-08-13 15:00:00,Settlement Offer,You may be eligible for a reduced settlement on your account. Contact us to learn more before this offer expires. Reply STOP to opt out.,I already stopped autopay is that why im getting these,2025-08-13 20:12:00,1,105.0,90-119 DPD
MSGA101706,Agency A,BOR201402,SL101130,2024-08-18 16:00:00,Payment Reminder,Your loan payment is overdue. Please contact us today to avoid further action. Msg&data rates may apply. Reply STOP to unsubscribe.,stop,2024-08-18 23:38:00,1,75.0,60-89 DPD
MSGA100836,Agency A,BOR202099,SL100781,2026-08-16 07:00:00,Payment Reminder,Your loan payment is overdue. Please contact us today to avoid further action. Msg&data rates may apply. Reply STOP to unsubscribe.,,,0,75.0,60-89 DPD
MSGA100160,Agency A,BOR201550,SL102453,2021-08-21 06:00:00,Payment Reminder,Your loan payment is overdue. Please contact us today to avoid further action. Msg&data rates may apply. Reply STOP to unsubscribe.,,,0,45.0,30-59 DPD
MSGA101959,Agency A,BOR201184,SL100804,2023-06-25 09:00:00,Settlement Offer,You may be eligible for a reduced settlement on your account. Contact us to learn more before this offer expires. Reply STOP to opt out.,,,0,105.0,90-119 DPD
MSGA100924,AGENCY_A,BOR202312,SL100703,2025-02-14 14:00:00,Payment Reminder,Your loan payment is overdue. Please contact us today to avoid further action. Msg&data rates may apply. Reply STOP to unsubscribe.,,,0,15.0,1-29 DPD
MSGA100947,Agency A,BOR201402,SL101130,2024-09-15 14:00:00,Settlement Offer,You may be eligible for a reduced settlement on your account. Contact us to learn more before this offer expires. Reply STOP to opt out.,,,0,105.0,90-119 DPD
MSGA101685,Agency A,BOR200833,SL102172,2024-12-27 07:00:00,General Notice,Your account requires attention. Please contact our office at your earliest convenience. Reply STOP to stop these messages.,,,0,15.0,1-29 DPD
MSGA100283,Agency A,BOR201776,SL101300,2024-09-08 05:00:00,Payment Reminder,Your loan payment is overdue. Please contact us today to avoid further action. Msg&data rates may apply. Reply STOP to unsubscribe.,,,0,75.0,60-89 DPD
MSGA101217,Agency A,BOR201730,SL100752,2022-01-09 06:00:00,Settlement Offer,You may be eligible for a reduced settlement on your account. Contact us to learn more before this offer expires. Reply STOP to opt out.,,,0,15.0,1-29 DPD
MSGA100945,Agency A,BOR200489,SL101956,2024-05-20 10:00:00,General Notice,Your account requires attention. Please contact our office at your earliest convenience. Reply STOP to stop these messages.,,,0,105.0,90-119 DPD
MSGA100880,Agency A,BOR200266,SL101129,2024-08-12 07:00:00,Hardship Program Info,You may qualify for a temporary hardship repayment plan. Call us to discuss your options. Reply STOP to unsubscribe from texts.,,,0,75.0,60-89 DPD
MSGA101584,Agency A,BOR200773,SL100966,2025-03-09 16:00:00,Settlement Offer,You may be eligible for a reduced settlement on your account. Contact us to learn more before this offer expires. Reply STOP to opt out.,,,0,75.0,60-89 DPD
MSGA101175,Agency A,BOR202274,SL100344,2026-01-22 09:00:00,General Notice,Your account requires attention. Please contact our office at your earliest convenience. Reply STOP to stop these messages.,,,0,15.0,1-29 DPD
MSGA101114,AGENCY_A,BOR201133,SL102164,2023-12-07 15:00:00,Payment Reminder,Your loan payment is overdue. Please contact us today to avoid further action. Msg&data rates may apply. Reply STOP to unsubscribe.,wrong number,2023-12-07 21:34:00,0,15.0,1-29 DPD
MSGA100953,Agency A,BOR201941,SL100799,2021-08-16 12:00:00,Payment Reminder,"Hi, this is a reminder that your student loan payment is past due. Call us or visit your account portal to make a payment. Reply STOP to opt out of text alerts.",,,0,15.0,1-29 DPD
MSGA101264,Agency A,BOR200963,SL102221,2023-02-07 13:00:00,Payment Reminder,Your loan payment is overdue. Please contact us today to avoid further action. Msg&data rates may apply. Reply STOP to unsubscribe.,can you call me instead,2023-02-07 16:47:00,0,15.0,1-29 DPD
MSGA100256,Agency A,BOR202187,SL102428,2025-02-10 06:00:00,Payment Reminder,"Hi, this is a reminder that your student loan payment is past due. Call us or visit your account portal to make a payment. Reply STOP to opt out of text alerts.",,,0,45.0,30-59 DPD
MSGA101620,Agency A,BOR200484,SL100534,2022-11-18 10:00:00,Payment Reminder,"Hi, this is a reminder that your student loan payment is past due. Call us or visit your account portal to make a payment. Reply STOP to opt out of text alerts.",,,0,135.0,120-149 DPD
MSGA101354,Agency A,BOR200053,SL101027,2021-09-22 09:00:00,General Notice,Your account requires attention. Please contact our office at your earliest convenience. Reply STOP to stop these messages.,,,0,75.0,60-89 DPD
MSGA100432,Agency A,BOR201864,SL101416,2026-03-11 05:00:00,Payment Reminder,Your loan payment is overdue. Please contact us today to avoid further action. Msg&data rates may apply. Reply STOP to unsubscribe.,,,0,165.0,150-179 DPD
MSGA100042,Agency A,BOR200445,SL100486,2025-09-10 11:00:00,Payment Reminder,Your loan payment is overdue. Please contact us today to avoid further action. Msg&data rates may apply. Reply STOP to unsubscribe.,,,0,15.0,1-29 DPD
MSGA100031,Agency A,BOR200544,SL101529,2024-06-17 11:00:00,Payment Reminder,"Hi, this is a reminder that your student loan payment is past due. Call us or visit your account portal to make a payment. Reply STOP to opt out of text alerts.",,,0,165.0,150-179 DPD
MSGA101803,Agency A,BOR202007,SL100711,2026-06-13 08:00:00,Hardship Program Info,You may qualify for a temporary hardship repayment plan. Call us to discuss your options. Reply STOP to unsubscribe from texts.,,,0,45.0,30-59 DPD
MSGA101764,Agency A,BOR201666,SL101544,2025-07-11 06:00:00,Payment Reminder,Your loan payment is overdue. Please contact us today to avoid further action. Msg&data rates may apply. Reply STOP to unsubscribe.,,,0,15.0,1-29 DPD
MSGA101209,Agency A,BOR200675,SL101469,2023-07-27 09:00:00,Payment Reminder,Your loan payment is overdue. Please contact us today to avoid further action. Msg&data rates may apply. Reply STOP to unsubscribe.,,,0,45.0,30-59 DPD
MSGA101540,Agency A,BOR200145,SL101543,2025-05-21 10:00:00,Payment Reminder,Your loan payment is overdue. Please contact us today to avoid further action. Msg&data rates may apply. Reply STOP to unsubscribe.,who is this,2025-05-21 19:49:00,0,15.0,1-29 DPD
MSGA100877,Agency A,BOR200373,SL100680,2023-07-28 15:00:00,Payment Reminder,"Hi, this is a reminder that your student loan payment is past due. Call us or visit your account portal to make a payment. Reply STOP to opt out of text alerts.",,,0,15.0,1-29 DPD
MSGA101379,Agency A,BOR200947,SL100936,2022-12-22 06:00:00,Payment Reminder,Your loan payment is overdue. Please contact us today to avoid further action. Msg&data rates may apply. Reply STOP to unsubscribe.,,,0,15.0,1-29 DPD
MSGA101543,Agency A,BOR200925,SL101104,2026-07-13 07:00:00,Payment Reminder,"Hi, this is a reminder that your student loan payment is past due. Call us or visit your account portal to make a payment. Reply STOP to opt out of text alerts.",ok will pay soon,2026-07-13 09:53:00,0,15.0,1-29 DPD
MSGA100545,Agency A,BOR200940,SL100180,2022-06-18 06:00:00,Payment Reminder,Your loan payment is overdue. Please contact us today to avoid further action. Msg&data rates may apply. Reply STOP to unsubscribe.,,,0,15.0,1-29 DPD
MSGA101889,Agency A,BOR202277,SL100877,2023-08-15 08:00:00,General Notice,Your account requires attention. Please contact our office at your earliest convenience. Reply STOP to stop these messages.,,,0,75.0,60-89 DPD
MSGA100428,Agency A,BOR201989,SL102255,2025-05-28 12:00:00,General Notice,Your account requires attention. Please contact our office at your earliest convenience. Reply STOP to stop these messages.,,,0,15.0,1-29 DPD
MSGA101446,Agency A,BOR200312,SL101938,2022-03-26 09:00:00,Payment Reminder,Your loan payment is overdue. Please contact us today to avoid further action. Msg&data rates may apply. Reply STOP to unsubscribe.,,,0,15.0,1-29 DPD
MSGA100954,Agency A,BOR200141,SL101768,2024-12-28 08:00:00,Settlement Offer,You may be eligible for a reduced settlement on your account. Contact us to learn more before this offer expires. Reply STOP to opt out.,,,0,15.0,1-29 DPD
MSGA100212,Agency A,BOR200766,SL101060,2024-03-18 16:00:00,Payment Reminder,"Hi, this is a reminder that your student loan payment is past due. Call us or visit your account portal to make a payment. Reply STOP to opt out of text alerts.",,,0,105.0,90-119 DPD
MSGA101532,Agency A,BOR201015,SL102318,2024-01-08 05:00:00,General Notice,Your account requires attention. Please contact our office at your earliest convenience. Reply STOP to stop these messages.,k,2024-01-08 10:49:00,0,45.0,30-59 DPD
MSGA101746,Agency A,BOR201956,SL101371,2024-09-05 15:00:00,Payment Reminder,"Hi, this is a reminder that your student loan payment is past due. Call us or visit your account portal to make a payment. Reply STOP to opt out of text alerts.",,,0,105.0,90-119 DPD
MSGA101434,AGENCY_A,BOR202074,SL100914,2025-09-14 14:00:00,Payment Reminder,"Hi, this is a reminder that your student loan payment is past due. Call us or visit your account portal to make a payment. Reply STOP to opt out of text alerts.",,,0,45.0,30-59 DPD
MSGA101433,Agency A,BOR202003,SL101993,2024-06-08 09:00:00,Settlement Offer,You may be eligible for a reduced settlement on your account. Contact us to learn more before this offer expires. Reply STOP to opt out.,"stop it's already paid, why do I keep getting texts",2024-06-08 15:53:00,1,15.0,1-29 DPD
MSGA100306,Agency A,BOR201087,SL102208,2024-02-21 07:00:00,Settlement Offer,You may be eligible for a reduced settlement on your account. Contact us to learn more before this offer expires. Reply STOP to opt out.,,,0,195.0,180+ DPD
MSGA100672,Agency A,BOR201858,SL102367,2023-04-18 14:00:00,Hardship Program Info,You may qualify for a temporary hardship repayment plan. Call us to discuss your options. Reply STOP to unsubscribe from texts.,,,0,75.0,60-89 DPD
MSGA100753,Agency A,BOR201043,SL102088,2021-10-17 16:00:00,Payment Reminder,"Hi, this is a reminder that your student loan payment is past due. Call us or visit your account portal to make a payment. Reply STOP to opt out of text alerts.",,,0,15.0,1-29 DPD
MSGA101254,Agency A,BOR200165,SL101944,2026-06-08 11:00:00,Settlement Offer,You may be eligible for a reduced settlement on your account. Contact us to learn more before this offer expires. Reply STOP to opt out.,,,0,45.0,30-59 DPD
MSGA100655,Agency A,BOR201331,SL101837,2022-04-16 10:00:00,Payment Reminder,"Hi, this is a reminder that your student loan payment is past due. Call us or visit your account portal to make a payment. Reply STOP to opt out of text alerts.",,,0,45.0,30-59 DPD
MSGA101026,Agency A,BOR201279,SL100828,2024-05-15 14:00:00,Payment Reminder,Your loan payment is overdue. Please contact us today to avoid further action. Msg&data rates may apply. Reply STOP to unsubscribe.,,,0,15.0,1-29 DPD
MSGA101072,Agency A,BOR200896,SL101509,2024-02-16 08:00:00,Settlement Offer,You may be eligible for a reduced settlement on your account. Contact us to learn more before this offer expires. Reply STOP to opt out.,,,0,15.0,1-29 DPD
MSGA101530,Agency A,BOR201729,SL101647,2023-08-15 06:00:00,Payment Reminder,"Hi, this is a reminder that your student loan payment is past due. Call us or visit your account portal to make a payment. Reply STOP to opt out of text alerts.",,,0,15.0,1-29 DPD
MSGA100439,Agency A,BOR201184,SL100804,2024-03-07 08:00:00,Settlement Offer,You may be eligible for a reduced settlement on your account. Contact us to learn more before this offer expires. Reply STOP to opt out.,,,0,45.0,30-59 DPD
MSGA101977,Agency A,BOR201003,SL102496,2025-02-25 16:00:00,Settlement Offer,You may be eligible for a reduced settlement on your account. Contact us to learn more before this offer expires. Reply STOP to opt out.,,,0,45.0,30-59 DPD
MSGA102044,Agency A,BOR201716,SL100596,2025-10-15 06:00:00,General Notice,Your account requires attention. Please contact our office at your earliest convenience. Reply STOP to stop these messages.,,,0,15.0,1-29 DPD
MSGA101681,Agency A,BOR202231,SL101357,2023-09-12 16:00:00,Payment Reminder,Your loan payment is overdue. Please contact us today to avoid further action. Msg&data rates may apply. Reply STOP to unsubscribe.,,,0,45.0,30-59 DPD
MSGA102021,Agency A,BOR201992,SL101046,2025-12-18 11:00:00,General Notice,Your account requires attention. Please contact our office at your earliest convenience. Reply STOP to stop these messages.,,,0,15.0,1-29 DPD
MSGA101012,Agency A,BOR202156,SL100713,2024-07-13 10:00:00,Settlement Offer,You may be eligible for a reduced settlement on your account. Contact us to learn more before this offer expires. Reply STOP to opt out.,,,0,45.0,30-59 DPD
MSGA101704,Agency A,BOR200223,SL101105,2022-04-15 14:00:00,Hardship Program Info,You may qualify for a temporary hardship repayment plan. Call us to discuss your options. Reply STOP to unsubscribe from texts.,,,0,45.0,30-59 DPD
MSGA100521,Agency A,BOR201730,SL100752,2024-10-09 07:00:00,Payment Reminder,"Hi, this is a reminder that your student loan payment is past due. Call us or visit your account portal to make a payment. Reply STOP to opt out of text alerts.",,,0,45.0,30-59 DPD
MSGA100926,Agency A,BOR201023,SL102108,2022-07-25 06:00:00,Settlement Offer,You may be eligible for a reduced settlement on your account. Contact us to learn more before this offer expires. Reply STOP to opt out.,,,0,45.0,30-59 DPD
MSGA100478,Agency A,BOR200773,SL100966,2025-05-05 11:00:00,Payment Reminder,"Hi, this is a reminder that your student loan payment is past due. Call us or visit your account portal to make a payment. Reply STOP to opt out of text alerts.",can you call me instead,2025-05-05 17:52:00,0,105.0,90-119 DPD
MSGA102004,Agency A,BOR202239,SL100827,2025-02-16 06:00:00,Payment Reminder,"Hi, this is a reminder that your student loan payment is past due. Call us or visit your account portal to make a payment. Reply STOP to opt out of text alerts.",,,0,45.0,30-59 DPD
MSGA102042,Agency A,BOR200891,SL102238,2026-06-03 09:00:00,Payment Reminder,Your loan payment is overdue. Please contact us today to avoid further action. Msg&data rates may apply. Reply STOP to unsubscribe.,,,0,15.0,1-29 DPD
MSGA101112,Agency A,BOR200041,SL101827,2024-12-07 05:00:00,Payment Reminder,"Hi, this is a reminder that your student loan payment is past due. Call us or visit your account portal to make a payment. Reply STOP to opt out of text alerts.",,,0,15.0,1-29 DPD
MSGA100801,Agency A,BOR201361,SL100464,2026-06-07 07:00:00,General Notice,Your account requires attention. Please contact our office at your earliest convenience. Reply STOP to stop these messages.,,,0,15.0,1-29 DPD
MSGA100353,Agency A,BOR200759,SL101173,2022-07-27 12:00:00,General Notice,Your account requires attention. Please contact our office at your earliest convenience. Reply STOP to stop these messages.,,,0,165.0,150-179 DPD
MSGA100363,Agency A,BOR201571,SL101157,2023-06-07 16:00:00,Payment Reminder,"Hi, this is a reminder that your student loan payment is past due. Call us or visit your account portal to make a payment. Reply STOP to opt out of text alerts.",,,0,15.0,1-29 DPD
MSGA100509,Agency A,BOR201339,SL101218,2025-01-28 07:00:00,Hardship Program Info,You may qualify for a temporary hardship repayment plan. Call us to discuss your options. Reply STOP to unsubscribe from texts.,I stopped by the branch yesterday and paid already,2025-01-28 07:43:00,1,135.0,120-149 DPD
MSGA101088,Agency A,BOR200033,SL100398,2025-06-24 11:00:00,Payment Reminder,Your loan payment is overdue. Please contact us today to avoid further action. Msg&data rates may apply. Reply STOP to unsubscribe.,,,0,15.0,1-29 DPD
MSGA100236,Agency A,BOR202169,SL101211,2021-06-23 09:00:00,Payment Reminder,Your loan payment is overdue. Please contact us today to avoid further action. Msg&data rates may apply. Reply STOP to unsubscribe.,,,0,15.0,1-29 DPD
MSGA100685,Agency A,BOR200764,SL101002,2023-12-04 10:00:00,Hardship Program Info,You may qualify for a temporary hardship repayment plan. Call us to discuss your options. Reply STOP to unsubscribe from texts.,,,0,15.0,1-29 DPD
MSGA100410,Agency A,BOR200558,SL101893,2024-07-05 08:00:00,Settlement Offer,You may be eligible for a reduced settlement on your account. Contact us to learn more before this offer expires. Reply STOP to opt out.,,,0,45.0,30-59 DPD
MSGA101372,Agency A,BOR201465,SL102142,2021-09-18 10:00:00,Payment Reminder,"Hi, this is a reminder that your student loan payment is past due. Call us or visit your account portal to make a payment. Reply STOP to opt out of text alerts.",,,0,45.0,30-59 DPD
MSGA101393,Agency A,BOR200638,SL101799,2025-06-24 15:00:00,Payment Reminder,"Hi, this is a reminder that your student loan payment is past due. Call us or visit your account portal to make a payment. Reply STOP to opt out of text alerts.",,,0,195.0,180+ DPD
MSGA100289,Agency A,BOR201980,SL101906,2024-08-16 10:00:00,Settlement Offer,You may be eligible for a reduced settlement on your account. Contact us to learn more before this offer expires. Reply STOP to opt out.,,,0,105.0,90-119 DPD
MSGA100009,Agency A,BOR202225,SL100358,2023-04-08 13:00:00,Payment Reminder,Your loan payment is overdue. Please contact us today to avoid further action. Msg&data rates may apply. Reply STOP to unsubscribe.,can you call me instead,2023-04-08 18:51:00,0,75.0,60-89 DPD
MSGA100412,Agency A,BOR200778,SL102089,2023-09-10 09:00:00,General Notice,Your account requires attention. Please contact our office at your earliest convenience. Reply STOP to stop these messages.,,,0,15.0,1-29 DPD
MSGA101242,Agency A,BOR200073,SL101327,2021-08-15 09:00:00,General Notice,Your account requires attention. Please contact our office at your earliest convenience. Reply STOP to stop these messages.,,,0,15.0,1-29 DPD
MSGA100448,Agency A,BOR201700,SL100566,2025-05-20 09:00:00,Settlement Offer,You may be eligible for a reduced settlement on your account. Contact us to learn more before this offer expires. Reply STOP to opt out.,,,0,15.0,1-29 DPD
MSGA100510,Agency A,BOR200375,SL100117,2026-08-05 14:00:00,Settlement Offer,You may be eligible for a reduced settlement on your account. Contact us to learn more before this offer expires. Reply STOP to opt out.,"stop it's already paid, why do I keep getting texts",2026-08-05 23:42:00,1,135.0,120-149 DPD
MSGA100303,Agency A,BOR200717,SL101033,2024-07-12 08:00:00,Payment Reminder,"Hi, this is a reminder that your student loan payment is past due. Call us or visit your account portal to make a payment. Reply STOP to opt out of text alerts.",,,0,15.0,1-29 DPD
MSGA101237,Agency A,BOR201898,SL101123,2026-08-26 09:00:00,Hardship Program Info,You may qualify for a temporary hardship repayment plan. Call us to discuss your options. Reply STOP to unsubscribe from texts.,,,0,45.0,30-59 DPD
MSGA101255,Agency A,BOR201703,SL101849,2026-02-05 07:00:00,Payment Reminder,Your loan payment is overdue. Please contact us today to avoid further action. Msg&data rates may apply. Reply STOP to unsubscribe.,,,0,15.0,1-29 DPD
MSGA100255,Agency A,BOR200958,SL100751,2023-04-11 13:00:00,Payment Reminder,Your loan payment is overdue. Please contact us today to avoid further action. Msg&data rates may apply. Reply STOP to unsubscribe.,,,0,45.0,30-59 DPD
MSGA100036,Agency A,BOR200802,SL100510,2026-04-26 09:00:00,Payment Reminder,Your loan payment is overdue. Please contact us today to avoid further action. Msg&data rates may apply. Reply STOP to unsubscribe.,,,0,45.0,30-59 DPD
MSGA100273,Agency A,BOR200465,SL101637,2025-09-07 11:00:00,Payment Reminder,"Hi, this is a reminder that your student loan payment is past due. Call us or visit your account portal to make a payment. Reply STOP to opt out of text alerts.","stop it's already paid, why do I keep getting texts",2025-09-07 19:23:00,1,75.0,60-89 DPD
MSGA101457,Agency A,BOR201339,SL101218,2026-08-26 14:00:00,Hardship Program Info,You may qualify for a temporary hardship repayment plan. Call us to discuss your options. Reply STOP to unsubscribe from texts.,,,0,75.0,60-89 DPD
MSGA100887,Agency A,BOR201178,SL102029,2026-08-24 16:00:00,General Notice,Your account requires attention. Please contact our office at your earliest convenience. Reply STOP to stop these messages.,,,0,15.0,1-29 DPD
MSGA101963,Agency A,BOR202116,SL100047,2026-08-08 06:00:00,Hardship Program Info,You may qualify for a temporary hardship repayment plan. Call us to discuss your options. Reply STOP to unsubscribe from texts.,,,0,105.0,90-119 DPD
MSGA100866,Agency A,BOR201745,SL100553,2024-11-17 10:00:00,Settlement Offer,You may be eligible for a reduced settlement on your account. Contact us to learn more before this offer expires. Reply STOP to opt out.,,,0,15.0,1-29 DPD
MSGA101868,Agency A,BOR201871,SL100814,2025-07-20 14:00:00,General Notice,Your account requires attention. Please contact our office at your earliest convenience. Reply STOP to stop these messages.,,,0,105.0,90-119 DPD
MSGA100292,Agency A,BOR201029,SL102378,2025-10-17 11:00:00,Settlement Offer,You may be eligible for a reduced settlement on your account. Contact us to learn more before this offer expires. Reply STOP to opt out.,,,0,135.0,120-149 DPD
MSGA101592,Agency A,BOR201598,SL101801,2022-12-27 11:00:00,Payment Reminder,Your loan payment is overdue. Please contact us today to avoid further action. Msg&data rates may apply. Reply STOP to unsubscribe.,,,0,15.0,1-29 DPD
MSGA101849,Agency A,BOR201149,SL101193,2025-10-16 11:00:00,Payment Reminder,Your loan payment is overdue. Please contact us today to avoid further action. Msg&data rates may apply. Reply STOP to unsubscribe.,,,0,105.0,90-119 DPD
MSGA100511,Agency A,BOR202274,SL100344,2022-11-11 16:00:00,Payment Reminder,"Hi, this is a reminder that your student loan payment is past due. Call us or visit your account portal to make a payment. Reply STOP to opt out of text alerts.",,,0,135.0,120-149 DPD
MSGA100430,Agency A,BOR201961,SL102006,2025-10-09 10:00:00,Payment Reminder,Your loan payment is overdue. Please contact us today to avoid further action. Msg&data rates may apply. Reply STOP to unsubscribe.,,,0,15.0,1-29 DPD
MSGA101240,Agency A,BOR200606,SL102149,2022-11-19 14:00:00,Payment Reminder,"Hi, this is a reminder that your student loan payment is past due. Call us or visit your account portal to make a payment. Reply STOP to opt out of text alerts.",,,0,45.0,30-59 DPD
MSGA101639,Agency A,BOR200435,SL102361,2024-09-15 07:00:00,Payment Reminder,Your loan payment is overdue. Please contact us today to avoid further action. Msg&data rates may apply. Reply STOP to unsubscribe.,,,0,15.0,1-29 DPD
MSGA101499,Agency A,BOR200755,SL101813,2022-05-12 05:00:00,General Notice,Your account requires attention. Please contact our office at your earliest convenience. Reply STOP to stop these messages.,,,0,75.0,60-89 DPD
MSGA101048,Agency A,BOR201776,SL101300,2023-01-24 05:00:00,Payment Reminder,Your loan payment is overdue. Please contact us today to avoid further action. Msg&data rates may apply. Reply STOP to unsubscribe.,who is this,2023-01-24 10:39:00,0,135.0,120-149 DPD
MSGA102064,Agency A,BOR201616,SL101134,2022-09-13 12:00:00,Settlement Offer,You may be eligible for a reduced settlement on your account. Contact us to learn more before this offer expires. Reply STOP to opt out.,,,0,45.0,30-59 DPD
MSGA100125,Agency A,BOR200846,SL101448,2026-07-25 11:00:00,General Notice,Your account requires attention. Please contact our office at your earliest convenience. Reply STOP to stop these messages.,,,0,15.0,1-29 DPD
MSGA100582,Agency A,BOR201055,SL100283,2025-11-20 11:00:00,Payment Reminder,Your loan payment is overdue. Please contact us today to avoid further action. Msg&data rates may apply. Reply STOP to unsubscribe.,,,0,15.0,1-29 DPD
MSGA100296,Agency A,BOR201474,SL101700,2021-01-25 09:00:00,Settlement Offer,You may be eligible for a reduced settlement on your account. Contact us to learn more before this offer expires. Reply STOP to opt out.,,,0,15.0,1-29 DPD
MSGA101765,Agency A,BOR201030,SL100326,2024-06-12 06:00:00,Payment Reminder,"Hi, this is a reminder that your student loan payment is past due. Call us or visit your account portal to make a payment. Reply STOP to opt out of text alerts.",,,0,45.0,30-59 DPD
MSGA100559,Agency A,BOR200458,SL102348,2023-12-16 11:00:00,Payment Reminder,"Hi, this is a reminder that your student loan payment is past due. Call us or visit your account portal to make a payment. Reply STOP to opt out of text alerts.",,,0,45.0,30-59 DPD
MSGA101116,Agency A,BOR200013,SL102366,2026-07-27 16:00:00,Payment Reminder,Your loan payment is overdue. Please contact us today to avoid further action. Msg&data rates may apply. Reply STOP to unsubscribe.,,,0,75.0,60-89 DPD
MSGA102075,Agency A,BOR200663,SL101119,2022-11-05 05:00:00,Payment Reminder,Your loan payment is overdue. Please contact us today to avoid further action. Msg&data rates may apply. Reply STOP to unsubscribe.,,,0,75.0,60-89 DPD
MSGA100142,Agency A,BOR201961,SL102006,2023-03-13 08:00:00,Settlement Offer,You may be eligible for a reduced settlement on your account. Contact us to learn more before this offer expires. Reply STOP to opt out.,,,0,15.0,1-29 DPD
MSGA102081,Agency A,BOR202219,SL101562,2023-10-11 15:00:00,Settlement Offer,You may be eligible for a reduced settlement on your account. Contact us to learn more before this offer expires. Reply STOP to opt out.,,,0,45.0,30-59 DPD
MSGA100989,Agency A,BOR202007,SL100711,2022-10-11 10:00:00,Payment Reminder,Your loan payment is overdue. Please contact us today to avoid further action. Msg&data rates may apply. Reply STOP to unsubscribe.,,,0,45.0,30-59 DPD
MSGA101331,Agency A,BOR201430,SL101432,2026-04-27 11:00:00,Payment Reminder,"Hi, this is a reminder that your student loan payment is past due. Call us or visit your account portal to make a payment. Reply STOP to opt out of text alerts.",when does interest stop accruing on this loan,2026-04-27 11:57:00,1,15.0,1-29 DPD
MSGA101782,Agency A,BOR201113,SL100607,2022-02-25 14:00:00,Payment Reminder,Your loan payment is overdue. Please contact us today to avoid further action. Msg&data rates may apply. Reply STOP to unsubscribe.,,,0,15.0,1-29 DPD
MSGA101200,Agency A,BOR202296,SL101566,2023-04-25 09:00:00,Payment Reminder,"Hi, this is a reminder that your student loan payment is past due. Call us or visit your account portal to make a payment. Reply STOP to opt out of text alerts.",,,0,15.0,1-29 DPD
MSGA100304,Agency A,BOR202318,SL100686,2026-07-05 09:00:00,Payment Reminder,"Hi, this is a reminder that your student loan payment is past due. Call us or visit your account portal to make a payment. Reply STOP to opt out of text alerts.",,,0,195.0,180+ DPD
MSGA100391,Agency A,BOR202270,SL100051,2024-05-13 08:00:00,Hardship Program Info,You may qualify for a temporary hardship repayment plan. Call us to discuss your options. Reply STOP to unsubscribe from texts.,nonstop calls today about this smh,2024-05-13 17:56:00,1,45.0,30-59 DPD
MSGA100194,Agency A,BOR202261,SL102451,2022-11-19 11:00:00,Hardship Program Info,You may qualify for a temporary hardship repayment plan. Call us to discuss your options. Reply STOP to unsubscribe from texts.,,,0,15.0,1-29 DPD
MSGA101163,Agency A,BOR200897,SL101433,2022-11-10 06:00:00,Payment Reminder,"Hi, this is a reminder that your student loan payment is past due. Call us or visit your account portal to make a payment. Reply STOP to opt out of text alerts.",who is this,2022-11-10 08:46:00,0,135.0,120-149 DPD
MSGA101464,Agency A,BOR200499,SL102022,2022-01-21 14:00:00,Payment Reminder,Your loan payment is overdue. Please contact us today to avoid further action. Msg&data rates may apply. Reply STOP to unsubscribe.,,,0,15.0,1-29 DPD
MSGA101157,Agency A,BOR200645,SL100504,2024-07-20 13:00:00,Payment Reminder,"Hi, this is a reminder that your student loan payment is past due. Call us or visit your account portal to make a payment. Reply STOP to opt out of text alerts.",,,0,15.0,1-29 DPD
MSGA101753,Agency A,BOR201301,SL101756,2025-09-04 14:00:00,Settlement Offer,You may be eligible for a reduced settlement on your account. Contact us to learn more before this offer expires. Reply STOP to opt out.,,,0,165.0,150-179 DPD
MSGA101604,Agency A,BOR201483,SL101883,2021-12-12 07:00:00,General Notice,Your account requires attention. Please contact our office at your earliest convenience. Reply STOP to stop these messages.,,,0,75.0,60-89 DPD
MSGA101645,Agency A,BOR201133,SL102164,2024-03-15 13:00:00,General Notice,Your account requires attention. Please contact our office at your earliest convenience. Reply STOP to stop these messages.,,,0,45.0,30-59 DPD
MSGA101020,Agency A,BOR201871,SL100814,2021-03-12 16:00:00,Payment Reminder,"Hi, this is a reminder that your student loan payment is past due. Call us or visit your account portal to make a payment. Reply STOP to opt out of text alerts.",,,0,15.0,1-29 DPD
MSGA101875,Agency A,BOR201557,SL101390,2026-01-20 09:00:00,Payment Reminder,Your loan payment is overdue. Please contact us today to avoid further action. Msg&data rates may apply. Reply STOP to unsubscribe.,,,0,75.0,60-89 DPD
MSGA102085,Agency A,BOR202018,SL100214,2024-06-06 10:00:00,General Notice,Your account requires attention. Please contact our office at your earliest convenience. Reply STOP to stop these messages.,,,0,45.0,30-59 DPD
MSGA101972,Agency A,BOR200687,SL101948,2022-06-04 11:00:00,Payment Reminder,"Hi, this is a reminder that your student loan payment is past due. Call us or visit your account portal to make a payment. Reply STOP to opt out of text alerts.",already paid this,2022-06-04 20:20:00,0,75.0,60-89 DPD
MSGA100512,Agency A,BOR200062,SL100411,2022-04-26 12:00:00,General Notice,Your account requires attention. Please contact our office at your earliest convenience. Reply STOP to stop these messages.,,,0,15.0,1-29 DPD
MSGA101698,Agency A,BOR200685,SL100347,2023-04-21 06:00:00,Hardship Program Info,You may qualify for a temporary hardship repayment plan. Call us to discuss your options. Reply STOP to unsubscribe from texts.,,,0,15.0,1-29 DPD
MSGA100215,Agency A,BOR200209,SL100946,2021-07-25 15:00:00,Payment Reminder,Your loan payment is overdue. Please contact us today to avoid further action. Msg&data rates may apply. Reply STOP to unsubscribe.,,,0,45.0,30-59 DPD
MSGA101964,Agency A,BOR201128,SL101423,2024-04-09 07:00:00,Payment Reminder,Your loan payment is overdue. Please contact us today to avoid further action. Msg&data rates may apply. Reply STOP to unsubscribe.,,,0,15.0,1-29 DPD
MSGA101074,Agency A,BOR201721,SL101881,2021-04-21 16:00:00,Settlement Offer,You may be eligible for a reduced settlement on your account. Contact us to learn more before this offer expires. Reply STOP to opt out.,,,0,15.0,1-29 DPD
MSGA101519,Agency A,BOR201980,SL101906,2024-11-17 12:00:00,Payment Reminder,"Hi, this is a reminder that your student loan payment is past due. Call us or visit your account portal to make a payment. Reply STOP to opt out of text alerts.",can you call me instead,2024-11-17 20:19:00,0,135.0,120-149 DPD
MSGA102008,Agency A,BOR201185,SL102443,2022-11-19 12:00:00,General Notice,Your account requires attention. Please contact our office at your earliest convenience. Reply STOP to stop these messages.,,,0,45.0,30-59 DPD
MSGA101677,Agency A,BOR200615,SL100433,2025-06-09 12:00:00,Payment Reminder,Your loan payment is overdue. Please contact us today to avoid further action. Msg&data rates may apply. Reply STOP to unsubscribe.,,,0,45.0,30-59 DPD
MSGA100387,Agency A,BOR200702,SL100368,2026-06-18 11:00:00,General Notice,Your account requires attention. Please contact our office at your earliest convenience. Reply STOP to stop these messages.,,,0,15.0,1-29 DPD
MSGA100554,Agency A,BOR201143,SL100940,2024-12-16 07:00:00,General Notice,Your account requires attention. Please contact our office at your earliest convenience. Reply STOP to stop these messages.,,,0,45.0,30-59 DPD
MSGA100276,Agency A,BOR201675,SL101626,2024-07-16 14:00:00,Payment Reminder,Your loan payment is overdue. Please contact us today to avoid further action. Msg&data rates may apply. Reply STOP to unsubscribe.,,,0,135.0,120-149 DPD
MSGA101206,Agency A,BOR201895,SL101329,2025-11-21 05:00:00,General Notice,Your account requires attention. Please contact our office at your earliest convenience. Reply STOP to stop these messages.,,,0,15.0,1-29 DPD
MSGA100339,Agency A,BOR200041,SL101827,2024-05-11 05:00:00,Payment Reminder,Your loan payment is overdue. Please contact us today to avoid further action. Msg&data rates may apply. Reply STOP to unsubscribe.,,,0,45.0,30-59 DPD
MSGA101525,Agency A,BOR200664,SL101310,2024-03-04 16:00:00,Payment Reminder,Your loan payment is overdue. Please contact us today to avoid further action. Msg&data rates may apply. Reply STOP to unsubscribe.,,,0,105.0,90-119 DPD
MSGA100367,Agency A,BOR200484,SL100534,2023-05-06 12:00:00,Payment Reminder,"Hi, this is a reminder that your student loan payment is past due. Call us or visit your account portal to make a payment. Reply STOP to opt out of text alerts.",,,0,165.0,150-179 DPD
MSGA101192,Agency A,BOR201404,SL102173,2026-06-17 10:00:00,General Notice,Your account requires attention. Please contact our office at your earliest convenience. Reply STOP to stop these messages.,,,0,45.0,30-59 DPD
MSGA101809,Agency A,BOR202055,SL100743,2026-01-10 05:00:00,Hardship Program Info,You may qualify for a temporary hardship repayment plan. Call us to discuss your options. Reply STOP to unsubscribe from texts.,,,0,45.0,30-59 DPD
MSGA100489,Agency A,BOR200053,SL101027,2021-10-20 14:00:00,Payment Reminder,Your loan payment is overdue. Please contact us today to avoid further action. Msg&data rates may apply. Reply STOP to unsubscribe.,Stop,2021-10-20 14:49:00,1,105.0,90-119 DPD
MSGA100241,Agency A,BOR200314,SL100483,2023-08-14 09:00:00,General Notice,Your account requires attention. Please contact our office at your earliest convenience. Reply STOP to stop these messages.,,,0,15.0,1-29 DPD
MSGA101778,Agency A,BOR201634,SL102324,2021-12-28 15:00:00,Hardship Program Info,You may qualify for a temporary hardship repayment plan. Call us to discuss your options. Reply STOP to unsubscribe from texts.,,,0,15.0,1-29 DPD
MSGA101497,Agency A,BOR201776,SL101300,2023-08-15 14:00:00,Payment Reminder,Your loan payment is overdue. Please contact us today to avoid further action. Msg&data rates may apply. Reply STOP to unsubscribe.,,,0,165.0,150-179 DPD
MSGA101299,Agency A,BOR202102,SL100961,2025-06-03 07:00:00,Settlement Offer,You may be eligible for a reduced settlement on your account. Contact us to learn more before this offer expires. Reply STOP to opt out.,,,0,75.0,60-89 DPD
MSGA100016,Agency A,BOR200260,SL102383,2025-02-17 06:00:00,Payment Reminder,Your loan payment is overdue. Please contact us today to avoid further action. Msg&data rates may apply. Reply STOP to unsubscribe.,,,0,15.0,1-29 DPD
MSGA101554,Agency A,BOR201935,SL100253,2023-06-16 12:00:00,Payment Reminder,"Hi, this is a reminder that your student loan payment is past due. Call us or visit your account portal to make a payment. Reply STOP to opt out of text alerts.",,,0,75.0,60-89 DPD
MSGA101903,Agency A,BOR201855,SL100422,2024-03-19 06:00:00,General Notice,Your account requires attention. Please contact our office at your earliest convenience. Reply STOP to stop these messages.,,,0,15.0,1-29 DPD
MSGA101824,Agency A,BOR200471,SL101249,2022-05-09 10:00:00,Payment Reminder,Your loan payment is overdue. Please contact us today to avoid further action. Msg&data rates may apply. Reply STOP to unsubscribe.,,,0,15.0,1-29 DPD
MSGA101560,Agency A,BOR200346,SL100762,2023-09-19 09:00:00,Settlement Offer,You may be eligible for a reduced settlement on your account. Contact us to learn more before this offer expires. Reply STOP to opt out.,,,0,15.0,1-29 DPD
MSGA100972,Agency A,BOR200415,SL100022,2023-02-03 16:00:00,General Notice,Your account requires attention. Please contact our office at your earliest convenience. Reply STOP to stop these messages.,,,0,15.0,1-29 DPD
MSGA101383,Agency A,BOR201598,SL101801,2025-07-16 13:00:00,Payment Reminder,"Hi, this is a reminder that your student loan payment is past due. Call us or visit your account portal to make a payment. Reply STOP to opt out of text alerts.",,,0,15.0,1-29 DPD
MSGA100071,Agency A,BOR200894,SL100100,2023-09-24 10:00:00,Payment Reminder,Your loan payment is overdue. Please contact us today to avoid further action. Msg&data rates may apply. Reply STOP to unsubscribe.,,,0,75.0,60-89 DPD
MSGA101024,Agency A,BOR200640,SL101064,2023-11-05 12:00:00,Hardship Program Info,You may qualify for a temporary hardship repayment plan. Call us to discuss your options. Reply STOP to unsubscribe from texts.,,,0,15.0,1-29 DPD
MSGA100029,Agency A,BOR200456,SL102499,2025-01-27 13:00:00,General Notice,Your account requires attention. Please contact our office at your earliest convenience. Reply STOP to stop these messages.,,,0,15.0,1-29 DPD
MSGA101314,Agency A,BOR201776,SL101300,2024-11-04 12:00:00,General Notice,Your account requires attention. Please contact our office at your earliest convenience. Reply STOP to stop these messages.,I already stopped autopay is that why im getting these,2024-11-04 16:12:00,1,105.0,90-119 DPD
MSGA101437,Agency A,BOR201272,SL101826,2024-01-05 10:00:00,Payment Reminder,Your loan payment is overdue. Please contact us today to avoid further action. Msg&data rates may apply. Reply STOP to unsubscribe.,,,0,15.0,1-29 DPD
MSGA100956,Agency A,BOR200687,SL101948,2022-03-12 16:00:00,Payment Reminder,Your loan payment is overdue. Please contact us today to avoid further action. Msg&data rates may apply. Reply STOP to unsubscribe.,,,0,75.0,60-89 DPD
MSGA101283,Agency A,BOR200620,SL100239,2025-02-24 11:00:00,Payment Reminder,Your loan payment is overdue. Please contact us today to avoid further action. Msg&data rates may apply. Reply STOP to unsubscribe.,,,0,45.0,30-59 DPD
MSGA100383,AGENCY_A,BOR201717,SL102215,2023-09-23 09:00:00,Settlement Offer,You may be eligible for a reduced settlement on your account. Contact us to learn more before this offer expires. Reply STOP to opt out.,,,0,75.0,60-89 DPD
MSGA101630,Agency A,BOR202001,SL102350,2024-02-09 13:00:00,Settlement Offer,You may be eligible for a reduced settlement on your account. Contact us to learn more before this offer expires. Reply STOP to opt out.,,,0,15.0,1-29 DPD
MSGA101326,Agency A,BOR200399,SL100568,2025-09-19 16:00:00,Payment Reminder,Your loan payment is overdue. Please contact us today to avoid further action. Msg&data rates may apply. Reply STOP to unsubscribe.,,,0,45.0,30-59 DPD
MSGA100443,Agency A,BOR201276,SL102325,2025-11-16 10:00:00,General Notice,Your account requires attention. Please contact our office at your earliest convenience. Reply STOP to stop these messages.,unsubscribe STOP,2025-11-16 19:19:00,1,165.0,150-179 DPD
MSGA101727,AGENCY_A,BOR200846,SL101448,2026-08-18 08:00:00,General Notice,Your account requires attention. Please contact our office at your earliest convenience. Reply STOP to stop these messages.,,,0,45.0,30-59 DPD
MSGA100139,Agency A,BOR201744,SL100785,2023-06-09 15:00:00,Settlement Offer,You may be eligible for a reduced settlement on your account. Contact us to learn more before this offer expires. Reply STOP to opt out.,,,0,135.0,120-149 DPD
MSGA100389,Agency A,BOR200671,SL101192,2025-02-21 15:00:00,Payment Reminder,Your loan payment is overdue. Please contact us today to avoid further action. Msg&data rates may apply. Reply STOP to unsubscribe.,,,0,45.0,30-59 DPD
MSGA101797,Agency A,BOR200820,SL101605,2025-04-22 11:00:00,Settlement Offer,You may be eligible for a reduced settlement on your account. Contact us to learn more before this offer expires. Reply STOP to opt out.,already paid this,2025-04-22 19:51:00,0,15.0,1-29 DPD
MSGA100265,Agency A,BOR202129,SL100645,2022-11-07 07:00:00,Payment Reminder,"Hi, this is a reminder that your student loan payment is past due. Call us or visit your account portal to make a payment. Reply STOP to opt out of text alerts.",who is this,2022-11-07 07:04:00,0,15.0,1-29 DPD
MSGA100812,Agency A,BOR201184,SL100804,2023-01-05 16:00:00,General Notice,Your account requires attention. Please contact our office at your earliest convenience. Reply STOP to stop these messages.,,,0,45.0,30-59 DPD
MSGA101664,Agency A,BOR201143,SL100940,2025-04-18 05:00:00,Payment Reminder,"Hi, this is a reminder that your student loan payment is past due. Call us or visit your account portal to make a payment. Reply STOP to opt out of text alerts.",,,0,75.0,60-89 DPD
MSGA101852,Agency A,BOR201675,SL101626,2025-03-15 08:00:00,Payment Reminder,"Hi, this is a reminder that your student loan payment is past due. Call us or visit your account portal to make a payment. Reply STOP to opt out of text alerts.",,,0,195.0,180+ DPD
MSGA100995,Agency A,BOR200315,SL101413,2025-03-17 08:00:00,General Notice,Your account requires attention. Please contact our office at your earliest convenience. Reply STOP to stop these messages.,,,0,135.0,120-149 DPD
MSGA101179,Agency A,BOR200266,SL101129,2023-09-26 14:00:00,Settlement Offer,You may be eligible for a reduced settlement on your account. Contact us to learn more before this offer expires. Reply STOP to opt out.,,,0,165.0,150-179 DPD
MSGA101080,Agency A,BOR200263,SL100275,2021-11-09 05:00:00,Hardship Program Info,You may qualify for a temporary hardship repayment plan. Call us to discuss your options. Reply STOP to unsubscribe from texts.,stop,2021-11-09 13:54:00,1,45.0,30-59 DPD
MSGA101625,Agency A,BOR202102,SL100961,2024-02-04 06:00:00,Payment Reminder,"Hi, this is a reminder that your student loan payment is past due. Call us or visit your account portal to make a payment. Reply STOP to opt out of text alerts.",,,0,15.0,1-29 DPD
MSGA101091,Agency A,BOR202001,SL102350,2023-06-23 15:00:00,Hardship Program Info,You may qualify for a temporary hardship repayment plan. Call us to discuss your options. Reply STOP to unsubscribe from texts.,,,0,15.0,1-29 DPD
MSGA101170,Agency A,BOR201713,SL101422,2022-11-11 16:00:00,Payment Reminder,Your loan payment is overdue. Please contact us today to avoid further action. Msg&data rates may apply. Reply STOP to unsubscribe.,,,0,15.0,1-29 DPD
MSGA101836,Agency A,BOR202055,SL100743,2025-03-27 07:00:00,Payment Reminder,"Hi, this is a reminder that your student loan payment is past due. Call us or visit your account portal to make a payment. Reply STOP to opt out of text alerts.",,,0,15.0,1-29 DPD
MSGA102003,Agency A,BOR201537,SL102016,2023-03-20 08:00:00,Payment Reminder,"Hi, this is a reminder that your student loan payment is past due. Call us or visit your account portal to make a payment. Reply STOP to opt out of text alerts.",already paid this,2023-03-20 12:09:00,0,15.0,1-29 DPD
MSGA100135,Agency A,BOR200733,SL101121,2024-05-26 11:00:00,Payment Reminder,Your loan payment is overdue. Please contact us today to avoid further action. Msg&data rates may apply. Reply STOP to unsubscribe.,"stop it's already paid, why do I keep getting texts",2024-05-26 16:27:00,1,15.0,1-29 DPD
MSGA101680,Agency A,BOR201070,SL101584,2025-08-25 08:00:00,Payment Reminder,"Hi, this is a reminder that your student loan payment is past due. Call us or visit your account portal to make a payment. Reply STOP to opt out of text alerts.",,,0,45.0,30-59 DPD
MSGA101036,Agency A,BOR201768,SL100656,2026-07-27 13:00:00,Settlement Offer,You may be eligible for a reduced settlement on your account. Contact us to learn more before this offer expires. Reply STOP to opt out.,,,0,15.0,1-29 DPD
MSGA100541,Agency A,BOR200516,SL101847,2024-12-20 11:00:00,Payment Reminder,"Hi, this is a reminder that your student loan payment is past due. Call us or visit your account portal to make a payment. Reply STOP to opt out of text alerts.",,,0,15.0,1-29 DPD
MSGA100692,Agency A,BOR201086,SL102246,2023-05-05 12:00:00,General Notice,Your account requires attention. Please contact our office at your earliest convenience. Reply STOP to stop these messages.,,,0,15.0,1-29 DPD
MSGA100875,Agency A,BOR200315,SL101413,2026-02-21 05:00:00,Payment Reminder,Your loan payment is overdue. Please contact us today to avoid further action. Msg&data rates may apply. Reply STOP to unsubscribe.,,,0,105.0,90-119 DPD
MSGA101793,Agency A,BOR201743,SL100975,2026-04-08 11:00:00,Payment Reminder,"Hi, this is a reminder that your student loan payment is past due. Call us or visit your account portal to make a payment. Reply STOP to opt out of text alerts.",,,0,105.0,90-119 DPD
MSGA100903,Agency A,BOR200498,SL101681,2022-05-14 05:00:00,Payment Reminder,"Hi, this is a reminder that your student loan payment is past due. Call us or visit your account portal to make a payment. Reply STOP to opt out of text alerts.",,,0,105.0,90-119 DPD
MSGA100615,Agency A,BOR201043,SL102088,2021-08-08 12:00:00,Payment Reminder,Your loan payment is overdue. Please contact us today to avoid further action. Msg&data rates may apply. Reply STOP to unsubscribe.,,,0,75.0,60-89 DPD
MSGA100587,Agency A,BOR201807,SL101075,2023-07-06 08:00:00,General Notice,Your account requires attention. Please contact our office at your earliest convenience. Reply STOP to stop these messages.,,,0,15.0,1-29 DPD
MSGA101295,Agency A,BOR200764,SL101002,2024-02-05 11:00:00,Payment Reminder,"Hi, this is a reminder that your student loan payment is past due. Call us or visit your account portal to make a payment. Reply STOP to opt out of text alerts.",,,0,45.0,30-59 DPD
MSGA100435,Agency A,BOR200266,SL101129,2023-04-22 16:00:00,Hardship Program Info,You may qualify for a temporary hardship repayment plan. Call us to discuss your options. Reply STOP to unsubscribe from texts.,,,0,45.0,30-59 DPD
MSGA100174,Agency A,BOR200687,SL101948,2023-02-11 05:00:00,General Notice,Your account requires attention. Please contact our office at your earliest convenience. Reply STOP to stop these messages.,,,0,165.0,150-179 DPD
MSGA100965,Agency A,BOR200620,SL100239,2025-01-11 10:00:00,Payment Reminder,"Hi, this is a reminder that your student loan payment is past due. Call us or visit your account portal to make a payment. Reply STOP to opt out of text alerts.",,,0,15.0,1-29 DPD
MSGA100758,Agency A,BOR200112,SL100132,2023-06-13 16:00:00,General Notice,Your account requires attention. Please contact our office at your earliest convenience. Reply STOP to stop these messages.,,,0,15.0,1-29 DPD
MSGA101998,Agency A,BOR201557,SL101390,2026-02-22 06:00:00,Payment Reminder,"Hi, this is a reminder that your student loan payment is past due. Call us or visit your account portal to make a payment. Reply STOP to opt out of text alerts.",,,0,75.0,60-89 DPD
MSGA101510,Agency A,BOR200443,SL101650,2025-03-05 10:00:00,Payment Reminder,"Hi, this is a reminder that your student loan payment is past due. Call us or visit your account portal to make a payment. Reply STOP to opt out of text alerts.",,,0,105.0,90-119 DPD
MSGA100828,Agency A,BOR201634,SL102324,2026-02-14 09:00:00,General Notice,Your account requires attention. Please contact our office at your earliest convenience. Reply STOP to stop these messages.,,,0,105.0,90-119 DPD
MSGA101938,Agency A,BOR202310,SL100478,2025-07-07 16:00:00,Hardship Program Info,You may qualify for a temporary hardship repayment plan. Call us to discuss your options. Reply STOP to unsubscribe from texts.,,,0,15.0,1-29 DPD
MSGA100150,Agency A,BOR200461,SL100784,2023-07-06 14:00:00,Settlement Offer,You may be eligible for a reduced settlement on your account. Contact us to learn more before this offer expires. Reply STOP to opt out.,,,0,15.0,1-29 DPD
MSGA101546,Agency A,BOR200393,SL100800,2025-06-16 16:00:00,General Notice,Your account requires attention. Please contact our office at your earliest convenience. Reply STOP to stop these messages.,,,0,105.0,90-119 DPD
MSGA101045,Agency A,BOR201776,SL101300,2021-11-26 06:00:00,Hardship Program Info,You may qualify for a temporary hardship repayment plan. Call us to discuss your options. Reply STOP to unsubscribe from texts.,,,0,15.0,1-29 DPD
MSGA101894,Agency A,BOR201744,SL100785,2023-04-24 10:00:00,Payment Reminder,Your loan payment is overdue. Please contact us today to avoid further action. Msg&data rates may apply. Reply STOP to unsubscribe.,,,0,135.0,120-149 DPD
MSGA101405,Agency A,BOR200437,SL100083,2025-05-05 12:00:00,General Notice,Your account requires attention. Please contact our office at your earliest convenience. Reply STOP to stop these messages.,how much do I owe,2025-05-05 21:50:00,0,15.0,1-29 DPD
MSGA101520,Agency A,BOR201462,SL100864,2023-08-23 14:00:00,General Notice,Your account requires attention. Please contact our office at your earliest convenience. Reply STOP to stop these messages.,,,0,15.0,1-29 DPD
MSGA101308,Agency A,BOR200685,SL100347,2023-06-16 06:00:00,Payment Reminder,Your loan payment is overdue. Please contact us today to avoid further action. Msg&data rates may apply. Reply STOP to unsubscribe.,he stopped answering his phone so im calling on his behalf,2023-06-16 09:01:00,1,75.0,60-89 DPD
MSGA100946,Agency A,BOR202236,SL100953,2021-07-14 12:00:00,Payment Reminder,Your loan payment is overdue. Please contact us today to avoid further action. Msg&data rates may apply. Reply STOP to unsubscribe.,,,0,15.0,1-29 DPD
MSGA100358,Agency A,BOR202235,SL100886,2022-09-25 08:00:00,Payment Reminder,"Hi, this is a reminder that your student loan payment is past due. Call us or visit your account portal to make a payment. Reply STOP to opt out of text alerts.",,,0,15.0,1-29 DPD
MSGA100223,Agency A,BOR200755,SL101813,2022-09-03 09:00:00,Payment Reminder,"Hi, this is a reminder that your student loan payment is past due. Call us or visit your account portal to make a payment. Reply STOP to opt out of text alerts.",,,0,105.0,90-119 DPD
MSGA100291,Agency A,BOR201461,SL101952,2022-07-23 09:00:00,Settlement Offer,You may be eligible for a reduced settlement on your account. Contact us to learn more before this offer expires. Reply STOP to opt out.,,,0,45.0,30-59 DPD
MSGA100544,Agency A,BOR201887,SL100637,2025-11-04 05:00:00,Settlement Offer,You may be eligible for a reduced settlement on your account. Contact us to learn more before this offer expires. Reply STOP to opt out.,,,0,45.0,30-59 DPD
MSGA100377,Agency A,BOR200692,SL100479,2025-06-16 12:00:00,Payment Reminder,Your loan payment is overdue. Please contact us today to avoid further action. Msg&data rates may apply. Reply STOP to unsubscribe.,,,0,75.0,60-89 DPD
MSGA100473,Agency A,BOR200428,SL100660,2025-05-12 10:00:00,Payment Reminder,Your loan payment is overdue. Please contact us today to avoid further action. Msg&data rates may apply. Reply STOP to unsubscribe.,he stopped answering his phone so im calling on his behalf,2025-05-12 18:05:00,1,15.0,1-29 DPD
MSGA101839,Agency A,BOR201305,SL101963,2024-05-06 09:00:00,General Notice,Your account requires attention. Please contact our office at your earliest convenience. Reply STOP to stop these messages.,,,0,15.0,1-29 DPD
MSGA100728,Agency A,BOR201832,SL101174,2025-03-20 11:00:00,General Notice,Your account requires attention. Please contact our office at your earliest convenience. Reply STOP to stop these messages.,wrong number,2025-03-20 19:20:00,0,15.0,1-29 DPD
MSGA100312,Agency A,BOR200589,SL101434,2025-08-22 12:00:00,Payment Reminder,"Hi, this is a reminder that your student loan payment is past due. Call us or visit your account portal to make a payment. Reply STOP to opt out of text alerts.",when does interest stop accruing on this loan,2025-08-22 18:17:00,1,75.0,60-89 DPD
MSGA100572,Agency A,BOR201088,SL100659,2022-05-16 09:00:00,General Notice,Your account requires attention. Please contact our office at your earliest convenience. Reply STOP to stop these messages.,,,0,15.0,1-29 DPD
MSGA100668,Agency A,BOR201843,SL100618,2023-12-06 09:00:00,Payment Reminder,Your loan payment is overdue. Please contact us today to avoid further action. Msg&data rates may apply. Reply STOP to unsubscribe.,,,0,15.0,1-29 DPD
MSGA100597,Agency A,BOR201618,SL100264,2024-10-16 14:00:00,Payment Reminder,Your loan payment is overdue. Please contact us today to avoid further action. Msg&data rates may apply. Reply STOP to unsubscribe.,,,0,45.0,30-59 DPD
MSGA101447,Agency A,BOR202007,SL100711,2024-02-12 10:00:00,Payment Reminder,Your loan payment is overdue. Please contact us today to avoid further action. Msg&data rates may apply. Reply STOP to unsubscribe.,,,0,45.0,30-59 DPD
MSGA100941,Agency A,BOR202292,SL101545,2026-02-25 14:00:00,Payment Reminder,Your loan payment is overdue. Please contact us today to avoid further action. Msg&data rates may apply. Reply STOP to unsubscribe.,,,0,135.0,120-149 DPD
MSGA101194,Agency A,BOR200316,SL101343,2026-05-25 13:00:00,General Notice,Your account requires attention. Please contact our office at your earliest convenience. Reply STOP to stop these messages.,,,0,105.0,90-119 DPD
MSGA100149,Agency A,BOR201501,SL101272,2022-01-16 12:00:00,Payment Reminder,"Hi, this is a reminder that your student loan payment is past due. Call us or visit your account portal to make a payment. Reply STOP to opt out of text alerts.",,,0,15.0,1-29 DPD
MSGA101942,Agency A,BOR201116,SL101001,2026-07-25 07:00:00,General Notice,Your account requires attention. Please contact our office at your earliest convenience. Reply STOP to stop these messages.,,,0,45.0,30-59 DPD
MSGA101992,Agency A,BOR200304,SL101383,2022-08-21 14:00:00,Payment Reminder,"Hi, this is a reminder that your student loan payment is past due. Call us or visit your account portal to make a payment. Reply STOP to opt out of text alerts.",,,0,105.0,90-119 DPD
MSGA100426,Agency A,BOR200435,SL102361,2025-01-28 14:00:00,General Notice,Your account requires attention. Please contact our office at your earliest convenience. Reply STOP to stop these messages.,,,0,45.0,30-59 DPD
MSGA101874,Agency A,BOR200568,SL100391,2023-05-28 09:00:00,Payment Reminder,"Hi, this is a reminder that your student loan payment is past due. Call us or visit your account portal to make a payment. Reply STOP to opt out of text alerts.",,,0,45.0,30-59 DPD
MSGA101359,Agency A,BOR201311,SL101511,2026-03-15 08:00:00,Hardship Program Info,You may qualify for a temporary hardship repayment plan. Call us to discuss your options. Reply STOP to unsubscribe from texts.,,,0,45.0,30-59 DPD
MSGA101029,Agency A,BOR201497,SL101737,2025-11-12 15:00:00,Hardship Program Info,You may qualify for a temporary hardship repayment plan. Call us to discuss your options. Reply STOP to unsubscribe from texts.,,,0,45.0,30-59 DPD
MSGA101288,Agency A,BOR200395,SL100750,2021-12-19 15:00:00,Payment Reminder,"Hi, this is a reminder that your student loan payment is past due. Call us or visit your account portal to make a payment. Reply STOP to opt out of text alerts.",,,0,75.0,60-89 DPD
MSGA100660,Agency A,BOR201915,SL101798,2023-11-20 07:00:00,Payment Reminder,Your loan payment is overdue. Please contact us today to avoid further action. Msg&data rates may apply. Reply STOP to unsubscribe.,,,0,75.0,60-89 DPD
MSGA102076,Agency A,BOR200479,SL100206,2024-08-14 07:00:00,Payment Reminder,Your loan payment is overdue. Please contact us today to avoid further action. Msg&data rates may apply. Reply STOP to unsubscribe.,,,0,45.0,30-59 DPD
MSGA100661,Agency A,BOR200632,SL101240,2021-10-04 07:00:00,General Notice,Your account requires attention. Please contact our office at your earliest convenience. Reply STOP to stop these messages.,,,0,15.0,1-29 DPD
MSGA100550,Agency A,BOR201087,SL102208,2023-03-22 15:00:00,Settlement Offer,You may be eligible for a reduced settlement on your account. Contact us to learn more before this offer expires. Reply STOP to opt out.,,,0,75.0,60-89 DPD
MSGA101104,Agency A,BOR201985,SL101059,2024-12-13 15:00:00,General Notice,Your account requires attention. Please contact our office at your earliest convenience. Reply STOP to stop these messages.,,,0,105.0,90-119 DPD
MSGA100937,Agency A,BOR201666,SL101544,2026-01-06 07:00:00,General Notice,Your account requires attention. Please contact our office at your earliest convenience. Reply STOP to stop these messages.,,,0,45.0,30-59 DPD
MSGA101955,Agency A,BOR201697,SL101755,2023-04-23 09:00:00,Settlement Offer,You may be eligible for a reduced settlement on your account. Contact us to learn more before this offer expires. Reply STOP to opt out.,,,0,45.0,30-59 DPD
MSGA101749,Agency A,BOR202055,SL100743,2026-08-11 13:00:00,Payment Reminder,"Hi, this is a reminder that your student loan payment is past due. Call us or visit your account portal to make a payment. Reply STOP to opt out of text alerts.",how much do I owe,2026-08-11 22:30:00,0,105.0,90-119 DPD
MSGA100750,Agency A,BOR201862,SL100412,2023-09-27 10:00:00,Payment Reminder,Your loan payment is overdue. Please contact us today to avoid further action. Msg&data rates may apply. Reply STOP to unsubscribe.,,,0,45.0,30-59 DPD
MSGA101920,Agency A,BOR200729,SL100318,2026-04-10 09:00:00,General Notice,Your account requires attention. Please contact our office at your earliest convenience. Reply STOP to stop these messages.,,,0,15.0,1-29 DPD
MSGA100152,Agency A,BOR200304,SL101383,2023-06-08 07:00:00,Hardship Program Info,You may qualify for a temporary hardship repayment plan. Call us to discuss your options. Reply STOP to unsubscribe from texts.,,,0,45.0,30-59 DPD
MSGA100501,Agency A,BOR202116,SL100047,2026-07-23 11:00:00,Payment Reminder,Your loan payment is overdue. Please contact us today to avoid further action. Msg&data rates may apply. Reply STOP to unsubscribe.,,,0,75.0,60-89 DPD
MSGA100219,Agency A,BOR201881,SL102456,2025-06-19 14:00:00,Hardship Program Info,You may qualify for a temporary hardship repayment plan. Call us to discuss your options. Reply STOP to unsubscribe from texts.,,,0,15.0,1-29 DPD
MSGA101482,Agency A,BOR201184,SL100804,2022-07-18 08:00:00,General Notice,,,,0,15.0,1-29 DPD
MSGA100879,Agency A,BOR200354,SL100251,2025-11-14 13:00:00,General Notice,Your account requires attention. Please contact our office at your earliest convenience. Reply STOP to stop these messages.,,,0,15.0,1-29 DPD
MSGA100155,Agency A,BOR200429,SL100998,2025-04-18 07:00:00,Settlement Offer,You may be eligible for a reduced settlement on your account. Contact us to learn more before this offer expires. Reply STOP to opt out.,,,0,195.0,180+ DPD
MSGA101443,Agency A,BOR201960,SL101806,2025-08-27 13:00:00,Payment Reminder,"Hi, this is a reminder that your student loan payment is past due. Call us or visit your account portal to make a payment. Reply STOP to opt out of text alerts.",,,0,15.0,1-29 DPD
MSGA102062,Agency A,BOR200253,SL101204,2025-02-08 15:00:00,General Notice,Your account requires attention. Please contact our office at your earliest convenience. Reply STOP to stop these messages.,,,0,15.0,1-29 DPD
MSGA100894,Agency A,BOR200288,SL101214,2023-12-18 06:00:00,Payment Reminder,Your loan payment is overdue. Please contact us today to avoid further action. Msg&data rates may apply. Reply STOP to unsubscribe.,,,0,135.0,120-149 DPD
MSGA101195,Agency A,BOR200314,SL100483,2023-01-22 13:00:00,Payment Reminder,Your loan payment is overdue. Please contact us today to avoid further action. Msg&data rates may apply. Reply STOP to unsubscribe.,,,0,45.0,30-59 DPD
MSGA100986,Agency A,BOR200525,SL102335,2024-08-13 09:00:00,Hardship Program Info,You may qualify for a temporary hardship repayment plan. Call us to discuss your options. Reply STOP to unsubscribe from texts.,wrong number,2024-08-13 12:34:00,0,45.0,30-59 DPD
MSGA100371,Agency A,BOR201028,SL102168,2022-09-17 09:00:00,Payment Reminder,"Hi, this is a reminder that your student loan payment is past due. Call us or visit your account portal to make a payment. Reply STOP to opt out of text alerts.",,,0,45.0,30-59 DPD
MSGA101848,Agency A,BOR201491,SL102083,2023-09-23 05:00:00,Payment Reminder,"Hi, this is a reminder that your student loan payment is past due. Call us or visit your account portal to make a payment. Reply STOP to opt out of text alerts.",,,0,135.0,120-149 DPD
MSGA100994,Agency A,BOR200525,SL102335,2024-07-25 10:00:00,Settlement Offer,You may be eligible for a reduced settlement on your account. Contact us to learn more before this offer expires. Reply STOP to opt out.,,,0,45.0,30-59 DPD
MSGA100838,Agency A,BOR201354,SL101770,2025-05-19 12:00:00,General Notice,Your account requires attention. Please contact our office at your earliest convenience. Reply STOP to stop these messages.,he stopped answering his phone so im calling on his behalf,2025-05-19 14:31:00,1,15.0,1-29 DPD
MSGA101318,Agency A,BOR201057,SL100226,2023-01-24 13:00:00,Settlement Offer,You may be eligible for a reduced settlement on your account. Contact us to learn more before this offer expires. Reply STOP to opt out.,k,2023-01-24 13:04:00,0,45.0,30-59 DPD
MSGA100444,Agency A,BOR201566,SL101084,2021-02-07 06:00:00,Payment Reminder,Your loan payment is overdue. Please contact us today to avoid further action. Msg&data rates may apply. Reply STOP to unsubscribe.,,,0,15.0,1-29 DPD
MSGA101515,Agency A,BOR201065,SL100005,2025-08-15 16:00:00,Payment Reminder,"Hi, this is a reminder that your student loan payment is past due. Call us or visit your account portal to make a payment. Reply STOP to opt out of text alerts.",,,0,15.0,1-29 DPD
MSGA101856,Agency A,BOR201495,SL101387,2026-05-10 07:00:00,General Notice,Your account requires attention. Please contact our office at your earliest convenience. Reply STOP to stop these messages.,,,0,75.0,60-89 DPD
MSGA101755,Agency A,BOR200287,SL100424,2024-07-08 10:00:00,General Notice,Your account requires attention. Please contact our office at your earliest convenience. Reply STOP to stop these messages.,,,0,15.0,1-29 DPD
MSGA101259,Agency A,BOR200544,SL101529,2024-03-17 07:00:00,Payment Reminder,"Hi, this is a reminder that your student loan payment is past due. Call us or visit your account portal to make a payment. Reply STOP to opt out of text alerts.",,,0,165.0,150-179 DPD
MSGA101459,Agency A,BOR200435,SL100790,2026-02-23 06:00:00,Hardship Program Info,You may qualify for a temporary hardship repayment plan. Call us to discuss your options. Reply STOP to unsubscribe from texts.,my payment stopped going through last month can you check,2026-02-23 10:34:00,1,75.0,60-89 DPD
MSGA100132,Agency A,BOR201190,SL102396,2025-05-17 09:00:00,Settlement Offer,You may be eligible for a reduced settlement on your account. Contact us to learn more before this offer expires. Reply STOP to opt out.,,,0,45.0,30-59 DPD
MSGA101840,Agency A,BOR200363,SL100399,2025-11-05 11:00:00,Payment Reminder,Your loan payment is overdue. Please contact us today to avoid further action. Msg&data rates may apply. Reply STOP to unsubscribe.,,,0,75.0,60-89 DPD
MSGA101619,Agency A,BOR202007,SL100711,2024-08-21 09:00:00,Hardship Program Info,You may qualify for a temporary hardship repayment plan. Call us to discuss your options. Reply STOP to unsubscribe from texts.,,,0,165.0,150-179 DPD
MSGA100462,Agency A,BOR201971,SL102254,2026-08-17 05:00:00,Payment Reminder,"Hi, this is a reminder that your student loan payment is past due. Call us or visit your account portal to make a payment. Reply STOP to opt out of text alerts.",when does interest stop accruing on this loan,2026-08-17 07:44:00,1,45.0,30-59 DPD
MSGA100094,Agency A,BOR201076,SL102399,2025-07-26 16:00:00,Hardship Program Info,You may qualify for a temporary hardship repayment plan. Call us to discuss your options. Reply STOP to unsubscribe from texts.,,,0,15.0,1-29 DPD
MSGA101816,Agency A,BOR201113,SL100607,2021-05-07 15:00:00,General Notice,Your account requires attention. Please contact our office at your earliest convenience. Reply STOP to stop these messages.,,,0,15.0,1-29 DPD
MSGA101337,Agency A,BOR202038,SL100512,2023-12-14 08:00:00,General Notice,Your account requires attention. Please contact our office at your earliest convenience. Reply STOP to stop these messages.,,,0,75.0,60-89 DPD
MSGA101002,Agency A,BOR201851,SL101484,2024-08-14 08:00:00,Payment Reminder,Your loan payment is overdue. Please contact us today to avoid further action. Msg&data rates may apply. Reply STOP to unsubscribe.,,,0,15.0,1-29 DPD
MSGA100474,Agency A,BOR201450,SL101632,2023-12-22 13:00:00,Payment Reminder,Your loan payment is overdue. Please contact us today to avoid further action. Msg&data rates may apply. Reply STOP to unsubscribe.,,,0,15.0,1-29 DPD
MSGA101857,Agency A,BOR201420,SL101467,2025-07-26 08:00:00,General Notice,Your account requires attention. Please contact our office at your earliest convenience. Reply STOP to stop these messages.,,,0,45.0,30-59 DPD
MSGA101081,Agency A,BOR200687,SL101948,2023-05-14 14:00:00,Hardship Program Info,You may qualify for a temporary hardship repayment plan. Call us to discuss your options. Reply STOP to unsubscribe from texts.,,,0,165.0,150-179 DPD
MSGA101795,Agency A,BOR200314,SL100483,2024-10-04 11:00:00,Payment Reminder,"Hi, this is a reminder that your student loan payment is past due. Call us or visit your account portal to make a payment. Reply STOP to opt out of text alerts.",,,0,195.0,180+ DPD
MSGA101343,Agency A,BOR201357,SL101871,2022-07-14 08:00:00,Payment Reminder,"Hi, this is a reminder that your student loan payment is past due. Call us or visit your account portal to make a payment. Reply STOP to opt out of text alerts.",wrong number,2022-07-14 13:15:00,0,15.0,1-29 DPD
MSGA101166,Agency A,BOR200464,SL100997,2021-10-04 08:00:00,General Notice,Your account requires attention. Please contact our office at your earliest convenience. Reply STOP to stop these messages.,,,0,45.0,30-59 DPD
MSGA100170,Agency A,BOR202205,SL100137,2025-02-13 14:00:00,Hardship Program Info,You may qualify for a temporary hardship repayment plan. Call us to discuss your options. Reply STOP to unsubscribe from texts.,,,0,15.0,1-29 DPD
MSGA101564,Agency A,BOR201792,SL100339,2021-12-19 05:00:00,General Notice,Your account requires attention. Please contact our office at your earliest convenience. Reply STOP to stop these messages.,,,0,45.0,30-59 DPD
MSGA100232,Agency A,BOR200675,SL101469,2025-02-15 11:00:00,Payment Reminder,Your loan payment is overdue. Please contact us today to avoid further action. Msg&data rates may apply. Reply STOP to unsubscribe.,,,0,15.0,1-29 DPD
MSGA101478,Agency A,BOR201181,SL101602,2025-11-21 15:00:00,Payment Reminder,Your loan payment is overdue. Please contact us today to avoid further action. Msg&data rates may apply. Reply STOP to unsubscribe.,,,0,15.0,1-29 DPD
MSGA100250,Agency A,BOR201150,SL100010,2024-07-22 16:00:00,General Notice,Your account requires attention. Please contact our office at your earliest convenience. Reply STOP to stop these messages.,,,0,45.0,30-59 DPD
MSGA100090,Agency A,BOR202007,SL100711,2023-11-03 13:00:00,General Notice,Your account requires attention. Please contact our office at your earliest convenience. Reply STOP to stop these messages.,,,0,45.0,30-59 DPD
MSGA101953,Agency A,BOR201084,SL102404,2025-08-22 15:00:00,Payment Reminder,"Hi, this is a reminder that your student loan payment is past due. Call us or visit your account portal to make a payment. Reply STOP to opt out of text alerts.",,,0,15.0,1-29 DPD
MSGA101148,Agency A,BOR202225,SL100358,2023-01-10 14:00:00,General Notice,Your account requires attention. Please contact our office at your earliest convenience. Reply STOP to stop these messages.,,,0,75.0,60-89 DPD
MSGA101125,Agency A,BOR201502,SL101749,2025-08-24 16:00:00,Settlement Offer,You may be eligible for a reduced settlement on your account. Contact us to learn more before this offer expires. Reply STOP to opt out.,,,0,75.0,60-89 DPD
MSGA100930,Agency A,BOR201618,SL100264,2021-06-20 08:00:00,Payment Reminder,Your loan payment is overdue. Please contact us today to avoid further action. Msg&data rates may apply. Reply STOP to unsubscribe.,,,0,15.0,1-29 DPD
MSGA100918,Agency A,BOR201065,SL100005,2025-10-22 06:00:00,General Notice,Your account requires attention. Please contact our office at your earliest convenience. Reply STOP to stop these messages.,,,0,15.0,1-29 DPD
MSGA100823,Agency A,BOR200014,SL102162,2024-07-27 08:00:00,Payment Reminder,Your loan payment is overdue. Please contact us today to avoid further action. Msg&data rates may apply. Reply STOP to unsubscribe.,,,0,75.0,60-89 DPD
MSGA101707,Agency A,BOR201700,SL100566,2022-06-16 12:00:00,Payment Reminder,Your loan payment is overdue. Please contact us today to avoid further action. Msg&data rates may apply. Reply STOP to unsubscribe.,,,0,15.0,1-29 DPD
MSGA100936,Agency A,BOR201465,SL102142,2024-06-20 06:00:00,Payment Reminder,Your loan payment is overdue. Please contact us today to avoid further action. Msg&data rates may apply. Reply STOP to unsubscribe.,,,0,15.0,1-29 DPD
MSGA100659,Agency A,BOR202301,SL100694,2024-02-25 11:00:00,General Notice,Your account requires attention. Please contact our office at your earliest convenience. Reply STOP to stop these messages.,,,0,135.0,120-149 DPD
MSGA100673,Agency A,BOR201277,SL100985,2024-12-22 14:00:00,Hardship Program Info,You may qualify for a temporary hardship repayment plan. Call us to discuss your options. Reply STOP to unsubscribe from texts.,"stop it's already paid, why do I keep getting texts",2024-12-22 21:12:00,1,45.0,30-59 DPD
MSGA100610,Agency A,BOR201675,SL101626,2025-02-06 10:00:00,Hardship Program Info,You may qualify for a temporary hardship repayment plan. Call us to discuss your options. Reply STOP to unsubscribe from texts.,,,0,195.0,180+ DPD
MSGA101323,Agency A,BOR200192,SL102388,2025-12-25 11:00:00,Settlement Offer,You may be eligible for a reduced settlement on your account. Contact us to learn more before this offer expires. Reply STOP to opt out.,,,0,105.0,90-119 DPD
MSGA100210,Agency A,BOR201624,SL100019,2024-02-18 06:00:00,General Notice,Your account requires attention. Please contact our office at your earliest convenience. Reply STOP to stop these messages.,,,0,45.0,30-59 DPD
MSGA100329,Agency A,BOR200595,SL100545,2021-09-14 05:00:00,Payment Reminder,"Hi, this is a reminder that your student loan payment is past due. Call us or visit your account portal to make a payment. Reply STOP to opt out of text alerts.",,,0,75.0,60-89 DPD
MSGA100961,Agency A,BOR200464,SL100997,2021-11-09 10:00:00,General Notice,Your account requires attention. Please contact our office at your earliest convenience. Reply STOP to stop these messages.,,,0,75.0,60-89 DPD
MSGA101740,Agency A,BOR200299,SL100154,2025-08-13 11:00:00,General Notice,Your account requires attention. Please contact our office at your earliest convenience. Reply STOP to stop these messages.,my payment stopped going through last month can you check,2025-08-13 15:19:00,1,15.0,1-29 DPD
MSGA100768,Agency A,BOR200544,SL101529,2025-05-24 13:00:00,Payment Reminder,"Hi, this is a reminder that your student loan payment is past due. Call us or visit your account portal to make a payment. Reply STOP to opt out of text alerts.",,,0,195.0,180+ DPD
MSGA100068,Agency A,BOR201597,SL101530,2023-01-28 10:00:00,General Notice,Your account requires attention. Please contact our office at your earliest convenience. Reply STOP to stop these messages.,,,0,15.0,1-29 DPD
MSGA100767,Agency A,BOR202198,SL100543,2025-08-27 09:00:00,Hardship Program Info,You may qualify for a temporary hardship repayment plan. Call us to discuss your options. Reply STOP to unsubscribe from texts.,,,0,15.0,1-29 DPD
MSGA101133,Agency A,BOR200393,SL100800,2024-05-16 11:00:00,General Notice,Your account requires attention. Please contact our office at your earliest convenience. Reply STOP to stop these messages.,how much do I owe,2024-05-16 13:46:00,0,45.0,30-59 DPD
MSGA100754,Agency A,BOR200948,SL101337,2026-06-10 06:00:00,Payment Reminder,Your loan payment is overdue. Please contact us today to avoid further action. Msg&data rates may apply. Reply STOP to unsubscribe.,,,0,75.0,60-89 DPD
MSGA100540,Agency A,BOR200128,SL102305,2022-02-16 14:00:00,Payment Reminder,"Hi, this is a reminder that your student loan payment is past due. Call us or visit your account portal to make a payment. Reply STOP to opt out of text alerts.",,,0,135.0,120-149 DPD
MSGA101526,Agency A,BOR202055,SL100743,2024-06-15 09:00:00,General Notice,Your account requires attention. Please contact our office at your earliest convenience. Reply STOP to stop these messages.,,,0,15.0,1-29 DPD
MSGA100859,Agency A,BOR201127,SL101670,2024-04-19 08:00:00,Settlement Offer,You may be eligible for a reduced settlement on your account. Contact us to learn more before this offer expires. Reply STOP to opt out.,,,0,15.0,1-29 DPD
MSGA100895,Agency A,BOR201606,SL100420,2023-10-10 11:00:00,General Notice,Your account requires attention. Please contact our office at your earliest convenience. Reply STOP to stop these messages.,,,0,15.0,1-29 DPD
MSGA100144,Agency A,BOR200547,SL101391,2024-08-24 09:00:00,Hardship Program Info,You may qualify for a temporary hardship repayment plan. Call us to discuss your options. Reply STOP to unsubscribe from texts.,,,0,45.0,30-59 DPD
MSGA100576,Agency A,BOR201448,SL101452,2023-10-06 07:00:00,Payment Reminder,Your loan payment is overdue. Please contact us today to avoid further action. Msg&data rates may apply. Reply STOP to unsubscribe.,,,0,45.0,30-59 DPD
MSGA101455,Agency A,BOR201555,SL100575,2025-05-12 10:00:00,Payment Reminder,Your loan payment is overdue. Please contact us today to avoid further action. Msg&data rates may apply. Reply STOP to unsubscribe.,,,0,15.0,1-29 DPD
MSGA100442,Agency A,BOR200099,SL100124,2024-10-21 07:00:00,Settlement Offer,You may be eligible for a reduced settlement on your account. Contact us to learn more before this offer expires. Reply STOP to opt out.,,,0,45.0,30-59 DPD
MSGA102022,Agency A,BOR200766,SL101060,2023-04-03 15:00:00,General Notice,Your account requires attention. Please contact our office at your earliest convenience. Reply STOP to stop these messages.,,,0,45.0,30-59 DPD
MSGA100196,Agency A,BOR200393,SL100800,2024-12-05 09:00:00,Payment Reminder,Your loan payment is overdue. Please contact us today to avoid further action. Msg&data rates may apply. Reply STOP to unsubscribe.,,,0,45.0,30-59 DPD
MSGA100491,Agency A,BOR200176,SL100777,2025-03-20 07:00:00,Settlement Offer,You may be eligible for a reduced settlement on your account. Contact us to learn more before this offer expires. Reply STOP to opt out.,,,0,15.0,1-29 DPD
MSGA100229,Agency A,BOR201459,SL100484,2026-04-25 15:00:00,Payment Reminder,"Hi, this is a reminder that your student loan payment is past due. Call us or visit your account portal to make a payment. Reply STOP to opt out of text alerts.",,,0,15.0,1-29 DPD
MSGA101950,Agency A,BOR200047,SL102376,2025-07-07 16:00:00,Settlement Offer,You may be eligible for a reduced settlement on your account. Contact us to learn more before this offer expires. Reply STOP to opt out.,wrong number,2025-07-07 18:25:00,0,45.0,30-59 DPD
MSGA100804,Agency A,BOR200638,SL101799,2023-11-27 12:00:00,Payment Reminder,"Hi, this is a reminder that your student loan payment is past due. Call us or visit your account portal to make a payment. Reply STOP to opt out of text alerts.",,,0,75.0,60-89 DPD
MSGA100344,Agency A,BOR200615,SL100433,2025-07-12 08:00:00,Hardship Program Info,You may qualify for a temporary hardship repayment plan. Call us to discuss your options. Reply STOP to unsubscribe from texts.,,,0,75.0,60-89 DPD
MSGA100890,Agency A,BOR201375,SL100981,2025-08-23 15:00:00,Payment Reminder,"Hi, this is a reminder that your student loan payment is past due. Call us or visit your account portal to make a payment. Reply STOP to opt out of text alerts.",,,0,45.0,30-59 DPD
MSGA101285,Agency A,BOR201135,SL101138,2024-04-05 08:00:00,Payment Reminder,Your loan payment is overdue. Please contact us today to avoid further action. Msg&data rates may apply. Reply STOP to unsubscribe.,I already stopped autopay is that why im getting these,2024-04-05 12:58:00,1,15.0,1-29 DPD
MSGA100365,Agency A,BOR201550,SL102453,2023-11-26 15:00:00,Payment Reminder,Your loan payment is overdue. Please contact us today to avoid further action. Msg&data rates may apply. Reply STOP to unsubscribe.,,,0,15.0,1-29 DPD
MSGA100844,Agency A,BOR201666,SL101544,2026-04-20 10:00:00,Payment Reminder,Your loan payment is overdue. Please contact us today to avoid further action. Msg&data rates may apply. Reply STOP to unsubscribe.,,,0,75.0,60-89 DPD
MSGA100079,Agency A,BOR201450,SL101632,2025-03-20 08:00:00,Payment Reminder,Your loan payment is overdue. Please contact us today to avoid further action. Msg&data rates may apply. Reply STOP to unsubscribe.,,,0,15.0,1-29 DPD
MSGA101121,Agency A,BOR202206,SL101201,2021-04-06 13:00:00,Settlement Offer,You may be eligible for a reduced settlement on your account. Contact us to learn more before this offer expires. Reply STOP to opt out.,ok will pay soon,2021-04-06 13:57:00,0,45.0,30-59 DPD
MSGA100985,Agency A,BOR201698,SL100967,2025-11-11 15:00:00,Payment Reminder,Your loan payment is overdue. Please contact us today to avoid further action. Msg&data rates may apply. Reply STOP to unsubscribe.,please STOP texting me forever,2025-11-11 21:11:00,1,15.0,1-29 DPD
MSGA100552,Agency A,BOR200614,SL100349,2022-12-14 07:00:00,Payment Reminder,"Hi, this is a reminder that your student loan payment is past due. Call us or visit your account portal to make a payment. Reply STOP to opt out of text alerts.",,,0,45.0,30-59 DPD
MSGA101541,Agency A,BOR201712,SL100406,2021-11-24 05:00:00,General Notice,Your account requires attention. Please contact our office at your earliest convenience. Reply STOP to stop these messages.,,,0,15.0,1-29 DPD
MSGA100317,Agency A,BOR200906,SL101984,2023-03-17 05:00:00,Hardship Program Info,You may qualify for a temporary hardship repayment plan. Call us to discuss your options. Reply STOP to unsubscribe from texts.,,,0,15.0,1-29 DPD
MSGA101821,Agency A,BOR200498,SL101681,2025-01-15 13:00:00,General Notice,Your account requires attention. Please contact our office at your earliest convenience. Reply STOP to stop these messages.,,,0,75.0,60-89 DPD
MSGA100892,Agency A,BOR200287,SL100424,2023-06-23 14:00:00,Hardship Program Info,You may qualify for a temporary hardship repayment plan. Call us to discuss your options. Reply STOP to unsubscribe from texts.,,,0,105.0,90-119 DPD
MSGA101882,Agency A,BOR202251,SL102333,2026-02-06 08:00:00,Payment Reminder,"Hi, this is a reminder that your student loan payment is past due. Call us or visit your account portal to make a payment. Reply STOP to opt out of text alerts.",,,0,15.0,1-29 DPD
MSGA100361,Agency A,BOR200484,SL100534,2021-12-26 09:00:00,General Notice,Your account requires attention. Please contact our office at your earliest convenience. Reply STOP to stop these messages.,,,0,15.0,1-29 DPD
MSGA101913,Agency A,BOR201956,SL101371,2024-10-10 12:00:00,Payment Reminder,,,,0,105.0,90-119 DPD
MSGA101275,Agency A,BOR201539,SL101966,2022-01-27 06:00:00,Payment Reminder,Your loan payment is overdue. Please contact us today to avoid further action. Msg&data rates may apply. Reply STOP to unsubscribe.,,,0,15.0,1-29 DPD
MSGA100935,Agency A,BOR200192,SL102388,2026-01-24 06:00:00,Hardship Program Info,You may qualify for a temporary hardship repayment plan. Call us to discuss your options. Reply STOP to unsubscribe from texts.,,,0,105.0,90-119 DPD
MSGA101498,Agency A,BOR200047,SL102376,2026-06-16 10:00:00,General Notice,Your account requires attention. Please contact our office at your earliest convenience. Reply STOP to stop these messages.,yes,2026-06-16 10:56:00,0,75.0,60-89 DPD
MSGA101191,Agency A,BOR202218,SL101181,2024-01-16 12:00:00,Payment Reminder,"Hi, this is a reminder that your student loan payment is past due. Call us or visit your account portal to make a payment. Reply STOP to opt out of text alerts.",,,0,15.0,1-29 DPD
MSGA100158,Agency A,BOR200687,SL101948,2023-04-18 09:00:00,General Notice,Your account requires attention. Please contact our office at your earliest convenience. Reply STOP to stop these messages.,,,0,165.0,150-179 DPD
MSGA101726,Agency A,BOR200659,SL101373,2026-07-16 14:00:00,General Notice,Your account requires attention. Please contact our office at your earliest convenience. Reply STOP to stop these messages.,,,0,45.0,30-59 DPD
MSGA101951,Agency A,BOR201582,SL101784,2024-03-20 08:00:00,Payment Reminder,"Hi, this is a reminder that your student loan payment is past due. Call us or visit your account portal to make a payment. Reply STOP to opt out of text alerts.",,,0,15.0,1-29 DPD
MSGA100441,Agency A,BOR201328,SL102420,2023-10-14 16:00:00,Settlement Offer,,,,0,15.0,1-29 DPD
MSGA101281,Agency A,BOR200894,SL100100,2025-01-08 05:00:00,Payment Reminder,"Hi, this is a reminder that your student loan payment is past due. Call us or visit your account portal to make a payment. Reply STOP to opt out of text alerts.",,,0,45.0,30-59 DPD
MSGA101667,Agency A,BOR201345,SL100323,2023-12-28 07:00:00,Settlement Offer,You may be eligible for a reduced settlement on your account. Contact us to learn more before this offer expires. Reply STOP to opt out.,,,0,15.0,1-29 DPD
MSGA100934,Agency A,BOR201392,SL100287,2023-08-14 11:00:00,General Notice,Your account requires attention. Please contact our office at your earliest convenience. Reply STOP to stop these messages.,,,0,15.0,1-29 DPD
MSGA100209,Agency A,BOR200680,SL101378,2023-10-15 09:00:00,Hardship Program Info,You may qualify for a temporary hardship repayment plan. Call us to discuss your options. Reply STOP to unsubscribe from texts.,,,0,15.0,1-29 DPD
MSGA100617,Agency A,BOR200727,SL100571,2022-02-10 07:00:00,General Notice,Your account requires attention. Please contact our office at your earliest convenience. Reply STOP to stop these messages.,can you call me instead,2022-02-10 11:54:00,0,45.0,30-59 DPD
MSGA100701,Agency A,BOR200265,SL100426,2023-08-26 08:00:00,Payment Reminder,"Hi, this is a reminder that your student loan payment is past due. Call us or visit your account portal to make a payment. Reply STOP to opt out of text alerts.",,,0,15.0,1-29 DPD
MSGA100932,AGENCY_A,BOR200759,SL101173,2022-04-21 05:00:00,Settlement Offer,You may be eligible for a reduced settlement on your account. Contact us to learn more before this offer expires. Reply STOP to opt out.,,,0,165.0,150-179 DPD
MSGA101466,Agency A,BOR200671,SL101192,2025-12-11 07:00:00,Settlement Offer,You may be eligible for a reduced settlement on your account. Contact us to learn more before this offer expires. Reply STOP to opt out.,,,0,15.0,1-29 DPD
MSGA101181,Agency A,BOR200675,SL101469,2026-01-21 07:00:00,Payment Reminder,Your loan payment is overdue. Please contact us today to avoid further action. Msg&data rates may apply. Reply STOP to unsubscribe.,,,0,45.0,30-59 DPD
MSGA101312,Agency A,BOR201858,SL102367,2024-03-23 08:00:00,General Notice,Your account requires attention. Please contact our office at your earliest convenience. Reply STOP to stop these messages.,can u stop texting me at work im in a meeting,2024-03-23 08:28:00,1,195.0,180+ DPD
MSGA101609,Agency A,BOR200689,SL100052,2026-05-05 12:00:00,General Notice,Your account requires attention. Please contact our office at your earliest convenience. Reply STOP to stop these messages.,,,0,45.0,30-59 DPD
MSGA101527,Agency A,BOR200017,SL100460,2025-02-18 09:00:00,Payment Reminder,Your loan payment is overdue. Please contact us today to avoid further action. Msg&data rates may apply. Reply STOP to unsubscribe.,,,0,75.0,60-89 DPD
MSGA101931,Agency A,BOR200947,SL100936,2021-10-22 10:00:00,General Notice,Your account requires attention. Please contact our office at your earliest convenience. Reply STOP to stop these messages.,,,0,105.0,90-119 DPD
MSGA100159,Agency A,BOR201465,SL102142,2022-01-15 14:00:00,Hardship Program Info,You may qualify for a temporary hardship repayment plan. Call us to discuss your options. Reply STOP to unsubscribe from texts.,,,0,15.0,1-29 DPD
MSGA100867,Agency A,BOR200321,SL101563,2025-01-14 06:00:00,Payment Reminder,"Hi, this is a reminder that your student loan payment is past due. Call us or visit your account portal to make a payment. Reply STOP to opt out of text alerts.",,,0,45.0,30-59 DPD
MSGA100769,Agency A,BOR200226,SL100876,2025-09-19 07:00:00,Settlement Offer,You may be eligible for a reduced settlement on your account. Contact us to learn more before this offer expires. Reply STOP to opt out.,,,0,15.0,1-29 DPD
MSGA101247,Agency A,BOR201717,SL102215,2025-02-07 13:00:00,Payment Reminder,"Hi, this is a reminder that your student loan payment is past due. Call us or visit your account portal to make a payment. Reply STOP to opt out of text alerts.",,,0,15.0,1-29 DPD
MSGA100176,Agency A,BOR200363,SL100399,2022-01-14 16:00:00,General Notice,Your account requires attention. Please contact our office at your earliest convenience. Reply STOP to stop these messages.,,,0,15.0,1-29 DPD
MSGA101184,Agency A,BOR201705,SL101926,2025-02-07 12:00:00,Payment Reminder,"Hi, this is a reminder that your student loan payment is past due. Call us or visit your account portal to make a payment. Reply STOP to opt out of text alerts.",,,0,15.0,1-29 DPD
MSGA102034,Agency A,BOR201057,SL100226,2022-10-26 15:00:00,Payment Reminder,"Hi, this is a reminder that your student loan payment is past due. Call us or visit your account portal to make a payment. Reply STOP to opt out of text alerts.",,,0,75.0,60-89 DPD
MSGA101928,Agency A,BOR201007,SL101604,2026-06-18 12:00:00,General Notice,Your account requires attention. Please contact our office at your earliest convenience. Reply STOP to stop these messages.,,,0,45.0,30-59 DPD
MSGA100027,Agency A,BOR201902,SL101918,2021-06-03 14:00:00,General Notice,Your account requires attention. Please contact our office at your earliest convenience. Reply STOP to stop these messages.,,,0,75.0,60-89 DPD
MSGA100619,Agency A,BOR201001,SL100868,2022-08-11 15:00:00,General Notice,Your account requires attention. Please contact our office at your earliest convenience. Reply STOP to stop these messages.,,,0,75.0,60-89 DPD
MSGA101073,Agency A,BOR202038,SL100512,2024-08-08 16:00:00,Hardship Program Info,You may qualify for a temporary hardship repayment plan. Call us to discuss your options. Reply STOP to unsubscribe from texts.,,,0,195.0,180+ DPD
MSGA100803,Agency A,BOR202180,SL100533,2025-05-20 16:00:00,Payment Reminder,"Hi, this is a reminder that your student loan payment is past due. Call us or visit your account portal to make a payment. Reply STOP to opt out of text alerts.",,,0,15.0,1-29 DPD
MSGA100237,Agency A,BOR200033,SL100398,2022-03-07 06:00:00,Settlement Offer,You may be eligible for a reduced settlement on your account. Contact us to learn more before this offer expires. Reply STOP to opt out.,,,0,105.0,90-119 DPD
MSGA101290,Agency A,BOR202229,SL100437,2024-11-10 09:00:00,Payment Reminder,Your loan payment is overdue. Please contact us today to avoid further action. Msg&data rates may apply. Reply STOP to unsubscribe.,,,0,15.0,1-29 DPD
MSGA102009,Agency A,BOR200208,SL100904,2024-10-17 15:00:00,Payment Reminder,Your loan payment is overdue. Please contact us today to avoid further action. Msg&data rates may apply. Reply STOP to unsubscribe.,please STOP texting me forever,2024-10-17 19:01:00,1,75.0,60-89 DPD
MSGA100146,Agency A,BOR200990,SL101741,2026-08-25 07:00:00,Payment Reminder,"Hi, this is a reminder that your student loan payment is past due. Call us or visit your account portal to make a payment. Reply STOP to opt out of text alerts.",,,0,75.0,60-89 DPD
MSGA101659,Agency A,BOR201404,SL102173,2022-12-22 07:00:00,General Notice,Your account requires attention. Please contact our office at your earliest convenience. Reply STOP to stop these messages.,,,0,15.0,1-29 DPD
MSGA101610,Agency A,BOR200639,SL101041,2022-09-04 13:00:00,General Notice,Your account requires attention. Please contact our office at your earliest convenience. Reply STOP to stop these messages.,I already stopped autopay is that why im getting these,2022-09-04 13:57:00,1,45.0,30-59 DPD
MSGA102037,Agency A,BOR201029,SL102378,2024-07-24 16:00:00,Settlement Offer,You may be eligible for a reduced settlement on your account. Contact us to learn more before this offer expires. Reply STOP to opt out.,,,0,15.0,1-29 DPD
MSGA101066,Agency A,BOR201650,SL100405,2024-10-24 07:00:00,General Notice,Your account requires attention. Please contact our office at your earliest convenience. Reply STOP to stop these messages.,,,0,195.0,180+ DPD
MSGA101973,Agency A,BOR201525,SL100527,2023-08-22 05:00:00,Payment Reminder,"Hi, this is a reminder that your student loan payment is past due. Call us or visit your account portal to make a payment. Reply STOP to opt out of text alerts.",,,0,165.0,150-179 DPD
MSGA100962,Agency A,BOR200738,SL100992,2025-05-14 10:00:00,General Notice,Your account requires attention. Please contact our office at your earliest convenience. Reply STOP to stop these messages.,,,0,105.0,90-119 DPD
MSGA101714,Agency A,BOR200068,SL101238,2025-01-08 08:00:00,Payment Reminder,"Hi, this is a reminder that your student loan payment is past due. Call us or visit your account portal to make a payment. Reply STOP to opt out of text alerts.",,,0,75.0,60-89 DPD
MSGA100786,Agency A,BOR201406,SL100608,2024-09-22 14:00:00,Hardship Program Info,You may qualify for a temporary hardship repayment plan. Call us to discuss your options. Reply STOP to unsubscribe from texts.,,,0,105.0,90-119 DPD
MSGA101221,Agency A,BOR200024,SL100193,2026-06-26 06:00:00,Settlement Offer,You may be eligible for a reduced settlement on your account. Contact us to learn more before this offer expires. Reply STOP to opt out.,,,0,45.0,30-59 DPD
MSGA100110,Agency A,BOR200978,SL101608,2021-04-07 11:00:00,Settlement Offer,You may be eligible for a reduced settlement on your account. Contact us to learn more before this offer expires. Reply STOP to opt out.,,,0,15.0,1-29 DPD
MSGA100711,Agency A,BOR200192,SL102388,2026-04-06 12:00:00,Payment Reminder,Your loan payment is overdue. Please contact us today to avoid further action. Msg&data rates may apply. Reply STOP to unsubscribe.,,,0,105.0,90-119 DPD
MSGA101921,Agency A,BOR201898,SL101123,2026-07-13 16:00:00,General Notice,Your account requires attention. Please contact our office at your earliest convenience. Reply STOP to stop these messages.,"stop it's already paid, why do I keep getting texts",2026-07-13 21:25:00,1,45.0,30-59 DPD
MSGA101365,Agency A,BOR201612,SL100835,2026-06-09 12:00:00,Hardship Program Info,You may qualify for a temporary hardship repayment plan. Call us to discuss your options. Reply STOP to unsubscribe from texts.,,,0,105.0,90-119 DPD
MSGA101319,Agency A,BOR201915,SL100522,2024-11-14 08:00:00,Hardship Program Info,You may qualify for a temporary hardship repayment plan. Call us to discuss your options. Reply STOP to unsubscribe from texts.,,,0,15.0,1-29 DPD
MSGA101724,Agency A,BOR200766,SL101060,2024-02-22 14:00:00,Settlement Offer,You may be eligible for a reduced settlement on your account. Contact us to learn more before this offer expires. Reply STOP to opt out.,,,0,105.0,90-119 DPD
MSGA100939,Agency A,BOR201029,SL102378,2025-04-05 07:00:00,General Notice,Your account requires attention. Please contact our office at your earliest convenience. Reply STOP to stop these messages.,,,0,45.0,30-59 DPD
MSGA100028,Agency A,BOR202156,SL100713,2025-01-22 13:00:00,Hardship Program Info,You may qualify for a temporary hardship repayment plan. Call us to discuss your options. Reply STOP to unsubscribe from texts.,who is this,2025-01-22 21:53:00,0,105.0,90-119 DPD
MSGA100405,Agency A,BOR200441,SL100046,2022-03-18 07:00:00,General Notice,Your account requires attention. Please contact our office at your earliest convenience. Reply STOP to stop these messages.,,,0,15.0,1-29 DPD
MSGA100885,Agency A,BOR201985,SL101059,2025-01-15 09:00:00,Payment Reminder,"Hi, this is a reminder that your student loan payment is past due. Call us or visit your account portal to make a payment. Reply STOP to opt out of text alerts.",,,0,105.0,90-119 DPD
MSGA101826,Agency A,BOR200727,SL100571,2025-12-20 06:00:00,Payment Reminder,Your loan payment is overdue. Please contact us today to avoid further action. Msg&data rates may apply. Reply STOP to unsubscribe.,,,0,15.0,1-29 DPD
MSGA100385,AGENCY_A,BOR200315,SL101413,2023-11-21 15:00:00,Hardship Program Info,You may qualify for a temporary hardship repayment plan. Call us to discuss your options. Reply STOP to unsubscribe from texts.,,,0,45.0,30-59 DPD
MSGA100651,Agency A,BOR200759,SL101173,2022-02-17 14:00:00,General Notice,Your account requires attention. Please contact our office at your earliest convenience. Reply STOP to stop these messages.,k,2022-02-17 20:49:00,0,135.0,120-149 DPD
MSGA101820,Agency A,BOR202163,SL101459,2026-01-16 11:00:00,Payment Reminder,"Hi, this is a reminder that your student loan payment is past due. Call us or visit your account portal to make a payment. Reply STOP to opt out of text alerts.",,,0,15.0,1-29 DPD
MSGA100062,Agency A,BOR201257,SL100695,2023-09-13 12:00:00,General Notice,Your account requires attention. Please contact our office at your earliest convenience. Reply STOP to stop these messages.,k,2023-09-13 12:22:00,0,45.0,30-59 DPD
MSGA101580,Agency A,BOR201087,SL102208,2024-03-05 11:00:00,Payment Reminder,"Hi, this is a reminder that your student loan payment is past due. Call us or visit your account portal to make a payment. Reply STOP to opt out of text alerts.",,,0,195.0,180+ DPD
MSGA101386,Agency A,BOR201420,SL101467,2026-06-14 08:00:00,Payment Reminder,Your loan payment is overdue. Please contact us today to avoid further action. Msg&data rates may apply. Reply STOP to unsubscribe.,,,0,15.0,1-29 DPD
MSGA101219,Agency A,BOR200868,SL101273,2023-04-11 14:00:00,General Notice,Your account requires attention. Please contact our office at your earliest convenience. Reply STOP to stop these messages.,,,0,15.0,1-29 DPD
MSGA101440,Agency A,BOR202022,SL101728,2024-09-07 10:00:00,Payment Reminder,Your loan payment is overdue. Please contact us today to avoid further action. Msg&data rates may apply. Reply STOP to unsubscribe.,,,0,135.0,120-149 DPD
MSGA101061,Agency A,BOR200869,SL100174,2025-11-25 13:00:00,Settlement Offer,You may be eligible for a reduced settlement on your account. Contact us to learn more before this offer expires. Reply STOP to opt out.,,,0,45.0,30-59 DPD
MSGA101249,Agency A,BOR201339,SL101218,2026-04-21 14:00:00,Settlement Offer,You may be eligible for a reduced settlement on your account. Contact us to learn more before this offer expires. Reply STOP to opt out.,,,0,45.0,30-59 DPD
MSGA100484,Agency A,BOR201345,SL100323,2024-01-27 13:00:00,Payment Reminder,"Hi, this is a reminder that your student loan payment is past due. Call us or visit your account portal to make a payment. Reply STOP to opt out of text alerts.",,,0,15.0,1-29 DPD
MSGA101410,Agency A,BOR201602,SL101775,2022-01-22 07:00:00,Settlement Offer,You may be eligible for a reduced settlement on your account. Contact us to learn more before this offer expires. Reply STOP to opt out.,,,0,15.0,1-29 DPD
MSGA101833,Agency A,BOR200057,SL100817,2025-10-27 08:00:00,General Notice,Your account requires attention. Please contact our office at your earliest convenience. Reply STOP to stop these messages.,k,2025-10-27 17:23:00,0,15.0,1-29 DPD
MSGA100045,Agency A,BOR201961,SL102177,2021-08-11 13:00:00,Payment Reminder,Your loan payment is overdue. Please contact us today to avoid further action. Msg&data rates may apply. Reply STOP to unsubscribe.,,,0,75.0,60-89 DPD
MSGA101930,Agency A,BOR200120,SL100457,2021-04-19 16:00:00,Payment Reminder,"Hi, this is a reminder that your student loan payment is past due. Call us or visit your account portal to make a payment. Reply STOP to opt out of text alerts.",,,0,15.0,1-29 DPD
MSGA100526,AGENCY_A,BOR202165,SL101503,2023-01-10 11:00:00,General Notice,Your account requires attention. Please contact our office at your earliest convenience. Reply STOP to stop these messages.,,,0,15.0,1-29 DPD
MSGA101711,Agency A,BOR200503,SL100127,2021-10-08 11:00:00,Payment Reminder,"Hi, this is a reminder that your student loan payment is past due. Call us or visit your account portal to make a payment. Reply STOP to opt out of text alerts.",,,0,75.0,60-89 DPD
MSGA100470,Agency A,BOR201028,SL102168,2023-11-17 11:00:00,Hardship Program Info,You may qualify for a temporary hardship repayment plan. Call us to discuss your options. Reply STOP to unsubscribe from texts.,,,0,15.0,1-29 DPD
MSGA101358,Agency A,BOR200286,SL102081,2025-01-14 08:00:00,General Notice,Your account requires attention. Please contact our office at your earliest convenience. Reply STOP to stop these messages.,,,0,15.0,1-29 DPD
MSGA100731,Agency A,BOR200375,SL100117,2024-03-14 15:00:00,General Notice,Your account requires attention. Please contact our office at your earliest convenience. Reply STOP to stop these messages.,k,2024-03-14 21:09:00,0,105.0,90-119 DPD
MSGA101551,Agency A,BOR201311,SL101511,2021-09-05 05:00:00,General Notice,Your account requires attention. Please contact our office at your earliest convenience. Reply STOP to stop these messages.,,,0,105.0,90-119 DPD
MSGA100570,Agency A,BOR201776,SL101300,2022-07-16 05:00:00,Payment Reminder,"Hi, this is a reminder that your student loan payment is past due. Call us or visit your account portal to make a payment. Reply STOP to opt out of text alerts.",,,0,45.0,30-59 DPD
MSGA101967,Agency A,BOR200010,SL100181,2026-03-18 13:00:00,Payment Reminder,,,,0,15.0,1-29 DPD
MSGA101858,Agency A,BOR200223,SL101105,2023-09-10 09:00:00,General Notice,Your account requires attention. Please contact our office at your earliest convenience. Reply STOP to stop these messages.,,,0,15.0,1-29 DPD
MSGA101227,Agency A,BOR201801,SL101853,2025-05-08 16:00:00,General Notice,Your account requires attention. Please contact our office at your earliest convenience. Reply STOP to stop these messages.,,,0,15.0,1-29 DPD
MSGA101935,Agency A,BOR202164,SL101675,2021-07-25 13:00:00,General Notice,Your account requires attention. Please contact our office at your earliest convenience. Reply STOP to stop these messages.,,,0,15.0,1-29 DPD
MSGA101735,Agency A,BOR201650,SL100405,2024-06-04 16:00:00,Payment Reminder,"Hi, this is a reminder that your student loan payment is past due. Call us or visit your account portal to make a payment. Reply STOP to opt out of text alerts.",,,0,105.0,90-119 DPD
MSGA101397,Agency A,BOR200145,SL101543,2023-10-12 06:00:00,Settlement Offer,You may be eligible for a reduced settlement on your account. Contact us to learn more before this offer expires. Reply STOP to opt out.,,,0,45.0,30-59 DPD
MSGA101847,Agency A,BOR200544,SL101529,2024-09-08 15:00:00,Payment Reminder,"Hi, this is a reminder that your student loan payment is past due. Call us or visit your account portal to make a payment. Reply STOP to opt out of text alerts.",,,0,165.0,150-179 DPD
MSGA100464,Agency A,BOR200687,SL101948,2022-09-27 10:00:00,General Notice,Your account requires attention. Please contact our office at your earliest convenience. Reply STOP to stop these messages.,,,0,75.0,60-89 DPD
MSGA101352,Agency A,BOR200534,SL100007,2024-02-18 14:00:00,Payment Reminder,Your loan payment is overdue. Please contact us today to avoid further action. Msg&data rates may apply. Reply STOP to unsubscribe.,,,0,75.0,60-89 DPD
MSGA101643,Agency A,BOR200963,SL102221,2022-06-13 07:00:00,Payment Reminder,"Hi, this is a reminder that your student loan payment is past due. Call us or visit your account portal to make a payment. Reply STOP to opt out of text alerts.",,,0,45.0,30-59 DPD
MSGA101058,Agency A,BOR200759,SL101173,2021-06-11 08:00:00,General Notice,Your account requires attention. Please contact our office at your earliest convenience. Reply STOP to stop these messages.,,,0,15.0,1-29 DPD
MSGA100085,Agency A,BOR200299,SL100154,2024-03-14 11:00:00,Hardship Program Info,You may qualify for a temporary hardship repayment plan. Call us to discuss your options. Reply STOP to unsubscribe from texts.,who is this,2024-03-14 15:18:00,0,45.0,30-59 DPD
MSGA102071,Agency A,BOR202219,SL101562,2021-11-07 07:00:00,Payment Reminder,"Hi, this is a reminder that your student loan payment is past due. Call us or visit your account portal to make a payment. Reply STOP to opt out of text alerts.",,,0,45.0,30-59 DPD
MSGA101118,Agency A,BOR201612,SL100835,2026-05-19 14:00:00,Settlement Offer,You may be eligible for a reduced settlement on your account. Contact us to learn more before this offer expires. Reply STOP to opt out.,,,0,75.0,60-89 DPD
MSGA100534,Agency A,BOR200498,SL101681,2022-03-23 09:00:00,Payment Reminder,Your loan payment is overdue. Please contact us today to avoid further action. Msg&data rates may apply. Reply STOP to unsubscribe.,how much do I owe,2022-03-23 11:58:00,0,105.0,90-119 DPD
MSGA102000,Agency A,BOR200035,SL101687,2021-09-11 06:00:00,General Notice,Your account requires attention. Please contact our office at your earliest convenience. Reply STOP to stop these messages.,,,0,45.0,30-59 DPD
MSGA101884,Agency A,BOR201980,SL101906,2024-07-17 10:00:00,General Notice,Your account requires attention. Please contact our office at your earliest convenience. Reply STOP to stop these messages.,,,0,105.0,90-119 DPD
MSGA100738,Agency A,BOR200791,SL102112,2023-02-09 07:00:00,Hardship Program Info,You may qualify for a temporary hardship repayment plan. Call us to discuss your options. Reply STOP to unsubscribe from texts.,,,0,75.0,60-89 DPD
MSGA100776,Agency A,BOR201491,SL102083,2023-10-07 11:00:00,Hardship Program Info,You may qualify for a temporary hardship repayment plan. Call us to discuss your options. Reply STOP to unsubscribe from texts.,,,0,135.0,120-149 DPD
MSGA101456,AGENCY_A,BOR200321,SL101563,2024-11-24 14:00:00,Payment Reminder,"Hi, this is a reminder that your student loan payment is past due. Call us or visit your account portal to make a payment. Reply STOP to opt out of text alerts.",,,0,45.0,30-59 DPD
MSGA100677,Agency A,BOR201667,SL102297,2025-09-09 15:00:00,Payment Reminder,Your loan payment is overdue. Please contact us today to avoid further action. Msg&data rates may apply. Reply STOP to unsubscribe.,,,0,135.0,120-149 DPD
MSGA100071,Agency A,BOR200894,SL100100,2023-09-24 10:00:00,Payment Reminder,,,,0,75.0,60-89 DPD
MSGA101656,Agency A,BOR202018,SL100214,2025-08-24 11:00:00,Payment Reminder,Your loan payment is overdue. Please contact us today to avoid further action. Msg&data rates may apply. Reply STOP to unsubscribe.,,,0,75.0,60-89 DPD
MSGA100053,Agency A,BOR201776,SL101300,2023-05-06 14:00:00,Settlement Offer,You may be eligible for a reduced settlement on your account. Contact us to learn more before this offer expires. Reply STOP to opt out.,,,0,165.0,150-179 DPD
MSGA101902,Agency A,BOR200620,SL100239,2026-08-28 08:00:00,Settlement Offer,You may be eligible for a reduced settlement on your account. Contact us to learn more before this offer expires. Reply STOP to opt out.,,,0,15.0,1-29 DPD
MSGA100015,Agency A,BOR201713,SL101422,2021-11-11 10:00:00,Settlement Offer,You may be eligible for a reduced settlement on your account. Contact us to learn more before this offer expires. Reply STOP to opt out.,,,0,15.0,1-29 DPD
MSGA100436,Agency A,BOR200304,SL101383,2022-02-17 13:00:00,Settlement Offer,You may be eligible for a reduced settlement on your account. Contact us to learn more before this offer expires. Reply STOP to opt out.,,,0,75.0,60-89 DPD
MSGA101165,Agency A,BOR202046,SL101532,2023-12-10 16:00:00,General Notice,Your account requires attention. Please contact our office at your earliest convenience. Reply STOP to stop these messages.,,,0,75.0,60-89 DPD
MSGA100208,Agency A,BOR201920,SL100291,2022-10-26 13:00:00,General Notice,Your account requires attention. Please contact our office at your earliest convenience. Reply STOP to stop these messages.,,,0,45.0,30-59 DPD
MSGA100649,Agency A,BOR201483,SL101883,2026-02-06 07:00:00,Payment Reminder,"Hi, this is a reminder that your student loan payment is past due. Call us or visit your account portal to make a payment. Reply STOP to opt out of text alerts.",my payment stopped going through last month can you check,2026-02-06 14:36:00,1,45.0,30-59 DPD
MSGA102036,Agency A,BOR200640,SL101064,2024-11-13 07:00:00,Settlement Offer,You may be eligible for a reduced settlement on your account. Contact us to learn more before this offer expires. Reply STOP to opt out.,I already stopped autopay is that why im getting these,2024-11-13 10:55:00,1,15.0,1-29 DPD
MSGA101825,Agency A,BOR201848,SL100109,2025-05-18 16:00:00,General Notice,Your account requires attention. Please contact our office at your earliest convenience. Reply STOP to stop these messages.,,,0,15.0,1-29 DPD
MSGA101934,AGENCY_A,BOR201226,SL102183,2026-03-28 05:00:00,General Notice,Your account requires attention. Please contact our office at your earliest convenience. Reply STOP to stop these messages.,,,0,15.0,1-29 DPD
MSGA100625,Agency A,BOR200906,SL101984,2022-08-07 09:00:00,Payment Reminder,"Hi, this is a reminder that your student loan payment is past due. Call us or visit your account portal to make a payment. Reply STOP to opt out of text alerts.",,,0,15.0,1-29 DPD
MSGA100834,Agency A,BOR201674,SL101302,2025-04-03 11:00:00,General Notice,Your account requires attention. Please contact our office at your earliest convenience. Reply STOP to stop these messages.,,,0,15.0,1-29 DPD
MSGA100325,Agency A,BOR200619,SL101634,2025-07-13 08:00:00,General Notice,Your account requires attention. Please contact our office at your earliest convenience. Reply STOP to stop these messages.,,,0,195.0,180+ DPD
MSGA100766,Agency A,BOR200478,SL101541,2026-02-25 05:00:00,Hardship Program Info,You may qualify for a temporary hardship repayment plan. Call us to discuss your options. Reply STOP to unsubscribe from texts.,,,0,105.0,90-119 DPD
MSGA101495,Agency A,BOR200753,SL100077,2023-07-04 16:00:00,Settlement Offer,You may be eligible for a reduced settlement on your account. Contact us to learn more before this offer expires. Reply STOP to opt out.,I stopped by the branch yesterday and paid already,2023-07-04 22:01:00,1,45.0,30-59 DPD
MSGA101187,Agency A,BOR202218,SL101181,2025-12-15 13:00:00,General Notice,Your account requires attention. Please contact our office at your earliest convenience. Reply STOP to stop these messages.,,,0,15.0,1-29 DPD
MSGA101524,Agency A,BOR201712,SL100406,2022-04-22 08:00:00,Payment Reminder,Your loan payment is overdue. Please contact us today to avoid further action. Msg&data rates may apply. Reply STOP to unsubscribe.,,,0,135.0,120-149 DPD
MSGA100415,Agency A,BOR201729,SL101647,2025-09-06 12:00:00,Payment Reminder,"Hi, this is a reminder that your student loan payment is past due. Call us or visit your account portal to make a payment. Reply STOP to opt out of text alerts.",,,0,15.0,1-29 DPD
MSGA101328,Agency A,BOR202116,SL100047,2024-12-11 11:00:00,Payment Reminder,Your loan payment is overdue. Please contact us today to avoid further action. Msg&data rates may apply. Reply STOP to unsubscribe.,,,0,15.0,1-29 DPD
MSGA100795,Agency A,BOR201087,SL102208,2024-04-21 12:00:00,Hardship Program Info,You may qualify for a temporary hardship repayment plan. Call us to discuss your options. Reply STOP to unsubscribe from texts.,,,0,195.0,180+ DPD
MSGA101252,Agency A,BOR200201,SL101318,2025-08-09 15:00:00,Payment Reminder,"Hi, this is a reminder that your student loan payment is past due. Call us or visit your account portal to make a payment. Reply STOP to opt out of text alerts.",he stopped answering his phone so im calling on his behalf,2025-08-09 22:24:00,1,15.0,1-29 DPD
MSGA101246,Agency A,BOR201650,SL100405,2024-02-25 11:00:00,Settlement Offer,You may be eligible for a reduced settlement on your account. Contact us to learn more before this offer expires. Reply STOP to opt out.,,,0,15.0,1-29 DPD
MSGA100104,Agency A,BOR200471,SL101249,2021-12-18 09:00:00,Payment Reminder,"Hi, this is a reminder that your student loan payment is past due. Call us or visit your account portal to make a payment. Reply STOP to opt out of text alerts.",,,0,45.0,30-59 DPD
MSGA101441,Agency A,BOR200534,SL100007,2024-07-11 12:00:00,Payment Reminder,"Hi, this is a reminder that your student loan payment is past due. Call us or visit your account portal to make a payment. Reply STOP to opt out of text alerts.",,,0,135.0,120-149 DPD
MSGA101303,Agency A,BOR200414,SL100906,2025-11-10 07:00:00,Settlement Offer,You may be eligible for a reduced settlement on your account. Contact us to learn more before this offer expires. Reply STOP to opt out.,,,0,45.0,30-59 DPD
MSGA100414,Agency A,BOR200225,SL101125,2026-04-23 13:00:00,Payment Reminder,Your loan payment is overdue. Please contact us today to avoid further action. Msg&data rates may apply. Reply STOP to unsubscribe.,,,0,15.0,1-29 DPD
MSGA100635,Agency A,BOR200204,SL101350,2023-09-18 12:00:00,Payment Reminder,"Hi, this is a reminder that your student loan payment is past due. Call us or visit your account portal to make a payment. Reply STOP to opt out of text alerts.",,,0,15.0,1-29 DPD
MSGA101248,Agency A,BOR201486,SL102347,2025-12-23 11:00:00,Hardship Program Info,You may qualify for a temporary hardship repayment plan. Call us to discuss your options. Reply STOP to unsubscribe from texts.,,,0,15.0,1-29 DPD
MSGA100876,Agency A,BOR201328,SL102420,2023-12-27 13:00:00,Payment Reminder,"Hi, this is a reminder that your student loan payment is past due. Call us or visit your account portal to make a payment. Reply STOP to opt out of text alerts.",,,0,75.0,60-89 DPD
MSGA101658,Agency A,BOR200009,SL100179,2024-11-10 09:00:00,Payment Reminder,"Hi, this is a reminder that your student loan payment is past due. Call us or visit your account portal to make a payment. Reply STOP to opt out of text alerts.","stop it's already paid, why do I keep getting texts",2024-11-10 14:38:00,1,15.0,1-29 DPD
MSGA100192,Agency A,BOR200470,SL100913,2026-03-24 06:00:00,Payment Reminder,Your loan payment is overdue. Please contact us today to avoid further action. Msg&data rates may apply. Reply STOP to unsubscribe.,,,0,75.0,60-89 DPD
MSGA101772,Agency A,BOR200913,SL102114,2025-07-05 14:00:00,Payment Reminder,Your loan payment is overdue. Please contact us today to avoid further action. Msg&data rates may apply. Reply STOP to unsubscribe.,,,0,45.0,30-59 DPD
MSGA100944,Agency A,BOR201050,SL100235,2023-08-05 16:00:00,General Notice,Your account requires attention. Please contact our office at your earliest convenience. Reply STOP to stop these messages.,,,0,45.0,30-59 DPD
MSGA102078,Agency A,BOR201276,SL102325,2024-07-11 07:00:00,Settlement Offer,You may be eligible for a reduced settlement on your account. Contact us to learn more before this offer expires. Reply STOP to opt out.,,,0,75.0,60-89 DPD
MSGA100857,Agency A,BOR200390,SL101400,2021-11-14 16:00:00,Settlement Offer,You may be eligible for a reduced settlement on your account. Contact us to learn more before this offer expires. Reply STOP to opt out.,,,0,15.0,1-29 DPD
MSGA101788,Agency A,BOR202232,SL102478,2025-10-26 16:00:00,Payment Reminder,"Hi, this is a reminder that your student loan payment is past due. Call us or visit your account portal to make a payment. Reply STOP to opt out of text alerts.",,,0,45.0,30-59 DPD
MSGA100592,Agency A,BOR201333,SL101034,2026-06-07 08:00:00,General Notice,Your account requires attention. Please contact our office at your earliest convenience. Reply STOP to stop these messages.,sorry missed the bus stop have to call back later,2026-06-07 12:27:00,1,15.0,1-29 DPD
MSGA100678,Agency A,BOR200441,SL100046,2022-07-04 07:00:00,Payment Reminder,"Hi, this is a reminder that your student loan payment is past due. Call us or visit your account portal to make a payment. Reply STOP to opt out of text alerts.",,,0,15.0,1-29 DPD
MSGA100346,Agency A,BOR200838,SL102099,2022-08-09 16:00:00,General Notice,Your account requires attention. Please contact our office at your earliest convenience. Reply STOP to stop these messages.,,,0,15.0,1-29 DPD
MSGA100333,Agency A,BOR200755,SL101813,2025-09-12 07:00:00,General Notice,Your account requires attention. Please contact our office at your earliest convenience. Reply STOP to stop these messages.,,,0,75.0,60-89 DPD
MSGA100340,Agency A,BOR200820,SL101605,2024-12-10 11:00:00,Payment Reminder,"Hi, this is a reminder that your student loan payment is past due. Call us or visit your account portal to make a payment. Reply STOP to opt out of text alerts.",,,0,45.0,30-59 DPD
MSGA100136,Agency A,BOR200393,SL100800,2024-11-11 11:00:00,General Notice,Your account requires attention. Please contact our office at your earliest convenience. Reply STOP to stop these messages.,,,0,15.0,1-29 DPD
MSGA100502,Agency A,BOR200483,SL101159,2026-03-04 13:00:00,Settlement Offer,You may be eligible for a reduced settlement on your account. Contact us to learn more before this offer expires. Reply STOP to opt out.,,,0,15.0,1-29 DPD
MSGA100640,Agency A,BOR200266,SL101129,2023-07-20 14:00:00,Settlement Offer,You may be eligible for a reduced settlement on your account. Contact us to learn more before this offer expires. Reply STOP to opt out.,,,0,135.0,120-149 DPD
MSGA100429,Agency A,BOR201485,SL101440,2024-03-24 06:00:00,Settlement Offer,You may be eligible for a reduced settlement on your account. Contact us to learn more before this offer expires. Reply STOP to opt out.,how much do I owe,2024-03-24 11:48:00,0,15.0,1-29 DPD
MSGA100231,Agency A,BOR200288,SL101214,2023-07-06 08:00:00,Payment Reminder,Your loan payment is overdue. Please contact us today to avoid further action. Msg&data rates may apply. Reply STOP to unsubscribe.,,,0,45.0,30-59 DPD
MSGA101250,Agency A,BOR200106,SL101840,2023-06-03 14:00:00,Hardship Program Info,You may qualify for a temporary hardship repayment plan. Call us to discuss your options. Reply STOP to unsubscribe from texts.,ok will pay soon,2023-06-03 16:22:00,0,15.0,1-29 DPD
MSGA101128,Agency A,BOR200176,SL100777,2026-08-23 13:00:00,Payment Reminder,"Hi, this is a reminder that your student loan payment is past due. Call us or visit your account portal to make a payment. Reply STOP to opt out of text alerts.",,,0,45.0,30-59 DPD
MSGA101626,Agency A,BOR201428,SL101624,2026-03-17 16:00:00,General Notice,Your account requires attention. Please contact our office at your earliest convenience. Reply STOP to stop these messages.,can you call me instead,2026-03-18 01:08:00,0,105.0,90-119 DPD
MSGA101113,Agency A,BOR201331,SL101837,2024-06-17 06:00:00,Payment Reminder,"Hi, this is a reminder that your student loan payment is past due. Call us or visit your account portal to make a payment. Reply STOP to opt out of text alerts.",,,0,15.0,1-29 DPD
MSGA100691,Agency A,BOR200501,SL102040,2023-11-17 09:00:00,Hardship Program Info,You may qualify for a temporary hardship repayment plan. Call us to discuss your options. Reply STOP to unsubscribe from texts.,  STOP please   ,2023-11-17 11:12:00,1,15.0,1-29 DPD
MSGA101316,Agency A,BOR201888,SL101721,2024-11-15 15:00:00,Payment Reminder,Your loan payment is overdue. Please contact us today to avoid further action. Msg&data rates may apply. Reply STOP to unsubscribe.,already paid this,2024-11-15 23:40:00,0,45.0,30-59 DPD
MSGA100736,Agency A,BOR201629,SL100606,2026-02-24 15:00:00,Payment Reminder,Your loan payment is overdue. Please contact us today to avoid further action. Msg&data rates may apply. Reply STOP to unsubscribe.,,,0,15.0,1-29 DPD
MSGA100200,Agency A,BOR202018,SL100214,2025-05-27 11:00:00,Payment Reminder,"Hi, this is a reminder that your student loan payment is past due. Call us or visit your account portal to make a payment. Reply STOP to opt out of text alerts.",,,0,45.0,30-59 DPD
MSGA100254,Agency A,BOR202274,SL100344,2026-02-11 09:00:00,Payment Reminder,"Hi, this is a reminder that your student loan payment is past due. Call us or visit your account portal to make a payment. Reply STOP to opt out of text alerts.",STOP please,2026-02-11 18:04:00,1,15.0,1-29 DPD
MSGA101573,Agency A,BOR200033,SL100398,2022-09-16 14:00:00,Settlement Offer,You may be eligible for a reduced settlement on your account. Contact us to learn more before this offer expires. Reply STOP to opt out.,,,0,135.0,120-149 DPD
MSGA100370,Agency A,BOR200489,SL101956,2024-02-15 05:00:00,Payment Reminder,Your loan payment is overdue. Please contact us today to avoid further action. Msg&data rates may apply. Reply STOP to unsubscribe.,,,0,45.0,30-59 DPD
MSGA101150,Agency A,BOR200841,SL101614,2026-01-19 05:00:00,Payment Reminder,Your loan payment is overdue. Please contact us today to avoid further action. Msg&data rates may apply. Reply STOP to unsubscribe.,,,0,105.0,90-119 DPD
MSGA101650,Agency A,BOR200788,SL100346,2022-09-10 07:00:00,Payment Reminder,"Hi, this is a reminder that your student loan payment is past due. Call us or visit your account portal to make a payment. Reply STOP to opt out of text alerts.",,,0,195.0,180+ DPD
MSGA100564,Agency A,BOR201311,SL101511,2026-02-05 10:00:00,Payment Reminder,Your loan payment is overdue. Please contact us today to avoid further action. Msg&data rates may apply. Reply STOP to unsubscribe.,,,0,15.0,1-29 DPD
MSGA101589,Agency A,BOR200304,SL101383,2023-04-08 16:00:00,Hardship Program Info,You may qualify for a temporary hardship repayment plan. Call us to discuss your options. Reply STOP to unsubscribe from texts.,who is this,2023-04-08 20:27:00,0,45.0,30-59 DPD
MSGA101119,Agency A,BOR200526,SL101221,2024-08-28 07:00:00,Payment Reminder,Your loan payment is overdue. Please contact us today to avoid further action. Msg&data rates may apply. Reply STOP to unsubscribe.,,,0,15.0,1-29 DPD
MSGA101503,Agency A,BOR200639,SL101041,2025-11-06 10:00:00,Payment Reminder,Your loan payment is overdue. Please contact us today to avoid further action. Msg&data rates may apply. Reply STOP to unsubscribe.,,,0,15.0,1-29 DPD
MSGA101430,Agency A,BOR202283,SL101802,2026-07-23 11:00:00,Settlement Offer,You may be eligible for a reduced settlement on your account. Contact us to learn more before this offer expires. Reply STOP to opt out.,,,0,15.0,1-29 DPD
MSGA101286,Agency A,BOR201053,SL101453,2025-11-09 10:00:00,Payment Reminder,Your loan payment is overdue. Please contact us today to avoid further action. Msg&data rates may apply. Reply STOP to unsubscribe.,can you call me instead,2025-11-09 12:24:00,0,45.0,30-59 DPD
MSGA101582,Agency A,BOR201304,SL100585,2025-12-18 06:00:00,Payment Reminder,Your loan payment is overdue. Please contact us today to avoid further action. Msg&data rates may apply. Reply STOP to unsubscribe.,,,0,135.0,120-149 DPD
MSGA100821,Agency A,BOR201304,SL100585,2025-09-11 07:00:00,Hardship Program Info,You may qualify for a temporary hardship repayment plan. Call us to discuss your options. Reply STOP to unsubscribe from texts.,,,0,75.0,60-89 DPD
MSGA100063,Agency A,BOR200615,SL100433,2025-11-20 07:00:00,Settlement Offer,You may be eligible for a reduced settlement on your account. Contact us to learn more before this offer expires. Reply STOP to opt out.,,,0,105.0,90-119 DPD
MSGA101008,Agency A,BOR200930,SL100200,2024-06-20 08:00:00,Payment Reminder,Your loan payment is overdue. Please contact us today to avoid further action. Msg&data rates may apply. Reply STOP to unsubscribe.,ok will pay soon,2024-06-20 15:17:00,0,15.0,1-29 DPD
MSGA100005,Agency A,BOR202272,SL100172,2025-08-20 14:00:00,Payment Reminder,Your loan payment is overdue. Please contact us today to avoid further action. Msg&data rates may apply. Reply STOP to unsubscribe.,,,0,15.0,1-29 DPD
MSGA100076,Agency A,BOR200828,SL101884,2023-11-24 10:00:00,Payment Reminder,"Hi, this is a reminder that your student loan payment is past due. Call us or visit your account portal to make a payment. Reply STOP to opt out of text alerts.",,,0,15.0,1-29 DPD
MSGA100666,Agency A,BOR201331,SL101837,2022-07-14 12:00:00,Payment Reminder,Your loan payment is overdue. Please contact us today to avoid further action. Msg&data rates may apply. Reply STOP to unsubscribe.,,,0,75.0,60-89 DPD
MSGA101059,Agency A,BOR201602,SL101775,2023-02-08 08:00:00,Payment Reminder,"Hi, this is a reminder that your student loan payment is past due. Call us or visit your account portal to make a payment. Reply STOP to opt out of text alerts.",,,0,15.0,1-29 DPD
MSGA100137,Agency A,BOR200099,SL100124,2025-07-25 13:00:00,General Notice,Your account requires attention. Please contact our office at your earliest convenience. Reply STOP to stop these messages.,,,0,165.0,150-179 DPD
MSGA102032,Agency A,BOR200791,SL102112,2021-08-25 07:00:00,Payment Reminder,Your loan payment is overdue. Please contact us today to avoid further action. Msg&data rates may apply. Reply STOP to unsubscribe.,,,0,15.0,1-29 DPD
MSGA101324,Agency A,BOR201062,SL101487,2022-08-23 09:00:00,Payment Reminder,"Hi, this is a reminder that your student loan payment is past due. Call us or visit your account portal to make a payment. Reply STOP to opt out of text alerts.",,,0,15.0,1-29 DPD
MSGA101975,Agency A,BOR200568,SL100391,2023-03-05 15:00:00,General Notice,Your account requires attention. Please contact our office at your earliest convenience. Reply STOP to stop these messages.,,,0,45.0,30-59 DPD
MSGA101565,Agency A,BOR201449,SL100363,2025-05-15 10:00:00,Hardship Program Info,You may qualify for a temporary hardship repayment plan. Call us to discuss your options. Reply STOP to unsubscribe from texts.,,,0,165.0,150-179 DPD
MSGA101535,Agency A,BOR202208,SL102327,2026-04-22 08:00:00,General Notice,Your account requires attention. Please contact our office at your earliest convenience. Reply STOP to stop these messages.,,,0,135.0,120-149 DPD
MSGA100253,Agency A,BOR201776,SL101300,2025-09-05 15:00:00,Hardship Program Info,You may qualify for a temporary hardship repayment plan. Call us to discuss your options. Reply STOP to unsubscribe from texts.,,,0,195.0,180+ DPD
MSGA100126,Agency A,BOR200447,SL102278,2021-05-28 07:00:00,Payment Reminder,Your loan payment is overdue. Please contact us today to avoid further action. Msg&data rates may apply. Reply STOP to unsubscribe.,,,0,15.0,1-29 DPD
MSGA101006,Agency A,BOR200707,SL101760,2026-07-09 14:00:00,Hardship Program Info,You may qualify for a temporary hardship repayment plan. Call us to discuss your options. Reply STOP to unsubscribe from texts.,,,0,15.0,1-29 DPD
MSGA100425,Agency A,BOR200478,SL101541,2025-07-04 06:00:00,Settlement Offer,You may be eligible for a reduced settlement on your account. Contact us to learn more before this offer expires. Reply STOP to opt out.,,,0,15.0,1-29 DPD
MSGA100118,Agency A,BOR201284,SL102234,2025-06-11 15:00:00,General Notice,Your account requires attention. Please contact our office at your earliest convenience. Reply STOP to stop these messages.,,,0,75.0,60-89 DPD
MSGA100722,Agency A,BOR202107,SL100954,2024-09-15 16:00:00,Payment Reminder,"Hi, this is a reminder that your student loan payment is past due. Call us or visit your account portal to make a payment. Reply STOP to opt out of text alerts.",,,0,15.0,1-29 DPD
MSGA101351,Agency A,BOR200978,SL100841,2026-04-07 14:00:00,Payment Reminder,Your loan payment is overdue. Please contact us today to avoid further action. Msg&data rates may apply. Reply STOP to unsubscribe.,,,0,15.0,1-29 DPD
MSGA100577,Agency A,BOR201652,SL100212,2024-12-27 11:00:00,Settlement Offer,You may be eligible for a reduced settlement on your account. Contact us to learn more before this offer expires. Reply STOP to opt out.,ok will pay soon,2024-12-27 12:12:00,0,15.0,1-29 DPD
MSGA101684,Agency A,BOR201491,SL102083,2026-05-09 16:00:00,Hardship Program Info,You may qualify for a temporary hardship repayment plan. Call us to discuss your options. Reply STOP to unsubscribe from texts.,,,0,15.0,1-29 DPD
MSGA101705,Agency A,BOR200582,SL101616,2023-10-04 07:00:00,Hardship Program Info,You may qualify for a temporary hardship repayment plan. Call us to discuss your options. Reply STOP to unsubscribe from texts.,,,0,15.0,1-29 DPD
MSGA100434,Agency A,BOR200945,SL101864,2026-07-17 12:00:00,Hardship Program Info,You may qualify for a temporary hardship repayment plan. Call us to discuss your options. Reply STOP to unsubscribe from texts.,,,0,165.0,150-179 DPD
MSGA100356,Agency A,BOR201539,SL101966,2023-02-14 12:00:00,General Notice,Your account requires attention. Please contact our office at your earliest convenience. Reply STOP to stop these messages.,,,0,45.0,30-59 DPD
MSGA101859,Agency A,BOR201597,SL101530,2023-04-26 13:00:00,Hardship Program Info,You may qualify for a temporary hardship repayment plan. Call us to discuss your options. Reply STOP to unsubscribe from texts.,,,0,75.0,60-89 DPD
MSGA102048,Agency A,BOR202048,SL101552,2024-02-09 07:00:00,General Notice,Your account requires attention. Please contact our office at your earliest convenience. Reply STOP to stop these messages.,who is this,2024-02-09 13:59:00,0,15.0,1-29 DPD
MSGA100578,Agency A,BOR200375,SL100117,2024-04-22 14:00:00,General Notice,Your account requires attention. Please contact our office at your earliest convenience. Reply STOP to stop these messages.,,,0,105.0,90-119 DPD
MSGA100148,Agency A,BOR201305,SL101963,2024-01-28 13:00:00,Payment Reminder,Your loan payment is overdue. Please contact us today to avoid further action. Msg&data rates may apply. Reply STOP to unsubscribe.,my payment stopped going through last month can you check,2024-01-28 22:58:00,1,15.0,1-29 DPD
MSGA100332,Agency A,BOR200877,SL102298,2026-01-06 05:00:00,General Notice,Your account requires attention. Please contact our office at your earliest convenience. Reply STOP to stop these messages.,,,0,75.0,60-89 DPD
MSGA101019,Agency A,BOR200390,SL101400,2021-06-19 05:00:00,Settlement Offer,You may be eligible for a reduced settlement on your account. Contact us to learn more before this offer expires. Reply STOP to opt out.,,,0,15.0,1-29 DPD
MSGA100636,Agency A,BOR201074,SL101643,2023-11-11 14:00:00,Hardship Program Info,You may qualify for a temporary hardship repayment plan. Call us to discuss your options. Reply STOP to unsubscribe from texts.,,,0,45.0,30-59 DPD
MSGA101010,Agency A,BOR201570,SL101814,2021-01-28 07:00:00,Payment Reminder,Your loan payment is overdue. Please contact us today to avoid further action. Msg&data rates may apply. Reply STOP to unsubscribe.,,,0,15.0,1-29 DPD
MSGA100368,Agency A,BOR200340,SL101314,2026-02-21 07:00:00,General Notice,Your account requires attention. Please contact our office at your earliest convenience. Reply STOP to stop these messages.,,,0,45.0,30-59 DPD
MSGA101067,AGENCY_A,BOR202018,SL100214,2022-12-07 16:00:00,Payment Reminder,Your loan payment is overdue. Please contact us today to avoid further action. Msg&data rates may apply. Reply STOP to unsubscribe.,,,0,15.0,1-29 DPD
MSGA101575,Agency A,BOR200595,SL100545,2022-06-22 07:00:00,Payment Reminder,Your loan payment is overdue. Please contact us today to avoid further action. Msg&data rates may apply. Reply STOP to unsubscribe.,how much do I owe,2022-06-22 08:24:00,0,105.0,90-119 DPD
MSGA100183,Agency A,BOR200375,SL100117,2026-06-18 05:00:00,Payment Reminder,"Hi, this is a reminder that your student loan payment is past due. Call us or visit your account portal to make a payment. Reply STOP to opt out of text alerts.",,,0,135.0,120-149 DPD
MSGA101368,Agency A,BOR201069,SL102100,2022-10-18 06:00:00,Payment Reminder,Your loan payment is overdue. Please contact us today to avoid further action. Msg&data rates may apply. Reply STOP to unsubscribe.,,,0,45.0,30-59 DPD
MSGA100341,Agency A,BOR201116,SL101001,2025-07-18 11:00:00,Payment Reminder,Your loan payment is overdue. Please contact us today to avoid further action. Msg&data rates may apply. Reply STOP to unsubscribe.,,,0,15.0,1-29 DPD
MSGA100718,Agency A,BOR200894,SL100100,2022-01-17 16:00:00,Payment Reminder,Your loan payment is overdue. Please contact us today to avoid further action. Msg&data rates may apply. Reply STOP to unsubscribe.,,,0,45.0,30-59 DPD
MSGA101521,Agency A,BOR201561,SL100414,2026-06-14 14:00:00,Payment Reminder,"Hi, this is a reminder that your student loan payment is past due. Call us or visit your account portal to make a payment. Reply STOP to opt out of text alerts.",,,0,15.0,1-29 DPD
MSGA100650,Agency A,BOR201898,SL101123,2025-11-11 16:00:00,Payment Reminder,,,,0,15.0,1-29 DPD
MSGA101696,Agency A,BOR202154,SL100221,2025-05-27 14:00:00,Settlement Offer,You may be eligible for a reduced settlement on your account. Contact us to learn more before this offer expires. Reply STOP to opt out.,,,0,165.0,150-179 DPD
MSGA100459,Agency A,BOR200599,SL100033,2021-09-15 16:00:00,Settlement Offer,You may be eligible for a reduced settlement on your account. Contact us to learn more before this offer expires. Reply STOP to opt out.,,,0,75.0,60-89 DPD
MSGA100771,Agency A,BOR201980,SL101906,2024-01-10 11:00:00,General Notice,Your account requires attention. Please contact our office at your earliest convenience. Reply STOP to stop these messages.,,,0,45.0,30-59 DPD
MSGA101743,Agency A,BOR202038,SL100512,2024-01-21 13:00:00,Payment Reminder,Your loan payment is overdue. Please contact us today to avoid further action. Msg&data rates may apply. Reply STOP to unsubscribe.,,,0,105.0,90-119 DPD
MSGA100999,Agency A,BOR201474,SL101700,2021-03-18 14:00:00,General Notice,Your account requires attention. Please contact our office at your earliest convenience. Reply STOP to stop these messages.,,,0,75.0,60-89 DPD
MSGA101301,Agency A,BOR201094,SL100758,2023-07-07 09:00:00,Settlement Offer,You may be eligible for a reduced settlement on your account. Contact us to learn more before this offer expires. Reply STOP to opt out.,,,0,15.0,1-29 DPD
MSGA100791,Agency A,BOR201882,SL100500,2026-05-21 15:00:00,Payment Reminder,"Hi, this is a reminder that your student loan payment is past due. Call us or visit your account portal to make a payment. Reply STOP to opt out of text alerts.",,,0,15.0,1-29 DPD
MSGA100351,Agency A,BOR200315,SL101413,2026-03-08 09:00:00,Payment Reminder,"Hi, this is a reminder that your student loan payment is past due. Call us or visit your account portal to make a payment. Reply STOP to opt out of text alerts.",,,0,105.0,90-119 DPD
MSGA100133,Agency A,BOR200738,SL100992,2023-05-06 14:00:00,Payment Reminder,"Hi, this is a reminder that your student loan payment is past due. Call us or visit your account portal to make a payment. Reply STOP to opt out of text alerts.",already paid this,2023-05-06 23:00:00,0,45.0,30-59 DPD
MSGA100008,Agency A,BOR201043,SL102088,2021-07-13 16:00:00,Payment Reminder,Your loan payment is overdue. Please contact us today to avoid further action. Msg&data rates may apply. Reply STOP to unsubscribe.,,,0,45.0,30-59 DPD
MSGA101686,Agency A,BOR201035,SL101078,2026-08-08 15:00:00,General Notice,Your account requires attention. Please contact our office at your earliest convenience. Reply STOP to stop these messages.,already paid this,2026-08-08 23:28:00,0,75.0,60-89 DPD
MSGA101830,Agency A,BOR201203,SL101275,2026-02-24 16:00:00,Payment Reminder,Your loan payment is overdue. Please contact us today to avoid further action. Msg&data rates may apply. Reply STOP to unsubscribe.,,,0,45.0,30-59 DPD
MSGA101469,Agency A,BOR201132,SL100612,2025-10-14 10:00:00,General Notice,Your account requires attention. Please contact our office at your earliest convenience. Reply STOP to stop these messages.,,,0,15.0,1-29 DPD
MSGA100073,AGENCY_A,BOR200721,SL101247,2025-08-12 06:00:00,Payment Reminder,"Hi, this is a reminder that your student loan payment is past due. Call us or visit your account portal to make a payment. Reply STOP to opt out of text alerts.",,,0,15.0,1-29 DPD
MSGA100657,Agency A,BOR201502,SL101749,2025-06-06 09:00:00,Hardship Program Info,You may qualify for a temporary hardship repayment plan. Call us to discuss your options. Reply STOP to unsubscribe from texts.,,,0,15.0,1-29 DPD
MSGA100973,Agency A,BOR202102,SL100961,2025-04-06 12:00:00,Payment Reminder,,,,0,45.0,30-59 DPD
MSGA100560,Agency A,BOR200179,SL100932,2024-02-24 13:00:00,General Notice,Your account requires attention. Please contact our office at your earliest convenience. Reply STOP to stop these messages.,,,0,45.0,30-59 DPD
MSGA102028,Agency A,BOR200595,SL100545,2021-08-26 15:00:00,General Notice,Your account requires attention. Please contact our office at your earliest convenience. Reply STOP to stop these messages.,,,0,45.0,30-59 DPD
MSGA100235,Agency A,BOR201807,SL101075,2024-12-07 15:00:00,Settlement Offer,You may be eligible for a reduced settlement on your account. Contact us to learn more before this offer expires. Reply STOP to opt out.,nonstop calls today about this smh,2024-12-07 18:09:00,1,15.0,1-29 DPD
MSGA100185,Agency A,BOR201743,SL100975,2026-03-07 15:00:00,General Notice,Your account requires attention. Please contact our office at your earliest convenience. Reply STOP to stop these messages.,,,0,75.0,60-89 DPD
MSGA101222,Agency A,BOR200639,SL101041,2025-08-16 12:00:00,Payment Reminder,Your loan payment is overdue. Please contact us today to avoid further action. Msg&data rates may apply. Reply STOP to unsubscribe.,,,0,15.0,1-29 DPD
MSGA100693,Agency A,BOR201190,SL102396,2025-08-08 08:00:00,General Notice,Your account requires attention. Please contact our office at your earliest convenience. Reply STOP to stop these messages.,,,0,105.0,90-119 DPD
MSGA102016,Agency A,BOR200837,SL100028,2021-11-15 06:00:00,Settlement Offer,You may be eligible for a reduced settlement on your account. Contact us to learn more before this offer expires. Reply STOP to opt out.,,,0,75.0,60-89 DPD
MSGA100124,Agency A,BOR201311,SL101511,2021-07-09 07:00:00,Payment Reminder,Your loan payment is overdue. Please contact us today to avoid further action. Msg&data rates may apply. Reply STOP to unsubscribe.,,,0,75.0,60-89 DPD
MSGA101638,Agency A,BOR201618,SL100264,2025-03-27 05:00:00,General Notice,Your account requires attention. Please contact our office at your earliest convenience. Reply STOP to stop these messages.,,,0,135.0,120-149 DPD
MSGA100819,Agency A,BOR200052,SL101800,2023-01-11 10:00:00,General Notice,Your account requires attention. Please contact our office at your earliest convenience. Reply STOP to stop these messages.,,,0,45.0,30-59 DPD
MSGA101234,Agency A,BOR201402,SL101130,2024-12-13 10:00:00,Payment Reminder,Your loan payment is overdue. Please contact us today to avoid further action. Msg&data rates may apply. Reply STOP to unsubscribe.,,,0,105.0,90-119 DPD
MSGA100682,Agency A,BOR202245,SL101717,2022-05-07 06:00:00,General Notice,Your account requires attention. Please contact our office at your earliest convenience. Reply STOP to stop these messages.,,,0,15.0,1-29 DPD
MSGA101633,Agency A,BOR201550,SL102453,2026-06-05 05:00:00,Payment Reminder,Your loan payment is overdue. Please contact us today to avoid further action. Msg&data rates may apply. Reply STOP to unsubscribe.,,,0,15.0,1-29 DPD
MSGA100191,Agency A,BOR202279,SL101012,2021-12-24 15:00:00,Payment Reminder,"Hi, this is a reminder that your student loan payment is past due. Call us or visit your account portal to make a payment. Reply STOP to opt out of text alerts.",,,0,15.0,1-29 DPD
MSGA100680,Agency A,BOR200287,SL100424,2022-07-06 15:00:00,Settlement Offer,You may be eligible for a reduced settlement on your account. Contact us to learn more before this offer expires. Reply STOP to opt out.,Stop,2022-07-06 16:58:00,1,15.0,1-29 DPD
MSGA101463,Agency A,BOR200055,SL101876,2025-02-04 11:00:00,Settlement Offer,You may be eligible for a reduced settlement on your account. Contact us to learn more before this offer expires. Reply STOP to opt out.,,,0,75.0,60-89 DPD
MSGA101223,Agency A,BOR200871,SL101672,2025-10-24 08:00:00,Payment Reminder,"Hi, this is a reminder that your student loan payment is past due. Call us or visit your account portal to make a payment. Reply STOP to opt out of text alerts.",,,0,15.0,1-29 DPD
MSGA100533,Agency A,BOR201812,SL100621,2025-12-27 08:00:00,Payment Reminder,Your loan payment is overdue. Please contact us today to avoid further action. Msg&data rates may apply. Reply STOP to unsubscribe.,unsubscribe STOP,2025-12-27 09:19:00,1,135.0,120-149 DPD
MSGA100075,Agency A,BOR201711,SL101905,2022-03-07 08:00:00,Settlement Offer,You may be eligible for a reduced settlement on your account. Contact us to learn more before this offer expires. Reply STOP to opt out.,already paid this,2022-03-07 12:48:00,0,45.0,30-59 DPD
MSGA101276,Agency A,BOR201782,SL100539,2025-06-11 11:00:00,Settlement Offer,You may be eligible for a reduced settlement on your account. Contact us to learn more before this offer expires. Reply STOP to opt out.,,,0,15.0,1-29 DPD
MSGA101419,Agency A,BOR202165,SL101503,2023-11-24 13:00:00,Payment Reminder,Your loan payment is overdue. Please contact us today to avoid further action. Msg&data rates may apply. Reply STOP to unsubscribe.,,,0,15.0,1-29 DPD
MSGA101548,Agency A,BOR201276,SL102325,2026-01-18 10:00:00,Payment Reminder,"Hi, this is a reminder that your student loan payment is past due. Call us or visit your account portal to make a payment. Reply STOP to opt out of text alerts.",can u stop texting me at work im in a meeting,2026-01-18 10:23:00,1,195.0,180+ DPD
MSGA101561,Agency A,BOR201398,SL100928,2026-02-20 16:00:00,Payment Reminder,"Hi, this is a reminder that your student loan payment is past due. Call us or visit your account portal to make a payment. Reply STOP to opt out of text alerts.",,,0,75.0,60-89 DPD
MSGA100023,Agency A,BOR200919,SL100158,2025-10-17 08:00:00,General Notice,Your account requires attention. Please contact our office at your earliest convenience. Reply STOP to stop these messages.,,,0,15.0,1-29 DPD
MSGA101332,Agency A,BOR201311,SL101511,2021-08-12 14:00:00,Payment Reminder,"Hi, this is a reminder that your student loan payment is past due. Call us or visit your account portal to make a payment. Reply STOP to opt out of text alerts.",,,0,105.0,90-119 DPD
MSGA101627,Agency A,BOR201264,SL101326,2021-02-20 14:00:00,Hardship Program Info,You may qualify for a temporary hardship repayment plan. Call us to discuss your options. Reply STOP to unsubscribe from texts.,,,0,15.0,1-29 DPD
MSGA101806,Agency A,BOR201812,SL100621,2026-01-09 13:00:00,General Notice,Your account requires attention. Please contact our office at your earliest convenience. Reply STOP to stop these messages.,,,0,165.0,150-179 DPD
MSGA102001,Agency A,BOR200572,SL101710,2024-05-11 11:00:00,Payment Reminder,"Hi, this is a reminder that your student loan payment is past due. Call us or visit your account portal to make a payment. Reply STOP to opt out of text alerts.",,,0,75.0,60-89 DPD
MSGA100187,Agency A,BOR200304,SL101383,2026-08-19 09:00:00,General Notice,Your account requires attention. Please contact our office at your earliest convenience. Reply STOP to stop these messages.,,,0,15.0,1-29 DPD
MSGA100380,AGENCY_A,BOR200015,SL100467,2026-02-08 15:00:00,General Notice,Your account requires attention. Please contact our office at your earliest convenience. Reply STOP to stop these messages.,,,0,75.0,60-89 DPD
MSGA101805,Agency A,BOR201616,SL101134,2025-01-09 11:00:00,Payment Reminder,Your loan payment is overdue. Please contact us today to avoid further action. Msg&data rates may apply. Reply STOP to unsubscribe.,"stop it's already paid, why do I keep getting texts",2025-01-09 14:52:00,1,45.0,30-59 DPD
MSGA100967,Agency A,BOR200187,SL102445,2024-08-05 14:00:00,Hardship Program Info,You may qualify for a temporary hardship repayment plan. Call us to discuss your options. Reply STOP to unsubscribe from texts.,,,0,45.0,30-59 DPD
MSGA101708,Agency A,BOR201616,SL101134,2025-02-09 05:00:00,General Notice,Your account requires attention. Please contact our office at your earliest convenience. Reply STOP to stop these messages.,,,0,75.0,60-89 DPD
MSGA100978,Agency A,BOR202007,SL100711,2022-11-20 15:00:00,Settlement Offer,You may be eligible for a reduced settlement on your account. Contact us to learn more before this offer expires. Reply STOP to opt out.,,,0,75.0,60-89 DPD
MSGA102065,Agency A,BOR202163,SL101459,2026-07-09 08:00:00,Payment Reminder,Your loan payment is overdue. Please contact us today to avoid further action. Msg&data rates may apply. Reply STOP to unsubscribe.,,,0,45.0,30-59 DPD
MSGA100286,Agency A,BOR201863,SL102245,2023-05-18 06:00:00,Hardship Program Info,You may qualify for a temporary hardship repayment plan. Call us to discuss your options. Reply STOP to unsubscribe from texts.,,,0,45.0,30-59 DPD
MSGA100991,Agency A,BOR202277,SL100877,2025-07-21 15:00:00,Settlement Offer,You may be eligible for a reduced settlement on your account. Contact us to learn more before this offer expires. Reply STOP to opt out.,,,0,15.0,1-29 DPD
MSGA101880,Agency A,BOR200887,SL101758,2024-04-09 06:00:00,Payment Reminder,Your loan payment is overdue. Please contact us today to avoid further action. Msg&data rates may apply. Reply STOP to unsubscribe.,,,0,45.0,30-59 DPD
MSGA101617,Agency A,BOR200606,SL102149,2022-12-04 15:00:00,Payment Reminder,"Hi, this is a reminder that your student loan payment is past due. Call us or visit your account portal to make a payment. Reply STOP to opt out of text alerts.",,,0,45.0,30-59 DPD
MSGA100245,Agency A,BOR201434,SL101281,2021-11-05 10:00:00,General Notice,Your account requires attention. Please contact our office at your earliest convenience. Reply STOP to stop these messages.,who is this,2021-11-05 19:18:00,0,15.0,1-29 DPD
MSGA101305,Agency A,BOR202236,SL100953,2025-06-19 12:00:00,General Notice,Your account requires attention. Please contact our office at your earliest convenience. Reply STOP to stop these messages.,,,0,45.0,30-59 DPD
MSGA101311,Agency A,BOR202102,SL100961,2025-03-21 14:00:00,Hardship Program Info,You may qualify for a temporary hardship repayment plan. Call us to discuss your options. Reply STOP to unsubscribe from texts.,,,0,15.0,1-29 DPD
MSGA100653,Agency A,BOR201184,SL100804,2023-08-08 16:00:00,Payment Reminder,"Hi, this is a reminder that your student loan payment is past due. Call us or visit your account portal to make a payment. Reply STOP to opt out of text alerts.",,,0,135.0,120-149 DPD
MSGA101837,Agency A,BOR202087,SL102391,2024-09-07 05:00:00,General Notice,Your account requires attention. Please contact our office at your earliest convenience. Reply STOP to stop these messages.,,,0,105.0,90-119 DPD
MSGA100044,Agency A,BOR200652,SL102125,2022-11-16 09:00:00,Payment Reminder,Your loan payment is overdue. Please contact us today to avoid further action. Msg&data rates may apply. Reply STOP to unsubscribe.,,,0,15.0,1-29 DPD
MSGA100723,Agency A,BOR200516,SL101847,2023-04-12 07:00:00,Settlement Offer,You may be eligible for a reduced settlement on your account. Contact us to learn more before this offer expires. Reply STOP to opt out.,,,0,15.0,1-29 DPD
MSGA100164,Agency A,BOR202055,SL100743,2025-12-12 06:00:00,General Notice,Your account requires attention. Please contact our office at your earliest convenience. Reply STOP to stop these messages.,Stop - remove my number,2025-12-12 06:04:00,1,15.0,1-29 DPD
MSGA100773,Agency A,BOR202154,SL100221,2024-03-24 14:00:00,Payment Reminder,Your loan payment is overdue. Please contact us today to avoid further action. Msg&data rates may apply. Reply STOP to unsubscribe.,,,0,45.0,30-59 DPD
MSGA100669,Agency A,BOR200990,SL101741,2026-06-09 05:00:00,Payment Reminder,"Hi, this is a reminder that your student loan payment is past due. Call us or visit your account portal to make a payment. Reply STOP to opt out of text alerts.",,,0,75.0,60-89 DPD
MSGA101758,Agency A,BOR200691,SL101855,2021-02-18 07:00:00,Settlement Offer,You may be eligible for a reduced settlement on your account. Contact us to learn more before this offer expires. Reply STOP to opt out.,,,0,15.0,1-29 DPD
MSGA101071,Agency A,BOR202267,SL100625,2026-07-22 16:00:00,Hardship Program Info,You may qualify for a temporary hardship repayment plan. Call us to discuss your options. Reply STOP to unsubscribe from texts.,,,0,105.0,90-119 DPD
MSGA101883,Agency A,BOR201667,SL102297,2024-12-05 13:00:00,Settlement Offer,You may be eligible for a reduced settlement on your account. Contact us to learn more before this offer expires. Reply STOP to opt out.,,,0,75.0,60-89 DPD
MSGA101691,Agency A,BOR200375,SL100117,2026-04-21 09:00:00,Settlement Offer,You may be eligible for a reduced settlement on your account. Contact us to learn more before this offer expires. Reply STOP to opt out.,yes,2026-04-21 09:18:00,0,135.0,120-149 DPD
MSGA100737,Agency A,BOR201551,SL100741,2022-06-16 06:00:00,Payment Reminder,"Hi, this is a reminder that your student loan payment is past due. Call us or visit your account portal to make a payment. Reply STOP to opt out of text alerts.",,,0,15.0,1-29 DPD
MSGA101225,Agency A,BOR200040,SL101919,2026-02-24 13:00:00,Payment Reminder,"Hi, this is a reminder that your student loan payment is past due. Call us or visit your account portal to make a payment. Reply STOP to opt out of text alerts.",,,0,15.0,1-29 DPD
MSGA101697,Agency A,BOR200841,SL101614,2025-11-09 12:00:00,Settlement Offer,You may be eligible for a reduced settlement on your account. Contact us to learn more before this offer expires. Reply STOP to opt out.,,,0,45.0,30-59 DPD
MSGA101624,Agency A,BOR200953,SL102441,2023-08-09 11:00:00,General Notice,Your account requires attention. Please contact our office at your earliest convenience. Reply STOP to stop these messages.,,,0,15.0,1-29 DPD
MSGA100433,Agency A,BOR201087,SL102208,2023-09-20 14:00:00,Payment Reminder,"Hi, this is a reminder that your student loan payment is past due. Call us or visit your account portal to make a payment. Reply STOP to opt out of text alerts.",,,0,135.0,120-149 DPD
MSGA100342,Agency A,BOR200052,SL101800,2026-01-24 06:00:00,General Notice,Your account requires attention. Please contact our office at your earliest convenience. Reply STOP to stop these messages.,,,0,15.0,1-29 DPD
MSGA100591,Agency A,BOR200027,SL100635,2022-05-14 12:00:00,Settlement Offer,You may be eligible for a reduced settlement on your account. Contact us to learn more before this offer expires. Reply STOP to opt out.,,,0,15.0,1-29 DPD
MSGA101949,Agency A,BOR201074,SL101643,2024-05-21 11:00:00,Hardship Program Info,You may qualify for a temporary hardship repayment plan. Call us to discuss your options. Reply STOP to unsubscribe from texts.,,,0,45.0,30-59 DPD
MSGA100622,Agency A,BOR200149,SL102034,2023-03-04 06:00:00,Payment Reminder,Your loan payment is overdue. Please contact us today to avoid further action. Msg&data rates may apply. Reply STOP to unsubscribe.,,,0,15.0,1-29 DPD
MSGA101280,Agency A,BOR200429,SL100998,2025-02-15 08:00:00,Settlement Offer,You may be eligible for a reduced settlement on your account. Contact us to learn more before this offer expires. Reply STOP to opt out.,,,0,165.0,150-179 DPD
MSGA101294,Agency A,BOR202279,SL101012,2023-03-19 08:00:00,General Notice,Your account requires attention. Please contact our office at your earliest convenience. Reply STOP to stop these messages.,,,0,15.0,1-29 DPD
MSGA100810,Agency A,BOR202219,SL101562,2023-06-09 13:00:00,General Notice,Your account requires attention. Please contact our office at your earliest convenience. Reply STOP to stop these messages.,,,0,45.0,30-59 DPD
MSGA101361,Agency A,BOR201619,SL100364,2026-02-16 05:00:00,Payment Reminder,Your loan payment is overdue. Please contact us today to avoid further action. Msg&data rates may apply. Reply STOP to unsubscribe.,,,0,15.0,1-29 DPD
MSGA101688,Agency A,BOR202220,SL102236,2024-01-14 08:00:00,Hardship Program Info,You may qualify for a temporary hardship repayment plan. Call us to discuss your options. Reply STOP to unsubscribe from texts.,,,0,15.0,1-29 DPD
MSGA100624,Agency A,BOR202267,SL100625,2026-01-25 07:00:00,Payment Reminder,"Hi, this is a reminder that your student loan payment is past due. Call us or visit your account portal to make a payment. Reply STOP to opt out of text alerts.",,,0,45.0,30-59 DPD
MSGA100632,Agency A,BOR201888,SL101721,2024-12-07 05:00:00,General Notice,Your account requires attention. Please contact our office at your earliest convenience. Reply STOP to stop these messages.,,,0,75.0,60-89 DPD
MSGA100968,Agency A,BOR202310,SL100478,2025-03-14 08:00:00,General Notice,Your account requires attention. Please contact our office at your earliest convenience. Reply STOP to stop these messages.,,,0,15.0,1-29 DPD
MSGA101807,Agency A,BOR201282,SL100014,2025-04-10 16:00:00,General Notice,Your account requires attention. Please contact our office at your earliest convenience. Reply STOP to stop these messages.,,,0,15.0,1-29 DPD
MSGA101559,Agency A,BOR200939,SL100902,2022-01-08 09:00:00,General Notice,Your account requires attention. Please contact our office at your earliest convenience. Reply STOP to stop these messages.,,,0,15.0,1-29 DPD
MSGA101895,Agency A,BOR200827,SL101454,2021-10-17 15:00:00,Payment Reminder,"Hi, this is a reminder that your student loan payment is past due. Call us or visit your account portal to make a payment. Reply STOP to opt out of text alerts.",,,0,15.0,1-29 DPD
MSGA100715,Agency A,BOR200192,SL102388,2026-06-04 12:00:00,General Notice,Your account requires attention. Please contact our office at your earliest convenience. Reply STOP to stop these messages.,,,0,105.0,90-119 DPD
MSGA100455,Agency A,BOR201836,SL101325,2026-04-25 05:00:00,Settlement Offer,You may be eligible for a reduced settlement on your account. Contact us to learn more before this offer expires. Reply STOP to opt out.,,,0,45.0,30-59 DPD
MSGA101111,Agency A,BOR200685,SL100347,2024-11-26 08:00:00,Settlement Offer,You may be eligible for a reduced settlement on your account. Contact us to learn more before this offer expires. Reply STOP to opt out.,,,0,165.0,150-179 DPD
MSGA101602,Agency A,BOR200534,SL100007,2024-03-18 08:00:00,General Notice,Your account requires attention. Please contact our office at your earliest convenience. Reply STOP to stop these messages.,,,0,75.0,60-89 DPD
MSGA100067,Agency A,BOR201304,SL100585,2026-04-10 07:00:00,General Notice,Your account requires attention. Please contact our office at your earliest convenience. Reply STOP to stop these messages.,k,2026-04-10 12:47:00,0,135.0,120-149 DPD
MSGA100787,Agency A,BOR201602,SL101775,2023-07-17 16:00:00,Payment Reminder,,,,0,75.0,60-89 DPD
MSGA101845,Agency A,BOR201043,SL102448,2021-06-06 08:00:00,Settlement Offer,You may be eligible for a reduced settlement on your account. Contact us to learn more before this offer expires. Reply STOP to opt out.,,,0,15.0,1-29 DPD
MSGA100756,Agency A,BOR200671,SL101192,2025-04-23 13:00:00,Payment Reminder,Your loan payment is overdue. Please contact us today to avoid further action. Msg&data rates may apply. Reply STOP to unsubscribe.,,,0,45.0,30-59 DPD
MSGA101432,Agency A,BOR200877,SL102298,2026-08-15 08:00:00,Hardship Program Info,You may qualify for a temporary hardship repayment plan. Call us to discuss your options. Reply STOP to unsubscribe from texts.,,,0,135.0,120-149 DPD
MSGA101728,Agency A,BOR201697,SL101755,2023-07-23 07:00:00,Payment Reminder,"Hi, this is a reminder that your student loan payment is past due. Call us or visit your account portal to make a payment. Reply STOP to opt out of text alerts.",,,0,75.0,60-89 DPD
MSGA100113,Agency A,BOR200788,SL100346,2021-10-20 08:00:00,Payment Reminder,Your loan payment is overdue. Please contact us today to avoid further action. Msg&data rates may apply. Reply STOP to unsubscribe.,can you call me instead,2021-10-20 14:17:00,0,105.0,90-119 DPD
MSGA100309,Agency A,BOR202233,SL102492,2024-09-20 15:00:00,Hardship Program Info,You may qualify for a temporary hardship repayment plan. Call us to discuss your options. Reply STOP to unsubscribe from texts.,,,0,15.0,1-29 DPD
MSGA100111,Agency A,BOR201617,SL100990,2025-11-05 14:00:00,General Notice,Your account requires attention. Please contact our office at your earliest convenience. Reply STOP to stop these messages.,,,0,15.0,1-29 DPD
MSGA100864,Agency A,BOR200266,SL101129,2024-05-26 07:00:00,Payment Reminder,Your loan payment is overdue. Please contact us today to avoid further action. Msg&data rates may apply. Reply STOP to unsubscribe.,,,0,15.0,1-29 DPD
MSGA101269,Agency A,BOR201597,SL101530,2023-06-15 05:00:00,Settlement Offer,You may be eligible for a reduced settlement on your account. Contact us to learn more before this offer expires. Reply STOP to opt out.,,,0,105.0,90-119 DPD
MSGA100268,Agency A,BOR200897,SL101433,2022-06-04 06:00:00,Hardship Program Info,You may qualify for a temporary hardship repayment plan. Call us to discuss your options. Reply STOP to unsubscribe from texts.,already paid this,2022-06-04 10:49:00,0,15.0,1-29 DPD
MSGA100070,Agency A,BOR200303,SL101086,2023-02-07 07:00:00,Payment Reminder,Your loan payment is overdue. Please contact us today to avoid further action. Msg&data rates may apply. Reply STOP to unsubscribe.,,,0,15.0,1-29 DPD
MSGA100102,Agency A,BOR200606,SL102149,2022-06-09 08:00:00,Hardship Program Info,You may qualify for a temporary hardship repayment plan. Call us to discuss your options. Reply STOP to unsubscribe from texts.,,,0,15.0,1-29 DPD
MSGA100400,Agency A,BOR200308,SL102266,2025-06-12 10:00:00,Hardship Program Info,You may qualify for a temporary hardship repayment plan. Call us to discuss your options. Reply STOP to unsubscribe from texts.,,,0,15.0,1-29 DPD
MSGA101027,Agency A,BOR201474,SL101700,2021-08-27 07:00:00,General Notice,Your account requires attention. Please contact our office at your earliest convenience. Reply STOP to stop these messages.,,,0,105.0,90-119 DPD
MSGA100788,Agency A,BOR201871,SL100814,2025-12-11 10:00:00,Payment Reminder,Your loan payment is overdue. Please contact us today to avoid further action. Msg&data rates may apply. Reply STOP to unsubscribe.,STOP,2025-12-11 10:39:00,1,105.0,90-119 DPD
MSGA100406,Agency A,BOR201729,SL101647,2023-09-16 12:00:00,Settlement Offer,You may be eligible for a reduced settlement on your account. Contact us to learn more before this offer expires. Reply STOP to opt out.,STOP please,2023-09-16 21:31:00,1,45.0,30-59 DPD
MSGA100642,Agency A,BOR200868,SL101273,2025-12-13 09:00:00,Payment Reminder,Your loan payment is overdue. Please contact us today to avoid further action. Msg&data rates may apply. Reply STOP to unsubscribe.,,,0,15.0,1-29 DPD
MSGA100301,Agency A,BOR201599,SL102247,2021-08-23 10:00:00,Hardship Program Info,You may qualify for a temporary hardship repayment plan. Call us to discuss your options. Reply STOP to unsubscribe from texts.,,,0,135.0,120-149 DPD
MSGA100259,Agency A,BOR200963,SL102221,2022-04-22 14:00:00,Hardship Program Info,You may qualify for a temporary hardship repayment plan. Call us to discuss your options. Reply STOP to unsubscribe from texts.,,,0,45.0,30-59 DPD
MSGA100602,Agency A,BOR201651,SL102045,2025-03-08 14:00:00,Payment Reminder,"Hi, this is a reminder that your student loan payment is past due. Call us or visit your account portal to make a payment. Reply STOP to opt out of text alerts.",,,0,45.0,30-59 DPD
MSGA101333,Agency A,BOR200314,SL100483,2024-05-04 13:00:00,Hardship Program Info,You may qualify for a temporary hardship repayment plan. Call us to discuss your options. Reply STOP to unsubscribe from texts.,,,0,135.0,120-149 DPD
MSGA101536,Agency A,BOR200691,SL101855,2024-06-18 06:00:00,Hardship Program Info,You may qualify for a temporary hardship repayment plan. Call us to discuss your options. Reply STOP to unsubscribe from texts.,,,0,15.0,1-29 DPD
MSGA100888,Agency A,BOR201667,SL102297,2024-08-16 05:00:00,General Notice,Your account requires attention. Please contact our office at your earliest convenience. Reply STOP to stop these messages.,,,0,45.0,30-59 DPD
MSGA100898,Agency A,BOR201712,SL100406,2022-07-13 08:00:00,Settlement Offer,You may be eligible for a reduced settlement on your account. Contact us to learn more before this offer expires. Reply STOP to opt out.,,,0,165.0,150-179 DPD
MSGA100006,Agency A,BOR200457,SL100228,2025-04-22 05:00:00,Hardship Program Info,You may qualify for a temporary hardship repayment plan. Call us to discuss your options. Reply STOP to unsubscribe from texts.,,,0,15.0,1-29 DPD
MSGA101700,Agency A,BOR202066,SL100425,2021-11-12 11:00:00,Payment Reminder,"Hi, this is a reminder that your student loan payment is past due. Call us or visit your account portal to make a payment. Reply STOP to opt out of text alerts.",,,0,15.0,1-29 DPD
MSGA101404,Agency A,BOR202038,SL100512,2023-10-14 14:00:00,General Notice,Your account requires attention. Please contact our office at your earliest convenience. Reply STOP to stop these messages.,,,0,45.0,30-59 DPD
MSGA101993,Agency A,BOR201902,SL101918,2021-05-07 14:00:00,Payment Reminder,Your loan payment is overdue. Please contact us today to avoid further action. Msg&data rates may apply. Reply STOP to unsubscribe.,,,0,45.0,30-59 DPD
MSGA100486,Agency A,BOR200753,SL100077,2024-06-14 10:00:00,Settlement Offer,You may be eligible for a reduced settlement on your account. Contact us to learn more before this offer expires. Reply STOP to opt out.,yes,2024-06-14 15:53:00,0,15.0,1-29 DPD
MSGA100427,Agency A,BOR200896,SL101509,2022-01-24 11:00:00,Payment Reminder,"Hi, this is a reminder that your student loan payment is past due. Call us or visit your account portal to make a payment. Reply STOP to opt out of text alerts.",,,0,15.0,1-29 DPD
MSGA100343,Agency A,BOR201494,SL102436,2023-01-19 06:00:00,Payment Reminder,Your loan payment is overdue. Please contact us today to avoid further action. Msg&data rates may apply. Reply STOP to unsubscribe.,k,2023-01-19 10:31:00,0,75.0,60-89 DPD
MSGA100467,Agency A,BOR201556,SL100155,2024-03-07 07:00:00,Payment Reminder,Your loan payment is overdue. Please contact us today to avoid further action. Msg&data rates may apply. Reply STOP to unsubscribe.,,,0,45.0,30-59 DPD
MSGA101533,Agency A,BOR201304,SL100585,2026-06-22 13:00:00,Payment Reminder,"Hi, this is a reminder that your student loan payment is past due. Call us or visit your account portal to make a payment. Reply STOP to opt out of text alerts.",k,2026-06-22 15:22:00,0,135.0,120-149 DPD
MSGA100345,Agency A,BOR201045,SL100774,2022-02-09 16:00:00,General Notice,Your account requires attention. Please contact our office at your earliest convenience. Reply STOP to stop these messages.,,,0,75.0,60-89 DPD
MSGA100402,Agency A,BOR201864,SL101416,2026-07-10 05:00:00,Payment Reminder,Your loan payment is overdue. Please contact us today to avoid further action. Msg&data rates may apply. Reply STOP to unsubscribe.,already paid this,2026-07-10 09:34:00,0,165.0,150-179 DPD
MSGA100889,Agency A,BOR201675,SL101626,2024-03-19 10:00:00,Hardship Program Info,You may qualify for a temporary hardship repayment plan. Call us to discuss your options. Reply STOP to unsubscribe from texts.,,,0,15.0,1-29 DPD
MSGA100724,Agency A,BOR201181,SL101602,2025-10-19 09:00:00,Payment Reminder,"Hi, this is a reminder that your student loan payment is past due. Call us or visit your account portal to make a payment. Reply STOP to opt out of text alerts.",,,0,15.0,1-29 DPD
MSGA101583,Agency A,BOR200729,SL100318,2026-06-13 10:00:00,Payment Reminder,"Hi, this is a reminder that your student loan payment is past due. Call us or visit your account portal to make a payment. Reply STOP to opt out of text alerts.",,,0,45.0,30-59 DPD
MSGA100424,Agency A,BOR200448,SL102009,2025-03-15 16:00:00,General Notice,Your account requires attention. Please contact our office at your earliest convenience. Reply STOP to stop these messages.,,,0,75.0,60-89 DPD
MSGA102057,Agency A,BOR200411,SL101229,2022-04-11 11:00:00,Payment Reminder,"Hi, this is a reminder that your student loan payment is past due. Call us or visit your account portal to make a payment. Reply STOP to opt out of text alerts.","stop it's already paid, why do I keep getting texts",2022-04-11 13:13:00,1,75.0,60-89 DPD
MSGA101064,Agency A,BOR200752,SL101156,2024-08-18 06:00:00,Payment Reminder,Your loan payment is overdue. Please contact us today to avoid further action. Msg&data rates may apply. Reply STOP to unsubscribe.,,,0,15.0,1-29 DPD
MSGA101201,Agency A,BOR200022,SL100104,2022-07-25 11:00:00,Payment Reminder,"Hi, this is a reminder that your student loan payment is past due. Call us or visit your account portal to make a payment. Reply STOP to opt out of text alerts.",,,0,15.0,1-29 DPD
MSGA100143,Agency A,BOR201583,SL100496,2024-12-10 15:00:00,Payment Reminder,"Hi, this is a reminder that your student loan payment is past due. Call us or visit your account portal to make a payment. Reply STOP to opt out of text alerts.",,,0,45.0,30-59 DPD
MSGA101062,Agency A,BOR201094,SL100758,2024-12-18 06:00:00,General Notice,Your account requires attention. Please contact our office at your earliest convenience. Reply STOP to stop these messages.,,,0,195.0,180+ DPD
MSGA100465,Agency A,BOR202301,SL100694,2024-03-21 10:00:00,Payment Reminder,Your loan payment is overdue. Please contact us today to avoid further action. Msg&data rates may apply. Reply STOP to unsubscribe.,,,0,165.0,150-179 DPD
MSGA100033,Agency A,BOR200764,SL101002,2022-03-09 10:00:00,Payment Reminder,"Hi, this is a reminder that your student loan payment is past due. Call us or visit your account portal to make a payment. Reply STOP to opt out of text alerts.",,,0,15.0,1-29 DPD
MSGA100020,Agency A,BOR201409,SL101023,2025-10-17 14:00:00,General Notice,Your account requires attention. Please contact our office at your earliest convenience. Reply STOP to stop these messages.,,,0,45.0,30-59 DPD
MSGA100483,Agency A,BOR201304,SL100585,2026-03-27 14:00:00,Hardship Program Info,You may qualify for a temporary hardship repayment plan. Call us to discuss your options. Reply STOP to unsubscribe from texts.,,,0,135.0,120-149 DPD
MSGA101015,Agency A,BOR201618,SL100264,2025-07-18 15:00:00,General Notice,Your account requires attention. Please contact our office at your earliest convenience. Reply STOP to stop these messages.,,,0,15.0,1-29 DPD
MSGA100327,Agency A,BOR201409,SL101023,2026-02-05 05:00:00,General Notice,Your account requires attention. Please contact our office at your earliest convenience. Reply STOP to stop these messages.,,,0,45.0,30-59 DPD
MSGA101050,Agency A,BOR200314,SL100483,2024-12-14 13:00:00,Payment Reminder,"Hi, this is a reminder that your student loan payment is past due. Call us or visit your account portal to make a payment. Reply STOP to opt out of text alerts.",,,0,195.0,180+ DPD
MSGA102067,Agency A,BOR200103,SL101144,2023-02-17 11:00:00,General Notice,Your account requires attention. Please contact our office at your earliest convenience. Reply STOP to stop these messages.,,,0,45.0,30-59 DPD
MSGA101574,Agency A,BOR200315,SL101413,2025-06-22 08:00:00,Hardship Program Info,You may qualify for a temporary hardship repayment plan. Call us to discuss your options. Reply STOP to unsubscribe from texts.,,,0,135.0,120-149 DPD
MSGA101106,Agency A,BOR200687,SL101948,2022-04-23 06:00:00,Settlement Offer,You may be eligible for a reduced settlement on your account. Contact us to learn more before this offer expires. Reply STOP to opt out.,yes,2022-04-23 12:36:00,0,75.0,60-89 DPD
MSGA101199,Agency A,BOR200595,SL100545,2022-02-15 12:00:00,Settlement Offer,You may be eligible for a reduced settlement on your account. Contact us to learn more before this offer expires. Reply STOP to opt out.,,,0,105.0,90-119 DPD
MSGA100069,Agency A,BOR201821,SL101935,2026-02-02 10:00:00,Payment Reminder,Your loan payment is overdue. Please contact us today to avoid further action. Msg&data rates may apply. Reply STOP to unsubscribe.,,,0,75.0,60-89 DPD
MSGA101933,Agency A,BOR201298,SL100354,2023-05-14 05:00:00,Hardship Program Info,You may qualify for a temporary hardship repayment plan. Call us to discuss your options. Reply STOP to unsubscribe from texts.,,,0,15.0,1-29 DPD
MSGA101052,Agency A,BOR200147,SL102151,2026-05-16 06:00:00,Payment Reminder,Your loan payment is overdue. Please contact us today to avoid further action. Msg&data rates may apply. Reply STOP to unsubscribe.,,,0,15.0,1-29 DPD
MSGA101835,Agency A,BOR201711,SL101905,2023-02-11 13:00:00,Payment Reminder,Your loan payment is overdue. Please contact us today to avoid further action. Msg&data rates may apply. Reply STOP to unsubscribe.,,,0,45.0,30-59 DPD
MSGA100072,Agency A,BOR200208,SL100904,2024-11-20 08:00:00,General Notice,Your account requires attention. Please contact our office at your earliest convenience. Reply STOP to stop these messages.,,,0,75.0,60-89 DPD
MSGA101416,Agency A,BOR200251,SL100413,2023-06-27 15:00:00,Payment Reminder,"Hi, this is a reminder that your student loan payment is past due. Call us or visit your account portal to make a payment. Reply STOP to opt out of text alerts.",,,0,45.0,30-59 DPD
MSGA101876,Agency A,BOR201462,SL100864,2024-12-13 15:00:00,Payment Reminder,Your loan payment is overdue. Please contact us today to avoid further action. Msg&data rates may apply. Reply STOP to unsubscribe.,,,0,15.0,1-29 DPD
MSGA101905,Agency A,BOR201331,SL101837,2024-08-21 13:00:00,Payment Reminder,"Hi, this is a reminder that your student loan payment is past due. Call us or visit your account portal to make a payment. Reply STOP to opt out of text alerts.",,,0,75.0,60-89 DPD
MSGA101572,Agency A,BOR200478,SL101541,2025-11-17 13:00:00,Payment Reminder,Your loan payment is overdue. Please contact us today to avoid further action. Msg&data rates may apply. Reply STOP to unsubscribe.,,,0,75.0,60-89 DPD
MSGA101831,Agency A,BOR200390,SL101400,2023-03-20 08:00:00,Settlement Offer,You may be eligible for a reduced settlement on your account. Contact us to learn more before this offer expires. Reply STOP to opt out.,,,0,75.0,60-89 DPD
MSGA100278,Agency A,BOR202074,SL100914,2026-01-19 05:00:00,Payment Reminder,"Hi, this is a reminder that your student loan payment is past due. Call us or visit your account portal to make a payment. Reply STOP to opt out of text alerts.",,,0,75.0,60-89 DPD
MSGA101756,Agency A,BOR200095,SL100718,2025-09-24 11:00:00,Payment Reminder,"Hi, this is a reminder that your student loan payment is past due. Call us or visit your account portal to make a payment. Reply STOP to opt out of text alerts.",,,0,15.0,1-29 DPD
MSGA101558,Agency A,BOR201940,SL101369,2025-08-27 07:00:00,Payment Reminder,"Hi, this is a reminder that your student loan payment is past due. Call us or visit your account portal to make a payment. Reply STOP to opt out of text alerts.",,,0,105.0,90-119 DPD
MSGA100065,Agency A,BOR200594,SL100798,2025-04-07 12:00:00,Hardship Program Info,You may qualify for a temporary hardship repayment plan. Call us to discuss your options. Reply STOP to unsubscribe from texts.,,,0,45.0,30-59 DPD
MSGA100513,Agency A,BOR200498,SL101681,2022-12-09 13:00:00,Payment Reminder,Your loan payment is overdue. Please contact us today to avoid further action. Msg&data rates may apply. Reply STOP to unsubscribe.,,,0,135.0,120-149 DPD
MSGA101916,Agency A,BOR201598,SL100821,2025-06-18 10:00:00,Payment Reminder,"Hi, this is a reminder that your student loan payment is past due. Call us or visit your account portal to make a payment. Reply STOP to opt out of text alerts.",,,0,15.0,1-29 DPD
MSGA100782,Agency A,BOR200448,SL102009,2025-01-25 12:00:00,Payment Reminder,"Hi, this is a reminder that your student loan payment is past due. Call us or visit your account portal to make a payment. Reply STOP to opt out of text alerts.",already paid this,2025-01-25 15:02:00,0,15.0,1-29 DPD
MSGA101970,Agency A,BOR200692,SL100479,2025-07-08 09:00:00,Payment Reminder,"Hi, this is a reminder that your student loan payment is past due. Call us or visit your account portal to make a payment. Reply STOP to opt out of text alerts.",,,0,75.0,60-89 DPD
MSGA101344,Agency A,BOR202046,SL101532,2023-10-15 05:00:00,Payment Reminder,Your loan payment is overdue. Please contact us today to avoid further action. Msg&data rates may apply. Reply STOP to unsubscribe.,already paid this,2023-10-15 06:59:00,0,15.0,1-29 DPD
MSGA100409,Agency A,BOR201023,SL102267,2025-03-12 09:00:00,Hardship Program Info,You may qualify for a temporary hardship repayment plan. Call us to discuss your options. Reply STOP to unsubscribe from texts.,,,0,45.0,30-59 DPD
MSGA101829,Agency A,BOR200429,SL100998,2024-08-12 07:00:00,Payment Reminder,Your loan payment is overdue. Please contact us today to avoid further action. Msg&data rates may apply. Reply STOP to unsubscribe.,,,0,75.0,60-89 DPD
MSGA100007,Agency A,BOR200994,SL101891,2022-09-26 13:00:00,General Notice,Your account requires attention. Please contact our office at your earliest convenience. Reply STOP to stop these messages.,,,0,45.0,30-59 DPD
MSGA101313,Agency A,BOR200116,SL100964,2021-12-18 07:00:00,Hardship Program Info,You may qualify for a temporary hardship repayment plan. Call us to discuss your options. Reply STOP to unsubscribe from texts.,,,0,15.0,1-29 DPD
MSGA101014,Agency A,BOR200498,SL101681,2024-12-19 15:00:00,General Notice,Your account requires attention. Please contact our office at your earliest convenience. Reply STOP to stop these messages.,,,0,75.0,60-89 DPD
MSGA100088,Agency A,BOR201301,SL101756,2024-11-20 11:00:00,General Notice,Your account requires attention. Please contact our office at your earliest convenience. Reply STOP to stop these messages.,,,0,45.0,30-59 DPD
MSGA101817,Agency A,BOR201301,SL101756,2024-10-12 09:00:00,Payment Reminder,"Hi, this is a reminder that your student loan payment is past due. Call us or visit your account portal to make a payment. Reply STOP to opt out of text alerts.",,,0,15.0,1-29 DPD
MSGA100644,Agency A,BOR201034,SL100345,2022-07-07 05:00:00,Hardship Program Info,You may qualify for a temporary hardship repayment plan. Call us to discuss your options. Reply STOP to unsubscribe from texts.,,,0,105.0,90-119 DPD
MSGA100320,Agency A,BOR200643,SL100843,2025-10-12 09:00:00,Payment Reminder,"Hi, this is a reminder that your student loan payment is past due. Call us or visit your account portal to make a payment. Reply STOP to opt out of text alerts.",,,0,15.0,1-29 DPD
MSGA101371,Agency A,BOR201634,SL102324,2023-07-06 12:00:00,Payment Reminder,"Hi, this is a reminder that your student loan payment is past due. Call us or visit your account portal to make a payment. Reply STOP to opt out of text alerts.",,,0,15.0,1-29 DPD
MSGA100061,Agency A,BOR200041,SL101827,2023-06-24 14:00:00,General Notice,Your account requires attention. Please contact our office at your earliest convenience. Reply STOP to stop these messages.,,,0,45.0,30-59 DPD
MSGA100506,Agency A,BOR202268,SL102313,2025-12-07 06:00:00,Payment Reminder,"Hi, this is a reminder that your student loan payment is past due. Call us or visit your account portal to make a payment. Reply STOP to opt out of text alerts.",,,0,75.0,60-89 DPD
MSGA101657,Agency A,BOR200598,SL101625,2026-04-27 14:00:00,Payment Reminder,Your loan payment is overdue. Please contact us today to avoid further action. Msg&data rates may apply. Reply STOP to unsubscribe.,,,0,15.0,1-29 DPD
MSGA100549,Agency A,BOR200287,SL100424,2022-09-17 05:00:00,Payment Reminder,Your loan payment is overdue. Please contact us today to avoid further action. Msg&data rates may apply. Reply STOP to unsubscribe.,,,0,45.0,30-59 DPD
MSGA101241,Agency A,BOR201956,SL101371,2024-04-23 12:00:00,Settlement Offer,You may be eligible for a reduced settlement on your account. Contact us to learn more before this offer expires. Reply STOP to opt out.,,,0,45.0,30-59 DPD
MSGA101421,Agency A,BOR201627,SL101447,2026-08-26 14:00:00,General Notice,Your account requires attention. Please contact our office at your earliest convenience. Reply STOP to stop these messages.,,,0,45.0,30-59 DPD
MSGA101969,Agency A,BOR201873,SL101791,2023-09-24 16:00:00,Hardship Program Info,You may qualify for a temporary hardship repayment plan. Call us to discuss your options. Reply STOP to unsubscribe from texts.,,,0,15.0,1-29 DPD
MSGA101345,Agency A,BOR201015,SL102318,2023-07-18 06:00:00,Hardship Program Info,You may qualify for a temporary hardship repayment plan. Call us to discuss your options. Reply STOP to unsubscribe from texts.,,,0,15.0,1-29 DPD
MSGA101594,Agency A,BOR200926,SL100465,2025-11-09 05:00:00,Settlement Offer,You may be eligible for a reduced settlement on your account. Contact us to learn more before this offer expires. Reply STOP to opt out.,,,0,15.0,1-29 DPD
MSGA100912,Agency A,BOR201375,SL100981,2022-06-22 05:00:00,Payment Reminder,"Hi, this is a reminder that your student loan payment is past due. Call us or visit your account portal to make a payment. Reply STOP to opt out of text alerts.",,,0,15.0,1-29 DPD
MSGA101296,Agency A,BOR201359,SL101679,2024-11-22 07:00:00,General Notice,Your account requires attention. Please contact our office at your earliest convenience. Reply STOP to stop these messages.,,,0,15.0,1-29 DPD
MSGA101381,Agency A,BOR201050,SL100235,2026-04-10 07:00:00,Payment Reminder,"Hi, this is a reminder that your student loan payment is past due. Call us or visit your account portal to make a payment. Reply STOP to opt out of text alerts.",,,0,45.0,30-59 DPD
MSGA101164,Agency A,BOR200106,SL101840,2026-07-05 14:00:00,Hardship Program Info,You may qualify for a temporary hardship repayment plan. Call us to discuss your options. Reply STOP to unsubscribe from texts.,,,0,75.0,60-89 DPD
MSGA100664,Agency A,BOR201776,SL101300,2023-07-24 12:00:00,General Notice,Your account requires attention. Please contact our office at your earliest convenience. Reply STOP to stop these messages.,,,0,165.0,150-179 DPD
MSGA100764,Agency A,BOR200375,SL100117,2023-08-26 08:00:00,General Notice,Your account requires attention. Please contact our office at your earliest convenience. Reply STOP to stop these messages.,,,0,45.0,30-59 DPD
MSGA100349,Agency A,BOR201650,SL100405,2021-04-07 09:00:00,Payment Reminder,Your loan payment is overdue. Please contact us today to avoid further action. Msg&data rates may apply. Reply STOP to unsubscribe.,,,0,15.0,1-29 DPD
MSGA100741,Agency A,BOR200130,SL102488,2024-06-12 05:00:00,Payment Reminder,"Hi, this is a reminder that your student loan payment is past due. Call us or visit your account portal to make a payment. Reply STOP to opt out of text alerts.",,,0,15.0,1-29 DPD
MSGA101869,Agency A,BOR200436,SL100367,2025-10-18 15:00:00,General Notice,Your account requires attention. Please contact our office at your earliest convenience. Reply STOP to stop these messages.,,,0,75.0,60-89 DPD
MSGA100992,AGENCY_A,BOR200465,SL101637,2026-03-25 16:00:00,Payment Reminder,Your loan payment is overdue. Please contact us today to avoid further action. Msg&data rates may apply. Reply STOP to unsubscribe.,,,0,135.0,120-149 DPD
MSGA100871,Agency A,BOR201639,SL100257,2025-05-09 07:00:00,Payment Reminder,Your loan payment is overdue. Please contact us today to avoid further action. Msg&data rates may apply. Reply STOP to unsubscribe.,,,0,15.0,1-29 DPD
MSGA102073,Agency A,BOR200588,SL101322,2022-06-03 06:00:00,Hardship Program Info,You may qualify for a temporary hardship repayment plan. Call us to discuss your options. Reply STOP to unsubscribe from texts.,,,0,15.0,1-29 DPD
MSGA102054,Agency A,BOR200741,SL101757,2025-04-10 10:00:00,Settlement Offer,You may be eligible for a reduced settlement on your account. Contact us to learn more before this offer expires. Reply STOP to opt out.,,,0,15.0,1-29 DPD
MSGA100609,Agency A,BOR201143,SL102107,2026-03-24 06:00:00,General Notice,Your account requires attention. Please contact our office at your earliest convenience. Reply STOP to stop these messages.,,,0,15.0,1-29 DPD
MSGA101467,Agency A,BOR201057,SL100226,2024-11-12 07:00:00,General Notice,Your account requires attention. Please contact our office at your earliest convenience. Reply STOP to stop these messages.,,,0,75.0,60-89 DPD
MSGA100618,Agency A,BOR200990,SL101741,2026-05-06 15:00:00,Hardship Program Info,You may qualify for a temporary hardship repayment plan. Call us to discuss your options. Reply STOP to unsubscribe from texts.,,,0,45.0,30-59 DPD
MSGA100322,Agency A,BOR200046,SL100952,2025-06-21 05:00:00,Payment Reminder,"Hi, this is a reminder that your student loan payment is past due. Call us or visit your account portal to make a payment. Reply STOP to opt out of text alerts.",,,0,15.0,1-29 DPD
MSGA100357,Agency A,BOR201935,SL100253,2022-12-08 16:00:00,General Notice,Your account requires attention. Please contact our office at your earliest convenience. Reply STOP to stop these messages.,,,0,15.0,1-29 DPD
MSGA100274,Agency A,BOR200498,SL101681,2022-01-13 09:00:00,Payment Reminder,"Hi, this is a reminder that your student loan payment is past due. Call us or visit your account portal to make a payment. Reply STOP to opt out of text alerts.",,,0,105.0,90-119 DPD
MSGA100488,Agency A,BOR202187,SL102428,2025-01-11 09:00:00,Payment Reminder,Your loan payment is overdue. Please contact us today to avoid further action. Msg&data rates may apply. Reply STOP to unsubscribe.,,,0,15.0,1-29 DPD
MSGA100060,Agency A,BOR200990,SL101741,2026-04-14 07:00:00,Hardship Program Info,You may qualify for a temporary hardship repayment plan. Call us to discuss your options. Reply STOP to unsubscribe from texts.,,,0,15.0,1-29 DPD
MSGA101473,Agency A,BOR200248,SL102281,2025-01-24 05:00:00,Payment Reminder,"Hi, this is a reminder that your student loan payment is past due. Call us or visit your account portal to make a payment. Reply STOP to opt out of text alerts.",,,0,15.0,1-29 DPD
MSGA100818,Agency A,BOR200040,SL101919,2025-10-08 11:00:00,Payment Reminder,Your loan payment is overdue. Please contact us today to avoid further action. Msg&data rates may apply. Reply STOP to unsubscribe.,,,0,15.0,1-29 DPD
MSGA100087,Agency A,BOR200086,SL102314,2025-10-11 08:00:00,Hardship Program Info,You may qualify for a temporary hardship repayment plan. Call us to discuss your options. Reply STOP to unsubscribe from texts.,how much do I owe,2025-10-11 09:11:00,0,15.0,1-29 DPD
MSGA100712,Agency A,BOR201804,SL100938,2025-01-22 09:00:00,Hardship Program Info,You may qualify for a temporary hardship repayment plan. Call us to discuss your options. Reply STOP to unsubscribe from texts.,,,0,15.0,1-29 DPD
MSGA101292,Agency A,BOR202267,SL100625,2026-08-12 09:00:00,Payment Reminder,Your loan payment is overdue. Please contact us today to avoid further action. Msg&data rates may apply. Reply STOP to unsubscribe.,,,0,135.0,120-149 DPD
MSGA101000,Agency A,BOR200945,SL101864,2025-11-19 07:00:00,General Notice,Your account requires attention. Please contact our office at your earliest convenience. Reply STOP to stop these messages.,,,0,105.0,90-119 DPD
MSGA101156,Agency A,BOR202207,SL102400,2023-05-13 08:00:00,Settlement Offer,You may be eligible for a reduced settlement on your account. Contact us to learn more before this offer expires. Reply STOP to opt out.,,,0,15.0,1-29 DPD
MSGA100757,Agency A,BOR200283,SL102338,2021-09-07 12:00:00,Payment Reminder,"Hi, this is a reminder that your student loan payment is past due. Call us or visit your account portal to make a payment. Reply STOP to opt out of text alerts.",,,0,15.0,1-29 DPD
MSGA100495,Agency A,BOR200860,SL102141,2024-08-16 08:00:00,Payment Reminder,Your loan payment is overdue. Please contact us today to avoid further action. Msg&data rates may apply. Reply STOP to unsubscribe.,yes,2024-08-16 16:37:00,0,45.0,30-59 DPD
MSGA101978,Agency A,BOR201301,SL101756,2022-04-20 07:00:00,Settlement Offer,You may be eligible for a reduced settlement on your account. Contact us to learn more before this offer expires. Reply STOP to opt out.,,,0,15.0,1-29 DPD
MSGA100285,Agency A,BOR201461,SL101952,2023-07-27 16:00:00,Payment Reminder,Your loan payment is overdue. Please contact us today to avoid further action. Msg&data rates may apply. Reply STOP to unsubscribe.,,,0,15.0,1-29 DPD
MSGA100813,Agency A,BOR201257,SL100695,2025-05-28 07:00:00,Payment Reminder,"Hi, this is a reminder that your student loan payment is past due. Call us or visit your account portal to make a payment. Reply STOP to opt out of text alerts.",,,0,15.0,1-29 DPD
MSGA101102,Agency A,BOR201206,SL100404,2026-03-19 09:00:00,General Notice,Your account requires attention. Please contact our office at your earliest convenience. Reply STOP to stop these messages.,,,0,45.0,30-59 DPD
MSGA101452,Agency A,BOR201618,SL100264,2024-01-19 09:00:00,Settlement Offer,You may be eligible for a reduced settlement on your account. Contact us to learn more before this offer expires. Reply STOP to opt out.,wrong number,2024-01-19 13:21:00,0,15.0,1-29 DPD
MSGA101810,Agency A,BOR200759,SL101173,2022-06-08 12:00:00,Hardship Program Info,You may qualify for a temporary hardship repayment plan. Call us to discuss your options. Reply STOP to unsubscribe from texts.,,,0,165.0,150-179 DPD
MSGA101699,Agency A,BOR200828,SL101884,2024-08-16 09:00:00,General Notice,Your account requires attention. Please contact our office at your earliest convenience. Reply STOP to stop these messages.,,,0,15.0,1-29 DPD
MSGA101168,Agency A,BOR201265,SL100282,2022-04-04 13:00:00,Payment Reminder,Your loan payment is overdue. Please contact us today to avoid further action. Msg&data rates may apply. Reply STOP to unsubscribe.,,,0,75.0,60-89 DPD
MSGA101004,Agency A,BOR201525,SL100527,2023-03-10 16:00:00,Payment Reminder,"Hi, this is a reminder that your student loan payment is past due. Call us or visit your account portal to make a payment. Reply STOP to opt out of text alerts.",,,0,105.0,90-119 DPD
MSGA101505,Agency A,BOR200128,SL102305,2022-10-26 07:00:00,Payment Reminder,"Hi, this is a reminder that your student loan payment is past due. Call us or visit your account portal to make a payment. Reply STOP to opt out of text alerts.",sorry missed the bus stop have to call back later,2022-10-26 11:47:00,1,195.0,180+ DPD
MSGA100260,Agency A,BOR201980,SL101906,2022-05-09 10:00:00,Payment Reminder,Your loan payment is overdue. Please contact us today to avoid further action. Msg&data rates may apply. Reply STOP to unsubscribe.,,,0,15.0,1-29 DPD
MSGA101754,Agency A,BOR202038,SL100512,2024-05-23 13:00:00,General Notice,Your account requires attention. Please contact our office at your earliest convenience. Reply STOP to stop these messages.,,,0,135.0,120-149 DPD
MSGA100633,Agency A,BOR202007,SL100711,2024-04-06 06:00:00,Payment Reminder,Your loan payment is overdue. Please contact us today to avoid further action. Msg&data rates may apply. Reply STOP to unsubscribe.,can you call me instead,2024-04-06 12:06:00,0,105.0,90-119 DPD
MSGA101390,Agency A,BOR201324,SL101178,2025-10-06 05:00:00,Hardship Program Info,You may qualify for a temporary hardship repayment plan. Call us to discuss your options. Reply STOP to unsubscribe from texts.,,,0,15.0,1-29 DPD
MSGA101065,Agency A,BOR200375,SL100117,2026-02-18 07:00:00,Hardship Program Info,You may qualify for a temporary hardship repayment plan. Call us to discuss your options. Reply STOP to unsubscribe from texts.,,,0,105.0,90-119 DPD
MSGA100909,Agency A,BOR201582,SL101784,2024-05-10 16:00:00,Payment Reminder,,,,0,45.0,30-59 DPD
MSGA100976,Agency A,BOR201712,SL100406,2023-03-24 11:00:00,General Notice,Your account requires attention. Please contact our office at your earliest convenience. Reply STOP to stop these messages.,,,0,195.0,180+ DPD
MSGA101828,Agency A,BOR202224,SL100477,2025-09-26 11:00:00,Payment Reminder,"Hi, this is a reminder that your student loan payment is past due. Call us or visit your account portal to make a payment. Reply STOP to opt out of text alerts.",,,0,45.0,30-59 DPD
MSGA100907,Agency A,BOR201651,SL102045,2025-10-22 10:00:00,Settlement Offer,You may be eligible for a reduced settlement on your account. Contact us to learn more before this offer expires. Reply STOP to opt out.,,,0,105.0,90-119 DPD
MSGA100294,Agency A,BOR200455,SL100182,2024-06-20 09:00:00,Settlement Offer,You may be eligible for a reduced settlement on your account. Contact us to learn more before this offer expires. Reply STOP to opt out.,,,0,15.0,1-29 DPD
MSGA101717,Agency A,BOR201692,SL100588,2024-02-07 16:00:00,Settlement Offer,You may be eligible for a reduced settlement on your account. Contact us to learn more before this offer expires. Reply STOP to opt out.,,,0,15.0,1-29 DPD
MSGA101885,Agency A,BOR202321,SL100034,2024-10-20 13:00:00,Settlement Offer,You may be eligible for a reduced settlement on your account. Contact us to learn more before this offer expires. Reply STOP to opt out.,,,0,15.0,1-29 DPD
MSGA101399,Agency A,BOR201032,SL100469,2023-02-15 09:00:00,Payment Reminder,Your loan payment is overdue. Please contact us today to avoid further action. Msg&data rates may apply. Reply STOP to unsubscribe.,already paid this,2023-02-15 13:26:00,0,15.0,1-29 DPD
MSGA101991,Agency A,BOR202225,SL100358,2021-10-15 08:00:00,Payment Reminder,Your loan payment is overdue. Please contact us today to avoid further action. Msg&data rates may apply. Reply STOP to unsubscribe.,,,0,75.0,60-89 DPD
MSGA100831,Agency A,BOR200945,SL101864,2025-09-19 15:00:00,Payment Reminder,Your loan payment is overdue. Please contact us today to avoid further action. Msg&data rates may apply. Reply STOP to unsubscribe.,,,0,75.0,60-89 DPD
MSGA100706,Agency A,BOR200771,SL100577,2025-05-23 09:00:00,Payment Reminder,"Hi, this is a reminder that your student loan payment is past due. Call us or visit your account portal to make a payment. Reply STOP to opt out of text alerts.",,,0,15.0,1-29 DPD
MSGA101041,Agency A,BOR201721,SL101881,2025-02-02 07:00:00,General Notice,,,,0,75.0,60-89 DPD
MSGA101023,Agency A,BOR200963,SL102221,2023-03-20 13:00:00,Payment Reminder,Your loan payment is overdue. Please contact us today to avoid further action. Msg&data rates may apply. Reply STOP to unsubscribe.,,,0,15.0,1-29 DPD
MSGA101413,Agency A,BOR200349,SL100996,2023-04-18 07:00:00,Payment Reminder,Your loan payment is overdue. Please contact us today to avoid further action. Msg&data rates may apply. Reply STOP to unsubscribe.,,,0,15.0,1-29 DPD
MSGA100490,Agency A,BOR200962,SL102048,2024-05-18 11:00:00,Payment Reminder,Your loan payment is overdue. Please contact us today to avoid further action. Msg&data rates may apply. Reply STOP to unsubscribe.,,,0,75.0,60-89 DPD
MSGA100505,Agency A,BOR200014,SL102162,2024-06-18 11:00:00,Settlement Offer,You may be eligible for a reduced settlement on your account. Contact us to learn more before this offer expires. Reply STOP to opt out.,,,0,45.0,30-59 DPD
MSGA101429,Agency A,BOR200860,SL102141,2026-01-25 08:00:00,Payment Reminder,"Hi, this is a reminder that your student loan payment is past due. Call us or visit your account portal to make a payment. Reply STOP to opt out of text alerts.",,,0,15.0,1-29 DPD
MSGA100647,Agency A,BOR200363,SL100399,2025-10-05 09:00:00,Payment Reminder,Your loan payment is overdue. Please contact us today to avoid further action. Msg&data rates may apply. Reply STOP to unsubscribe.,,,0,75.0,60-89 DPD
MSGA100703,Agency A,BOR200945,SL101864,2026-06-05 16:00:00,Payment Reminder,"Hi, this is a reminder that your student loan payment is past due. Call us or visit your account portal to make a payment. Reply STOP to opt out of text alerts.",who is this,2026-06-05 21:14:00,0,135.0,120-149 DPD
MSGA101537,Agency A,BOR201128,SL101423,2024-02-10 11:00:00,Payment Reminder,"Hi, this is a reminder that your student loan payment is past due. Call us or visit your account portal to make a payment. Reply STOP to opt out of text alerts.",,,0,45.0,30-59 DPD
MSGA100525,Agency A,BOR201651,SL102045,2025-05-23 11:00:00,Payment Reminder,Your loan payment is overdue. Please contact us today to avoid further action. Msg&data rates may apply. Reply STOP to unsubscribe.,,,0,75.0,60-89 DPD
MSGA101771,Agency A,BOR201821,SL100418,2024-12-15 06:00:00,Hardship Program Info,You may qualify for a temporary hardship repayment plan. Call us to discuss your options. Reply STOP to unsubscribe from texts.,,,0,75.0,60-89 DPD
MSGA101886,Agency A,BOR200181,SL102087,2026-03-09 06:00:00,Hardship Program Info,You may qualify for a temporary hardship repayment plan. Call us to discuss your options. Reply STOP to unsubscribe from texts.,,,0,45.0,30-59 DPD
MSGA100404,Agency A,BOR201398,SL100928,2025-12-04 14:00:00,Settlement Offer,You may be eligible for a reduced settlement on your account. Contact us to learn more before this offer expires. Reply STOP to opt out.,,,0,45.0,30-59 DPD
MSGA100748,Agency A,BOR200947,SL100936,2022-04-06 09:00:00,Payment Reminder,"Hi, this is a reminder that your student loan payment is past due. Call us or visit your account portal to make a payment. Reply STOP to opt out of text alerts.",,,0,165.0,150-179 DPD
MSGA101038,Agency A,BOR201027,SL101224,2023-11-04 15:00:00,Settlement Offer,You may be eligible for a reduced settlement on your account. Contact us to learn more before this offer expires. Reply STOP to opt out.,,,0,45.0,30-59 DPD
MSGA100228,Agency A,BOR201667,SL102297,2025-08-23 06:00:00,General Notice,Your account requires attention. Please contact our office at your earliest convenience. Reply STOP to stop these messages.,,,0,135.0,120-149 DPD
MSGA100598,Agency A,BOR202268,SL102313,2024-08-13 06:00:00,Settlement Offer,You may be eligible for a reduced settlement on your account. Contact us to learn more before this offer expires. Reply STOP to opt out.,,,0,15.0,1-29 DPD
MSGA101084,Agency A,BOR202245,SL101717,2023-09-05 12:00:00,Payment Reminder,Your loan payment is overdue. Please contact us today to avoid further action. Msg&data rates may apply. Reply STOP to unsubscribe.,,,0,135.0,120-149 DPD
MSGA101507,Agency A,BOR202156,SL100713,2022-03-08 16:00:00,Payment Reminder,Your loan payment is overdue. Please contact us today to avoid further action. Msg&data rates may apply. Reply STOP to unsubscribe.,,,0,45.0,30-59 DPD
MSGA100670,Agency A,BOR201850,SL101206,2024-12-14 15:00:00,General Notice,Your account requires attention. Please contact our office at your earliest convenience. Reply STOP to stop these messages.,,,0,45.0,30-59 DPD
MSGA100311,Agency A,BOR201284,SL102234,2026-03-04 14:00:00,Payment Reminder,Your loan payment is overdue. Please contact us today to avoid further action. Msg&data rates may apply. Reply STOP to unsubscribe.,,,0,15.0,1-29 DPD
MSGA100531,Agency A,BOR202018,SL100214,2025-12-22 06:00:00,Payment Reminder,Your loan payment is overdue. Please contact us today to avoid further action. Msg&data rates may apply. Reply STOP to unsubscribe.,,,0,75.0,60-89 DPD
MSGA100734,Agency A,BOR200837,SL100028,2022-02-12 05:00:00,Payment Reminder,Your loan payment is overdue. Please contact us today to avoid further action. Msg&data rates may apply. Reply STOP to unsubscribe.,,,0,75.0,60-89 DPD
MSGA102014,Agency A,BOR201311,SL101511,2021-04-22 14:00:00,General Notice,Your account requires attention. Please contact our office at your earliest convenience. Reply STOP to stop these messages.,,,0,15.0,1-29 DPD
MSGA101353,Agency A,BOR200544,SL101529,2024-05-11 05:00:00,Payment Reminder,"Hi, this is a reminder that your student loan payment is past due. Call us or visit your account portal to make a payment. Reply STOP to opt out of text alerts.",,,0,165.0,150-179 DPD
MSGA101678,Agency A,BOR200894,SL100100,2023-06-03 11:00:00,Settlement Offer,,,,0,45.0,30-59 DPD
MSGA101892,Agency A,BOR201341,SL100603,2025-12-21 09:00:00,Payment Reminder,Your loan payment is overdue. Please contact us today to avoid further action. Msg&data rates may apply. Reply STOP to unsubscribe.,,,0,15.0,1-29 DPD
MSGA100024,Agency A,BOR200429,SL100998,2025-01-20 08:00:00,Payment Reminder,"Hi, this is a reminder that your student loan payment is past due. Call us or visit your account portal to make a payment. Reply STOP to opt out of text alerts.",,,0,135.0,120-149 DPD
MSGA101496,Agency A,BOR200945,SL101864,2024-04-13 16:00:00,General Notice,Your account requires attention. Please contact our office at your earliest convenience. Reply STOP to stop these messages.,,,0,15.0,1-29 DPD
MSGA101611,Agency A,BOR202277,SL100877,2023-03-14 15:00:00,Payment Reminder,"Hi, this is a reminder that your student loan payment is past due. Call us or visit your account portal to make a payment. Reply STOP to opt out of text alerts.",,,0,15.0,1-29 DPD
MSGA101408,Agency A,BOR201579,SL100202,2021-05-07 06:00:00,Settlement Offer,You may be eligible for a reduced settlement on your account. Contact us to learn more before this offer expires. Reply STOP to opt out.,,,0,75.0,60-89 DPD
MSGA100671,Agency A,BOR201035,SL101078,2026-02-07 06:00:00,Hardship Program Info,You may qualify for a temporary hardship repayment plan. Call us to discuss your options. Reply STOP to unsubscribe from texts.,,,0,15.0,1-29 DPD
MSGA100375,Agency A,BOR201812,SL100621,2025-09-16 16:00:00,Settlement Offer,You may be eligible for a reduced settlement on your account. Contact us to learn more before this offer expires. Reply STOP to opt out.,,,0,75.0,60-89 DPD
MSGA100911,Agency A,BOR201146,SL100973,2026-06-10 13:00:00,Payment Reminder,Your loan payment is overdue. Please contact us today to avoid further action. Msg&data rates may apply. Reply STOP to unsubscribe.,,,0,45.0,30-59 DPD
MSGA101089,Agency A,BOR200998,SL101716,2025-04-14 14:00:00,General Notice,Your account requires attention. Please contact our office at your earliest convenience. Reply STOP to stop these messages.,,,0,75.0,60-89 DPD
MSGA101585,Agency A,BOR200995,SL102294,2022-11-15 15:00:00,Payment Reminder,Your loan payment is overdue. Please contact us today to avoid further action. Msg&data rates may apply. Reply STOP to unsubscribe.,,,0,15.0,1-29 DPD
MSGA102018,Agency A,BOR201131,SL101421,2025-04-21 09:00:00,General Notice,Your account requires attention. Please contact our office at your earliest convenience. Reply STOP to stop these messages.,Stop,2025-04-21 14:58:00,1,15.0,1-29 DPD
MSGA100925,Agency A,BOR201306,SL101622,2022-05-08 10:00:00,General Notice,Your account requires attention. Please contact our office at your earliest convenience. Reply STOP to stop these messages.,,,0,45.0,30-59 DPD
MSGA100156,Agency A,BOR200149,SL102034,2023-10-14 09:00:00,Payment Reminder,Your loan payment is overdue. Please contact us today to avoid further action. Msg&data rates may apply. Reply STOP to unsubscribe.,,,0,15.0,1-29 DPD
MSGA100802,Agency A,BOR200314,SL100483,2024-02-16 13:00:00,Settlement Offer,You may be eligible for a reduced settlement on your account. Contact us to learn more before this offer expires. Reply STOP to opt out.,,,0,105.0,90-119 DPD
MSGA101514,Agency A,BOR200685,SL100347,2024-02-26 12:00:00,General Notice,Your account requires attention. Please contact our office at your earliest convenience. Reply STOP to stop these messages.,,,0,135.0,120-149 DPD
MSGA101761,Agency A,BOR202157,SL102057,2024-09-21 15:00:00,General Notice,Your account requires attention. Please contact our office at your earliest convenience. Reply STOP to stop these messages.,,,0,15.0,1-29 DPD
MSGA100596,Agency A,BOR201265,SL100282,2023-05-06 08:00:00,Payment Reminder,Your loan payment is overdue. Please contact us today to avoid further action. Msg&data rates may apply. Reply STOP to unsubscribe.,wrong number,2023-05-06 10:32:00,0,195.0,180+ DPD
MSGA101808,Agency A,BOR201324,SL101178,2023-05-10 05:00:00,General Notice,Your account requires attention. Please contact our office at your earliest convenience. Reply STOP to stop these messages.,,,0,45.0,30-59 DPD
MSGA101161,Agency A,BOR201494,SL102436,2022-11-22 13:00:00,Payment Reminder,"Hi, this is a reminder that your student loan payment is past due. Call us or visit your account portal to make a payment. Reply STOP to opt out of text alerts.",,,0,45.0,30-59 DPD
MSGA101777,Agency A,BOR200943,SL101019,2025-10-12 07:00:00,Hardship Program Info,You may qualify for a temporary hardship repayment plan. Call us to discuss your options. Reply STOP to unsubscribe from texts.,,,0,15.0,1-29 DPD
MSGA101145,Agency A,BOR200251,SL100413,2023-07-08 10:00:00,General Notice,Your account requires attention. Please contact our office at your earliest convenience. Reply STOP to stop these messages.,,,0,75.0,60-89 DPD
MSGA100454,Agency A,BOR201935,SL100253,2026-08-26 11:00:00,General Notice,Your account requires attention. Please contact our office at your earliest convenience. Reply STOP to stop these messages.,,,0,15.0,1-29 DPD
MSGA101035,Agency A,BOR202231,SL101357,2022-12-06 05:00:00,Payment Reminder,"Hi, this is a reminder that your student loan payment is past due. Call us or visit your account portal to make a payment. Reply STOP to opt out of text alerts.",,,0,45.0,30-59 DPD
MSGA101794,Agency A,BOR201347,SL101004,2026-05-14 08:00:00,Payment Reminder,Your loan payment is overdue. Please contact us today to avoid further action. Msg&data rates may apply. Reply STOP to unsubscribe.,k,2026-05-14 08:49:00,0,75.0,60-89 DPD
MSGA100784,Agency A,BOR201875,SL101460,2023-09-25 07:00:00,Payment Reminder,Your loan payment is overdue. Please contact us today to avoid further action. Msg&data rates may apply. Reply STOP to unsubscribe.,,,0,45.0,30-59 DPD
MSGA100376,Agency A,BOR202099,SL100781,2023-11-19 08:00:00,Settlement Offer,You may be eligible for a reduced settlement on your account. Contact us to learn more before this offer expires. Reply STOP to opt out.,,,0,45.0,30-59 DPD
MSGA101011,Agency A,BOR201940,SL101369,2026-03-19 07:00:00,Payment Reminder,"Hi, this is a reminder that your student loan payment is past due. Call us or visit your account portal to make a payment. Reply STOP to opt out of text alerts.",,,0,165.0,150-179 DPD
MSGA100948,Agency A,BOR202018,SL100214,2021-12-17 12:00:00,General Notice,Your account requires attention. Please contact our office at your earliest convenience. Reply STOP to stop these messages.,,,0,15.0,1-29 DPD
MSGA100226,Agency A,BOR200564,SL100199,2024-09-24 14:00:00,Settlement Offer,You may be eligible for a reduced settlement on your account. Contact us to learn more before this offer expires. Reply STOP to opt out.,,,0,45.0,30-59 DPD
MSGA101120,Agency A,BOR202208,SL102327,2024-05-12 08:00:00,Payment Reminder,"Hi, this is a reminder that your student loan payment is past due. Call us or visit your account portal to make a payment. Reply STOP to opt out of text alerts.",,,0,15.0,1-29 DPD
MSGA101417,Agency A,BOR200057,SL100817,2025-11-20 09:00:00,General Notice,Your account requires attention. Please contact our office at your earliest convenience. Reply STOP to stop these messages.,,,0,45.0,30-59 DPD
MSGA100643,AGENCY_A,BOR201402,SL101130,2024-10-20 10:00:00,Payment Reminder,Your loan payment is overdue. Please contact us today to avoid further action. Msg&data rates may apply. Reply STOP to unsubscribe.,,,0,105.0,90-119 DPD
MSGA101423,Agency A,BOR201339,SL101218,2024-11-10 07:00:00,Settlement Offer,You may be eligible for a reduced settlement on your account. Contact us to learn more before this offer expires. Reply STOP to opt out.,,,0,135.0,120-149 DPD
MSGA101984,Agency A,BOR200887,SL101758,2024-03-28 15:00:00,Payment Reminder,"Hi, this is a reminder that your student loan payment is past due. Call us or visit your account portal to make a payment. Reply STOP to opt out of text alerts.",,,0,15.0,1-29 DPD
MSGA101085,Agency A,BOR201902,SL101918,2022-08-27 08:00:00,Payment Reminder,Your loan payment is overdue. Please contact us today to avoid further action. Msg&data rates may apply. Reply STOP to unsubscribe.,,,0,45.0,30-59 DPD
MSGA100497,Agency A,BOR202318,SL100686,2025-05-24 07:00:00,Hardship Program Info,You may qualify for a temporary hardship repayment plan. Call us to discuss your options. Reply STOP to unsubscribe from texts.,,,0,45.0,30-59 DPD
MSGA100039,Agency A,BOR202111,SL100292,2026-08-14 12:00:00,Payment Reminder,Your loan payment is overdue. Please contact us today to avoid further action. Msg&data rates may apply. Reply STOP to unsubscribe.,,,0,15.0,1-29 DPD
MSGA101486,Agency A,BOR200834,SL101933,2026-08-11 15:00:00,Payment Reminder,"Hi, this is a reminder that your student loan payment is past due. Call us or visit your account portal to make a payment. Reply STOP to opt out of text alerts.",,,0,15.0,1-29 DPD
MSGA100845,Agency A,BOR202306,SL100041,2026-02-13 05:00:00,Hardship Program Info,You may qualify for a temporary hardship repayment plan. Call us to discuss your options. Reply STOP to unsubscribe from texts.,,,0,15.0,1-29 DPD
MSGA102030,Agency A,BOR201088,SL100659,2026-04-04 15:00:00,Hardship Program Info,You may qualify for a temporary hardship repayment plan. Call us to discuss your options. Reply STOP to unsubscribe from texts.,,,0,15.0,1-29 DPD
MSGA100790,Agency A,BOR200838,SL102099,2022-03-24 12:00:00,Hardship Program Info,You may qualify for a temporary hardship repayment plan. Call us to discuss your options. Reply STOP to unsubscribe from texts.,,,0,45.0,30-59 DPD
MSGA101523,Agency A,BOR200295,SL101346,2026-08-09 05:00:00,Hardship Program Info,You may qualify for a temporary hardship repayment plan. Call us to discuss your options. Reply STOP to unsubscribe from texts.,,,0,15.0,1-29 DPD
MSGA100330,Agency A,BOR201206,SL100404,2026-04-26 07:00:00,Payment Reminder,"Hi, this is a reminder that your student loan payment is past due. Call us or visit your account portal to make a payment. Reply STOP to opt out of text alerts.",I already stopped autopay is that why im getting these,2026-04-26 15:18:00,1,45.0,30-59 DPD
MSGA102049,AGENCY_A,BOR200787,SL102447,2026-08-07 10:00:00,Payment Reminder,Your loan payment is overdue. Please contact us today to avoid further action. Msg&data rates may apply. Reply STOP to unsubscribe.,,,0,15.0,1-29 DPD
MSGA100422,Agency A,BOR202165,SL101503,2023-03-05 07:00:00,Payment Reminder,"Hi, this is a reminder that your student loan payment is past due. Call us or visit your account portal to make a payment. Reply STOP to opt out of text alerts.",k,2023-03-05 15:19:00,0,45.0,30-59 DPD
MSGA101694,Agency A,BOR201045,SL100774,2022-07-28 12:00:00,Payment Reminder,"Hi, this is a reminder that your student loan payment is past due. Call us or visit your account portal to make a payment. Reply STOP to opt out of text alerts.",,,0,165.0,150-179 DPD
MSGA100884,Agency A,BOR200261,SL101879,2024-04-05 10:00:00,Payment Reminder,"Hi, this is a reminder that your student loan payment is past due. Call us or visit your account portal to make a payment. Reply STOP to opt out of text alerts.",,,0,15.0,1-29 DPD
MSGA100988,Agency A,BOR200013,SL102366,2023-01-22 06:00:00,Payment Reminder,"Hi, this is a reminder that your student loan payment is past due. Call us or visit your account portal to make a payment. Reply STOP to opt out of text alerts.",,,0,15.0,1-29 DPD
MSGA101422,Agency A,BOR202033,SL101374,2022-04-09 13:00:00,Payment Reminder,Your loan payment is overdue. Please contact us today to avoid further action. Msg&data rates may apply. Reply STOP to unsubscribe.,,,0,105.0,90-119 DPD
MSGA100690,Agency A,BOR200600,SL101308,2024-06-16 07:00:00,Settlement Offer,You may be eligible for a reduced settlement on your account. Contact us to learn more before this offer expires. Reply STOP to opt out.,yes,2024-06-16 09:55:00,0,15.0,1-29 DPD
MSGA101453,Agency A,BOR202094,SL100009,2026-07-17 13:00:00,General Notice,Your account requires attention. Please contact our office at your earliest convenience. Reply STOP to stop these messages.,,,0,15.0,1-29 DPD
MSGA101966,Agency A,BOR201305,SL101963,2025-02-04 05:00:00,Payment Reminder,Your loan payment is overdue. Please contact us today to avoid further action. Msg&data rates may apply. Reply STOP to unsubscribe.,,,0,15.0,1-29 DPD
MSGA100959,Agency A,BOR200070,SL100439,2022-11-14 08:00:00,Settlement Offer,You may be eligible for a reduced settlement on your account. Contact us to learn more before this offer expires. Reply STOP to opt out.,,,0,15.0,1-29 DPD
MSGA100629,Agency A,BOR200897,SL101433,2022-05-28 14:00:00,Payment Reminder,"Hi, this is a reminder that your student loan payment is past due. Call us or visit your account portal to make a payment. Reply STOP to opt out of text alerts.",,,0,15.0,1-29 DPD
MSGA102041,Agency A,BOR200766,SL101060,2024-06-17 10:00:00,Payment Reminder,Your loan payment is overdue. Please contact us today to avoid further action. Msg&data rates may apply. Reply STOP to unsubscribe.,my payment stopped going through last month can you check,2024-06-17 16:26:00,1,105.0,90-119 DPD
MSGA101196,Agency A,BOR201604,SL101479,2021-06-14 06:00:00,Payment Reminder,Your loan payment is overdue. Please contact us today to avoid further action. Msg&data rates may apply. Reply STOP to unsubscribe.,,,0,15.0,1-29 DPD
MSGA101621,Agency A,BOR201301,SL101756,2025-04-13 08:00:00,Payment Reminder,"Hi, this is a reminder that your student loan payment is past due. Call us or visit your account portal to make a payment. Reply STOP to opt out of text alerts.",,,0,105.0,90-119 DPD
MSGA100683,Agency A,BOR200759,SL101173,2021-09-26 15:00:00,Payment Reminder,"Hi, this is a reminder that your student loan payment is past due. Call us or visit your account portal to make a payment. Reply STOP to opt out of text alerts.",,,0,75.0,60-89 DPD
MSGA101138,Agency A,BOR200289,SL100765,2025-02-24 07:00:00,Hardship Program Info,You may qualify for a temporary hardship repayment plan. Call us to discuss your options. Reply STOP to unsubscribe from texts.,,,0,15.0,1-29 DPD
MSGA100742,Agency A,BOR201537,SL102016,2024-08-24 05:00:00,Hardship Program Info,You may qualify for a temporary hardship repayment plan. Call us to discuss your options. Reply STOP to unsubscribe from texts.,,,0,45.0,30-59 DPD
MSGA101431,Agency A,BOR200395,SL100750,2021-06-03 07:00:00,Payment Reminder,Your loan payment is overdue. Please contact us today to avoid further action. Msg&data rates may apply. Reply STOP to unsubscribe.,,,0,15.0,1-29 DPD
MSGA100984,Agency A,BOR201813,SL102013,2023-03-12 13:00:00,General Notice,Your account requires attention. Please contact our office at your earliest convenience. Reply STOP to stop these messages.,,,0,15.0,1-29 DPD
MSGA100168,Agency A,BOR201717,SL102215,2023-10-05 08:00:00,General Notice,Your account requires attention. Please contact our office at your earliest convenience. Reply STOP to stop these messages.,,,0,105.0,90-119 DPD
MSGA101097,Agency A,BOR201467,SL101166,2025-09-20 15:00:00,Payment Reminder,Your loan payment is overdue. Please contact us today to avoid further action. Msg&data rates may apply. Reply STOP to unsubscribe.,,,0,195.0,180+ DPD
MSGA101388,Agency A,BOR200611,SL101910,2026-08-13 14:00:00,Payment Reminder,"Hi, this is a reminder that your student loan payment is past due. Call us or visit your account portal to make a payment. Reply STOP to opt out of text alerts.",,,0,45.0,30-59 DPD
MSGA100515,Agency A,BOR201858,SL102367,2023-12-15 09:00:00,Payment Reminder,Your loan payment is overdue. Please contact us today to avoid further action. Msg&data rates may apply. Reply STOP to unsubscribe.,,,0,165.0,150-179 DPD
MSGA101713,Agency A,BOR200035,SL101687,2026-05-20 16:00:00,Hardship Program Info,You may qualify for a temporary hardship repayment plan. Call us to discuss your options. Reply STOP to unsubscribe from texts.,,,0,15.0,1-29 DPD
MSGA101141,Agency A,BOR201035,SL101078,2022-01-23 08:00:00,Hardship Program Info,You may qualify for a temporary hardship repayment plan. Call us to discuss your options. Reply STOP to unsubscribe from texts.,k,2022-01-23 09:56:00,0,75.0,60-89 DPD
MSGA101666,Agency A,BOR200643,SL100843,2024-09-26 11:00:00,Payment Reminder,Your loan payment is overdue. Please contact us today to avoid further action. Msg&data rates may apply. Reply STOP to unsubscribe.,,,0,15.0,1-29 DPD
MSGA100638,Agency A,BOR201425,SL102005,2021-11-04 12:00:00,General Notice,Your account requires attention. Please contact our office at your earliest convenience. Reply STOP to stop these messages.,,,0,75.0,60-89 DPD
MSGA101786,Agency A,BOR202239,SL100827,2025-03-14 06:00:00,Payment Reminder,"Hi, this is a reminder that your student loan payment is past due. Call us or visit your account portal to make a payment. Reply STOP to opt out of text alerts.",,,0,45.0,30-59 DPD
MSGA101888,Agency A,BOR202270,SL100051,2026-02-09 09:00:00,Payment Reminder,Your loan payment is overdue. Please contact us today to avoid further action. Msg&data rates may apply. Reply STOP to unsubscribe.,,,0,15.0,1-29 DPD
MSGA101566,Agency A,BOR200435,SL100790,2026-04-06 11:00:00,Payment Reminder,"Hi, this is a reminder that your student loan payment is past due. Call us or visit your account portal to make a payment. Reply STOP to opt out of text alerts.",,,0,105.0,90-119 DPD
MSGA101577,Agency A,BOR200887,SL101758,2023-10-21 14:00:00,General Notice,Your account requires attention. Please contact our office at your earliest convenience. Reply STOP to stop these messages.,,,0,15.0,1-29 DPD
MSGA100562,Agency A,BOR200411,SL101229,2022-07-25 14:00:00,Payment Reminder,"Hi, this is a reminder that your student loan payment is past due. Call us or visit your account portal to make a payment. Reply STOP to opt out of text alerts.",,,0,75.0,60-89 DPD
MSGA101130,Agency A,BOR202208,SL102327,2023-04-03 11:00:00,Payment Reminder,"Hi, this is a reminder that your student loan payment is past due. Call us or visit your account portal to make a payment. Reply STOP to opt out of text alerts.",,,0,15.0,1-29 DPD
MSGA101309,Agency A,BOR201940,SL101369,2026-02-02 12:00:00,Payment Reminder,"Hi, this is a reminder that your student loan payment is past due. Call us or visit your account portal to make a payment. Reply STOP to opt out of text alerts.",,,0,165.0,150-179 DPD
MSGA101474,Agency A,BOR200147,SL102151,2025-08-21 06:00:00,Payment Reminder,Your loan payment is overdue. Please contact us today to avoid further action. Msg&data rates may apply. Reply STOP to unsubscribe.,,,0,45.0,30-59 DPD
MSGA100878,Agency A,BOR201425,SL102005,2022-09-06 07:00:00,Payment Reminder,"Hi, this is a reminder that your student loan payment is past due. Call us or visit your account portal to make a payment. Reply STOP to opt out of text alerts.",,,0,165.0,150-179 DPD
MSGA100901,Agency A,BOR200225,SL101125,2025-07-16 16:00:00,Settlement Offer,You may be eligible for a reduced settlement on your account. Contact us to learn more before this offer expires. Reply STOP to opt out.,,,0,15.0,1-29 DPD
MSGA100396,Agency A,BOR200660,SL101734,2024-06-05 05:00:00,Settlement Offer,You may be eligible for a reduced settlement on your account. Contact us to learn more before this offer expires. Reply STOP to opt out.,,,0,45.0,30-59 DPD
MSGA100103,Agency A,BOR200565,SL101707,2023-11-12 14:00:00,Settlement Offer,You may be eligible for a reduced settlement on your account. Contact us to learn more before this offer expires. Reply STOP to opt out.,  Stop - remove my number   ,2023-11-12 16:44:00,1,15.0,1-29 DPD
MSGA100825,Agency A,BOR201675,SL101626,2025-01-05 12:00:00,Settlement Offer,You may be eligible for a reduced settlement on your account. Contact us to learn more before this offer expires. Reply STOP to opt out.,,,0,195.0,180+ DPD
MSGA101378,Agency A,BOR201525,SL100527,2022-11-22 13:00:00,Payment Reminder,"Hi, this is a reminder that your student loan payment is past due. Call us or visit your account portal to make a payment. Reply STOP to opt out of text alerts.",,,0,75.0,60-89 DPD
MSGA100553,Agency A,BOR200071,SL101009,2025-01-14 11:00:00,Payment Reminder,Your loan payment is overdue. Please contact us today to avoid further action. Msg&data rates may apply. Reply STOP to unsubscribe.,,,0,75.0,60-89 DPD
MSGA101500,Agency A,BOR200796,SL101889,2024-06-17 11:00:00,General Notice,Your account requires attention. Please contact our office at your earliest convenience. Reply STOP to stop these messages.,,,0,15.0,1-29 DPD
MSGA100078,Agency A,BOR202213,SL102203,2023-03-06 16:00:00,Payment Reminder,"Hi, this is a reminder that your student loan payment is past due. Call us or visit your account portal to make a payment. Reply STOP to opt out of text alerts.",,,0,45.0,30-59 DPD
MSGA101783,Agency A,BOR201388,SL100690,2024-06-19 05:00:00,Payment Reminder,Your loan payment is overdue. Please contact us today to avoid further action. Msg&data rates may apply. Reply STOP to unsubscribe.,,,0,15.0,1-29 DPD
MSGA101448,Agency A,BOR200443,SL101650,2025-05-22 08:00:00,Settlement Offer,You may be eligible for a reduced settlement on your account. Contact us to learn more before this offer expires. Reply STOP to opt out.,,,0,105.0,90-119 DPD
MSGA100739,Agency A,BOR200478,SL101541,2025-12-14 10:00:00,Settlement Offer,You may be eligible for a reduced settlement on your account. Contact us to learn more before this offer expires. Reply STOP to opt out.,,,0,105.0,90-119 DPD
MSGA101576,Agency A,BOR200540,SL100661,2026-04-03 07:00:00,Payment Reminder,"Hi, this is a reminder that your student loan payment is past due. Call us or visit your account portal to make a payment. Reply STOP to opt out of text alerts.",ok will pay soon,2026-04-03 16:29:00,0,15.0,1-29 DPD
MSGA100694,Agency A,BOR200681,SL102257,2024-07-08 07:00:00,General Notice,Your account requires attention. Please contact our office at your earliest convenience. Reply STOP to stop these messages.,I already stopped autopay is that why im getting these,2024-07-08 14:30:00,1,15.0,1-29 DPD
MSGA100188,Agency A,BOR202236,SL100953,2023-07-21 16:00:00,General Notice,Your account requires attention. Please contact our office at your earliest convenience. Reply STOP to stop these messages.,,,0,15.0,1-29 DPD
MSGA101034,Agency A,BOR200653,SL102471,2024-04-17 06:00:00,Payment Reminder,"Hi, this is a reminder that your student loan payment is past due. Call us or visit your account portal to make a payment. Reply STOP to opt out of text alerts.",,,0,15.0,1-29 DPD
MSGA101712,Agency A,BOR201602,SL101775,2024-09-20 06:00:00,General Notice,Your account requires attention. Please contact our office at your earliest convenience. Reply STOP to stop these messages.,,,0,15.0,1-29 DPD
MSGA101373,Agency A,BOR201124,SL100386,2022-09-08 06:00:00,Hardship Program Info,You may qualify for a temporary hardship repayment plan. Call us to discuss your options. Reply STOP to unsubscribe from texts.,,,0,15.0,1-29 DPD
MSGA100623,Agency A,BOR200089,SL101366,2025-02-17 10:00:00,Payment Reminder,"Hi, this is a reminder that your student loan payment is past due. Call us or visit your account portal to make a payment. Reply STOP to opt out of text alerts.","stop it's already paid, why do I keep getting texts",2025-02-17 10:59:00,1,15.0,1-29 DPD
MSGA101232,Agency A,BOR202277,SL100877,2023-04-23 06:00:00,Settlement Offer,You may be eligible for a reduced settlement on your account. Contact us to learn more before this offer expires. Reply STOP to opt out.,,,0,45.0,30-59 DPD
MSGA100667,Agency A,BOR200168,SL100103,2025-04-15 05:00:00,Payment Reminder,"Hi, this is a reminder that your student loan payment is past due. Call us or visit your account portal to make a payment. Reply STOP to opt out of text alerts.",,,0,15.0,1-29 DPD
MSGA101334,Agency A,BOR201780,SL102369,2023-10-21 16:00:00,General Notice,Your account requires attention. Please contact our office at your earliest convenience. Reply STOP to stop these messages.,,,0,15.0,1-29 DPD
MSGA100051,Agency A,BOR201871,SL100814,2025-11-21 16:00:00,Payment Reminder,"Hi, this is a reminder that your student loan payment is past due. Call us or visit your account portal to make a payment. Reply STOP to opt out of text alerts.",,,0,105.0,90-119 DPD
MSGA100004,Agency A,BOR200429,SL100998,2024-10-17 11:00:00,Payment Reminder,Your loan payment is overdue. Please contact us today to avoid further action. Msg&data rates may apply. Reply STOP to unsubscribe.,how much do I owe,2024-10-17 15:39:00,0,75.0,60-89 DPD
MSGA101031,Agency A,BOR202266,SL102377,2026-08-05 13:00:00,General Notice,Your account requires attention. Please contact our office at your earliest convenience. Reply STOP to stop these messages.,,,0,15.0,1-29 DPD
MSGA101263,Agency A,BOR201721,SL101881,2024-11-04 07:00:00,Payment Reminder,Your loan payment is overdue. Please contact us today to avoid further action. Msg&data rates may apply. Reply STOP to unsubscribe.,,,0,15.0,1-29 DPD
MSGA100040,AGENCY_A,BOR202131,SL100622,2026-07-04 11:00:00,Payment Reminder,"Hi, this is a reminder that your student loan payment is past due. Call us or visit your account portal to make a payment. Reply STOP to opt out of text alerts.",,,0,15.0,1-29 DPD
MSGA101811,Agency A,BOR201216,SL101553,2026-08-07 14:00:00,General Notice,Your account requires attention. Please contact our office at your earliest convenience. Reply STOP to stop these messages.,,,0,45.0,30-59 DPD
MSGA100147,Agency A,BOR201716,SL100596,2022-02-13 07:00:00,Payment Reminder,"Hi, this is a reminder that your student loan payment is past due. Call us or visit your account portal to make a payment. Reply STOP to opt out of text alerts.",,,0,15.0,1-29 DPD
MSGA101142,Agency A,BOR200471,SL101249,2025-04-27 15:00:00,General Notice,Your account requires attention. Please contact our office at your earliest convenience. Reply STOP to stop these messages.,,,0,105.0,90-119 DPD
MSGA102074,Agency A,BOR201616,SL101134,2021-10-25 09:00:00,Settlement Offer,You may be eligible for a reduced settlement on your account. Contact us to learn more before this offer expires. Reply STOP to opt out.,,,0,75.0,60-89 DPD
MSGA100503,Agency A,BOR201043,SL102088,2023-05-26 06:00:00,Payment Reminder,Your loan payment is overdue. Please contact us today to avoid further action. Msg&data rates may apply. Reply STOP to unsubscribe.,,,0,15.0,1-29 DPD
MSGA101703,AGENCY_A,BOR200436,SL100367,2025-07-13 13:00:00,Payment Reminder,"Hi, this is a reminder that your student loan payment is past due. Call us or visit your account portal to make a payment. Reply STOP to opt out of text alerts.",,,0,45.0,30-59 DPD
MSGA100138,Agency A,BOR200482,SL100060,2025-04-11 06:00:00,Hardship Program Info,You may qualify for a temporary hardship repayment plan. Call us to discuss your options. Reply STOP to unsubscribe from texts.,,,0,15.0,1-29 DPD
MSGA100269,Agency A,BOR200444,SL102096,2025-06-05 14:00:00,Hardship Program Info,You may qualify for a temporary hardship repayment plan. Call us to discuss your options. Reply STOP to unsubscribe from texts.,,,0,45.0,30-59 DPD
MSGA100869,Agency A,BOR201985,SL101059,2024-06-12 10:00:00,Payment Reminder,Your loan payment is overdue. Please contact us today to avoid further action. Msg&data rates may apply. Reply STOP to unsubscribe.,,,0,75.0,60-89 DPD
MSGA101054,Agency A,BOR202015,SL102039,2026-01-10 06:00:00,General Notice,Your account requires attention. Please contact our office at your earliest convenience. Reply STOP to stop these messages.,,,0,15.0,1-29 DPD
MSGA100684,Agency A,BOR201184,SL100804,2023-05-13 09:00:00,Payment Reminder,Your loan payment is overdue. Please contact us today to avoid further action. Msg&data rates may apply. Reply STOP to unsubscribe.,,,0,75.0,60-89 DPD
MSGA101721,Agency A,BOR200844,SL100165,2025-04-22 09:00:00,Payment Reminder,"Hi, this is a reminder that your student loan payment is past due. Call us or visit your account portal to make a payment. Reply STOP to opt out of text alerts.",,,0,45.0,30-59 DPD
MSGA101093,Agency A,BOR201634,SL102324,2026-05-23 05:00:00,Payment Reminder,Your loan payment is overdue. Please contact us today to avoid further action. Msg&data rates may apply. Reply STOP to unsubscribe.,,,0,135.0,120-149 DPD
MSGA100251,Agency A,BOR200128,SL102305,2023-06-23 15:00:00,Payment Reminder,Your loan payment is overdue. Please contact us today to avoid further action. Msg&data rates may apply. Reply STOP to unsubscribe.,,,0,195.0,180+ DPD
MSGA100599,Agency A,BOR201557,SL101390,2026-04-25 16:00:00,Hardship Program Info,You may qualify for a temporary hardship repayment plan. Call us to discuss your options. Reply STOP to unsubscribe from texts.,,,0,75.0,60-89 DPD
MSGA100494,Agency A,BOR200524,SL101815,2026-02-25 10:00:00,Hardship Program Info,You may qualify for a temporary hardship repayment plan. Call us to discuss your options. Reply STOP to unsubscribe from texts.,,,0,15.0,1-29 DPD
MSGA101646,Agency A,BOR201744,SL100785,2023-03-25 09:00:00,Payment Reminder,"Hi, this is a reminder that your student loan payment is past due. Call us or visit your account portal to make a payment. Reply STOP to opt out of text alerts.",  yes   ,2023-03-25 15:00:00,0,135.0,120-149 DPD
MSGA101701,Agency A,BOR201911,SL101668,2024-02-22 11:00:00,Settlement Offer,You may be eligible for a reduced settlement on your account. Contact us to learn more before this offer expires. Reply STOP to opt out.,,,0,15.0,1-29 DPD
MSGA100952,Agency A,BOR200693,SL101339,2024-09-17 15:00:00,General Notice,Your account requires attention. Please contact our office at your earliest convenience. Reply STOP to stop these messages.,,,0,15.0,1-29 DPD
MSGA100963,Agency A,BOR201406,SL100608,2023-04-25 10:00:00,Payment Reminder,"Hi, this is a reminder that your student loan payment is past due. Call us or visit your account portal to make a payment. Reply STOP to opt out of text alerts.",,,0,75.0,60-89 DPD
MSGA101759,Agency A,BOR201070,SL101584,2024-12-23 12:00:00,General Notice,Your account requires attention. Please contact our office at your earliest convenience. Reply STOP to stop these messages.,,,0,45.0,30-59 DPD
MSGA101952,Agency A,BOR201964,SL100809,2022-08-28 11:00:00,Payment Reminder,"Hi, this is a reminder that your student loan payment is past due. Call us or visit your account portal to make a payment. Reply STOP to opt out of text alerts.",can you call me instead,2022-08-28 16:41:00,0,15.0,1-29 DPD
MSGA101873,Agency A,BOR201550,SL102453,2021-09-17 06:00:00,Settlement Offer,You may be eligible for a reduced settlement on your account. Contact us to learn more before this offer expires. Reply STOP to opt out.,,,0,75.0,60-89 DPD
MSGA101722,AGENCY_A,BOR201823,SL101623,2025-12-26 06:00:00,General Notice,Your account requires attention. Please contact our office at your earliest convenience. Reply STOP to stop these messages.,,,0,15.0,1-29 DPD
MSGA101063,Agency A,BOR200729,SL101943,2025-07-10 12:00:00,Settlement Offer,You may be eligible for a reduced settlement on your account. Contact us to learn more before this offer expires. Reply STOP to opt out.,,,0,15.0,1-29 DPD
MSGA100646,Agency A,BOR201181,SL101602,2023-08-13 09:00:00,General Notice,Your account requires attention. Please contact our office at your earliest convenience. Reply STOP to stop these messages.,,,0,15.0,1-29 DPD
MSGA101518,Agency A,BOR200548,SL100591,2025-03-14 08:00:00,Hardship Program Info,You may qualify for a temporary hardship repayment plan. Call us to discuss your options. Reply STOP to unsubscribe from texts.,,,0,45.0,30-59 DPD
MSGA101388,Agency A,BOR200611,SL101910,2026-08-13 14:00:00,Payment Reminder,"Hi, this is a reminder that your student loan payment is past due. Call us or visit your account portal to make a payment. Reply STOP to opt out of text alerts.",,,0,45.0,30-59 DPD
MSGA100043,Agency A,BOR202078,SL100725,2026-01-05 05:00:00,General Notice,Your account requires attention. Please contact our office at your earliest convenience. Reply STOP to stop these messages.,,,0,45.0,30-59 DPD
MSGA101135,Agency A,BOR200120,SL100457,2022-11-20 06:00:00,General Notice,Your account requires attention. Please contact our office at your earliest convenience. Reply STOP to stop these messages.,,,0,15.0,1-29 DPD
MSGA101893,Agency A,BOR200345,SL100053,2021-07-21 10:00:00,Payment Reminder,Your loan payment is overdue. Please contact us today to avoid further action. Msg&data rates may apply. Reply STOP to unsubscribe.,stop,2021-07-21 13:58:00,1,15.0,1-29 DPD
MSGA100607,Agency A,BOR200638,SL101799,2024-01-09 05:00:00,General Notice,Your account requires attention. Please contact our office at your earliest convenience. Reply STOP to stop these messages.,,,0,75.0,60-89 DPD
MSGA100931,Agency A,BOR202053,SL100761,2026-04-14 13:00:00,Payment Reminder,Your loan payment is overdue. Please contact us today to avoid further action. Msg&data rates may apply. Reply STOP to unsubscribe.,,,0,45.0,30-59 DPD
MSGA101462,Agency A,BOR200995,SL102294,2023-11-18 14:00:00,Payment Reminder,"Hi, this is a reminder that your student loan payment is past due. Call us or visit your account portal to make a payment. Reply STOP to opt out of text alerts.",,,0,15.0,1-29 DPD
MSGA101471,Agency A,BOR201409,SL101023,2026-03-13 16:00:00,Payment Reminder,"Hi, this is a reminder that your student loan payment is past due. Call us or visit your account portal to make a payment. Reply STOP to opt out of text alerts.",,,0,45.0,30-59 DPD
MSGA101092,Agency A,BOR201555,SL100575,2024-08-04 09:00:00,Hardship Program Info,You may qualify for a temporary hardship repayment plan. Call us to discuss your options. Reply STOP to unsubscribe from texts.,ok will pay soon,2024-08-04 18:31:00,0,15.0,1-29 DPD
MSGA100331,Agency A,BOR201618,SL100264,2024-05-09 12:00:00,Settlement Offer,You may be eligible for a reduced settlement on your account. Contact us to learn more before this offer expires. Reply STOP to opt out.,,,0,15.0,1-29 DPD
MSGA101689,Agency A,BOR201642,SL102252,2025-06-05 09:00:00,Payment Reminder,Your loan payment is overdue. Please contact us today to avoid further action. Msg&data rates may apply. Reply STOP to unsubscribe.,,,0,75.0,60-89 DPD
MSGA100862,Agency A,BOR201776,SL101300,2024-12-28 12:00:00,Settlement Offer,You may be eligible for a reduced settlement on your account. Contact us to learn more before this offer expires. Reply STOP to opt out.,,,0,105.0,90-119 DPD
MSGA101590,Agency A,BOR200471,SL101249,2024-12-11 13:00:00,Payment Reminder,Your loan payment is overdue. Please contact us today to avoid further action. Msg&data rates may apply. Reply STOP to unsubscribe.,,,0,75.0,60-89 DPD
MSGA101976,Agency A,BOR200033,SL100398,2022-06-09 11:00:00,Settlement Offer,You may be eligible for a reduced settlement on your account. Contact us to learn more before this offer expires. Reply STOP to opt out.,,,0,135.0,120-149 DPD
MSGA101208,Agency A,BOR201616,SL101134,2025-07-08 15:00:00,General Notice,Your account requires attention. Please contact our office at your earliest convenience. Reply STOP to stop these messages.,,,0,15.0,1-29 DPD
MSGA101719,Agency A,BOR201301,SL101756,2025-01-05 07:00:00,Hardship Program Info,You may qualify for a temporary hardship repayment plan. Call us to discuss your options. Reply STOP to unsubscribe from texts.,wrong number,2025-01-05 12:17:00,0,105.0,90-119 DPD
MSGA100705,Agency A,BOR200544,SL101529,2022-10-14 07:00:00,Payment Reminder,Your loan payment is overdue. Please contact us today to avoid further action. Msg&data rates may apply. Reply STOP to unsubscribe.,,,0,15.0,1-29 DPD
MSGA101750,Agency A,BOR201935,SL100253,2024-04-08 14:00:00,General Notice,Your account requires attention. Please contact our office at your earliest convenience. Reply STOP to stop these messages.,,,0,15.0,1-29 DPD
MSGA100955,Agency A,BOR200436,SL100367,2023-02-18 12:00:00,General Notice,Your account requires attention. Please contact our office at your earliest convenience. Reply STOP to stop these messages.,,,0,75.0,60-89 DPD
MSGA101427,Agency A,BOR200183,SL100015,2024-05-05 10:00:00,General Notice,Your account requires attention. Please contact our office at your earliest convenience. Reply STOP to stop these messages.,,,0,45.0,30-59 DPD
MSGA100829,Agency A,BOR200639,SL101041,2024-12-12 08:00:00,Hardship Program Info,You may qualify for a temporary hardship repayment plan. Call us to discuss your options. Reply STOP to unsubscribe from texts.,,,0,15.0,1-29 DPD
MSGA100011,Agency A,BOR202211,SL101556,2023-11-27 11:00:00,General Notice,Your account requires attention. Please contact our office at your earliest convenience. Reply STOP to stop these messages.,I stopped by the branch yesterday and paid already,2023-11-27 16:20:00,1,165.0,150-179 DPD
MSGA100313,Agency A,BOR202113,SL100753,2022-06-22 05:00:00,Payment Reminder,Your loan payment is overdue. Please contact us today to avoid further action. Msg&data rates may apply. Reply STOP to unsubscribe.,,,0,15.0,1-29 DPD
MSGA100729,Agency A,BOR201375,SL100981,2025-03-24 07:00:00,Payment Reminder,Your loan payment is overdue. Please contact us today to avoid further action. Msg&data rates may apply. Reply STOP to unsubscribe.,,,0,15.0,1-29 DPD
MSGA101167,Agency A,BOR201196,SL101921,2024-11-18 07:00:00,Hardship Program Info,You may qualify for a temporary hardship repayment plan. Call us to discuss your options. Reply STOP to unsubscribe from texts.,,,0,45.0,30-59 DPD
MSGA100261,Agency A,BOR201265,SL100282,2022-05-11 15:00:00,Hardship Program Info,You may qualify for a temporary hardship repayment plan. Call us to discuss your options. Reply STOP to unsubscribe from texts.,,,0,75.0,60-89 DPD
MSGA101395,Agency A,BOR200753,SL100077,2023-12-28 05:00:00,Hardship Program Info,You may qualify for a temporary hardship repayment plan. Call us to discuss your options. Reply STOP to unsubscribe from texts.,,,0,45.0,30-59 DPD
MSGA100747,Agency A,BOR201699,SL100911,2024-09-21 16:00:00,Hardship Program Info,You may qualify for a temporary hardship repayment plan. Call us to discuss your options. Reply STOP to unsubscribe from texts.,,,0,15.0,1-29 DPD
MSGA101244,Agency A,BOR200551,SL101492,2024-07-20 15:00:00,Hardship Program Info,You may qualify for a temporary hardship repayment plan. Call us to discuss your options. Reply STOP to unsubscribe from texts.,,,0,45.0,30-59 DPD
MSGA101767,Agency A,BOR200499,SL102022,2022-06-24 13:00:00,Settlement Offer,You may be eligible for a reduced settlement on your account. Contact us to learn more before this offer expires. Reply STOP to opt out.,,,0,15.0,1-29 DPD
MSGA100249,Agency A,BOR200223,SL101105,2025-08-21 14:00:00,Payment Reminder,"Hi, this is a reminder that your student loan payment is past due. Call us or visit your account portal to make a payment. Reply STOP to opt out of text alerts.",,,0,15.0,1-29 DPD
MSGA100500,Agency A,BOR200945,SL101864,2026-03-08 16:00:00,Settlement Offer,You may be eligible for a reduced settlement on your account. Contact us to learn more before this offer expires. Reply STOP to opt out.,,,0,135.0,120-149 DPD
MSGA100182,Agency A,BOR200128,SL102305,2023-02-21 13:00:00,General Notice,Your account requires attention. Please contact our office at your earliest convenience. Reply STOP to stop these messages.,,,0,195.0,180+ DPD
MSGA102070,Agency A,BOR201871,SL100814,2025-02-10 12:00:00,Settlement Offer,You may be eligible for a reduced settlement on your account. Contact us to learn more before this offer expires. Reply STOP to opt out.,,,0,75.0,60-89 DPD
MSGA100463,Agency A,BOR202099,SL100781,2023-12-17 08:00:00,Payment Reminder,Your loan payment is overdue. Please contact us today to avoid further action. Msg&data rates may apply. Reply STOP to unsubscribe.,,,0,45.0,30-59 DPD
MSGA101660,Agency A,BOR201980,SL101906,2024-10-16 06:00:00,General Notice,Your account requires attention. Please contact our office at your earliest convenience. Reply STOP to stop these messages.,,,0,135.0,120-149 DPD
MSGA101426,Agency A,BOR201185,SL102443,2022-10-12 10:00:00,Settlement Offer,You may be eligible for a reduced settlement on your account. Contact us to learn more before this offer expires. Reply STOP to opt out.,  nonstop calls today about this smh   ,2022-10-12 17:20:00,1,15.0,1-29 DPD
MSGA100569,Agency A,BOR201094,SL100758,2024-11-13 12:00:00,Settlement Offer,You may be eligible for a reduced settlement on your account. Contact us to learn more before this offer expires. Reply STOP to opt out.,,,0,165.0,150-179 DPD
MSGA100608,Agency A,BOR201034,SL100345,2022-06-11 07:00:00,Payment Reminder,Your loan payment is overdue. Please contact us today to avoid further action. Msg&data rates may apply. Reply STOP to unsubscribe.,,,0,105.0,90-119 DPD
MSGA101375,Agency A,BOR200136,SL100555,2023-05-25 11:00:00,General Notice,Your account requires attention. Please contact our office at your earliest convenience. Reply STOP to stop these messages.,,,0,15.0,1-29 DPD
MSGA100523,Agency A,BOR201513,SL102190,2024-02-26 12:00:00,Settlement Offer,You may be eligible for a reduced settlement on your account. Contact us to learn more before this offer expires. Reply STOP to opt out.,,,0,15.0,1-29 DPD
MSGA101932,Agency A,BOR202268,SL102313,2025-11-09 16:00:00,Hardship Program Info,You may qualify for a temporary hardship repayment plan. Call us to discuss your options. Reply STOP to unsubscribe from texts.,,,0,45.0,30-59 DPD
MSGA101079,Agency A,BOR201057,SL100226,2026-07-11 11:00:00,Payment Reminder,"Hi, this is a reminder that your student loan payment is past due. Call us or visit your account portal to make a payment. Reply STOP to opt out of text alerts.",,,0,15.0,1-29 DPD
MSGA100634,Agency A,BOR200160,SL100435,2024-07-18 09:00:00,Hardship Program Info,You may qualify for a temporary hardship repayment plan. Call us to discuss your options. Reply STOP to unsubscribe from texts.,,,0,105.0,90-119 DPD
MSGA101449,Agency A,BOR201276,SL102325,2025-01-06 16:00:00,Payment Reminder,"Hi, this is a reminder that your student loan payment is past due. Call us or visit your account portal to make a payment. Reply STOP to opt out of text alerts.",,,0,135.0,120-149 DPD
MSGA100438,Agency A,BOR200251,SL100413,2023-08-07 11:00:00,Hardship Program Info,You may qualify for a temporary hardship repayment plan. Call us to discuss your options. Reply STOP to unsubscribe from texts.,,,0,75.0,60-89 DPD
MSGA101853,Agency A,BOR202292,SL101545,2025-04-03 15:00:00,Payment Reminder,Your loan payment is overdue. Please contact us today to avoid further action. Msg&data rates may apply. Reply STOP to unsubscribe.,,,0,15.0,1-29 DPD
MSGA101634,Agency A,BOR201703,SL101849,2026-06-03 14:00:00,Hardship Program Info,You may qualify for a temporary hardship repayment plan. Call us to discuss your options. Reply STOP to unsubscribe from texts.,,,0,75.0,60-89 DPD
MSGA100886,Agency A,BOR201467,SL101166,2025-07-04 05:00:00,Payment Reminder,"Hi, this is a reminder that your student loan payment is past due. Call us or visit your account portal to make a payment. Reply STOP to opt out of text alerts.",,,0,165.0,150-179 DPD
MSGA100873,Agency A,BOR201467,SL101166,2025-08-27 13:00:00,Hardship Program Info,You may qualify for a temporary hardship repayment plan. Call us to discuss your options. Reply STOP to unsubscribe from texts.,ok will pay soon,2025-08-27 21:33:00,0,195.0,180+ DPD
MSGA101392,Agency A,BOR201651,SL102045,2025-04-14 07:00:00,General Notice,Your account requires attention. Please contact our office at your earliest convenience. Reply STOP to stop these messages.,,,0,75.0,60-89 DPD
MSGA101153,Agency A,BOR201425,SL102005,2021-09-03 06:00:00,General Notice,Your account requires attention. Please contact our office at your earliest convenience. Reply STOP to stop these messages.,,,0,15.0,1-29 DPD
MSGA100360,Agency A,BOR201985,SL101059,2024-07-24 13:00:00,Settlement Offer,You may be eligible for a reduced settlement on your account. Contact us to learn more before this offer expires. Reply STOP to opt out.,,,0,105.0,90-119 DPD
MSGA101007,Agency A,BOR201610,SL101439,2023-07-21 08:00:00,Hardship Program Info,You may qualify for a temporary hardship repayment plan. Call us to discuss your options. Reply STOP to unsubscribe from texts.,,,0,15.0,1-29 DPD
MSGA101360,Agency A,BOR201855,SL100422,2025-12-26 06:00:00,Settlement Offer,You may be eligible for a reduced settlement on your account. Contact us to learn more before this offer expires. Reply STOP to opt out.,,,0,15.0,1-29 DPD
MSGA100698,Agency A,BOR200664,SL101310,2026-04-05 14:00:00,Payment Reminder,Your loan payment is overdue. Please contact us today to avoid further action. Msg&data rates may apply. Reply STOP to unsubscribe.,,,0,45.0,30-59 DPD
MSGA101083,Agency A,BOR200245,SL100366,2025-11-20 11:00:00,General Notice,Your account requires attention. Please contact our office at your earliest convenience. Reply STOP to stop these messages.,my payment stopped going through last month can you check,2025-11-20 17:22:00,1,15.0,1-29 DPD
MSGA101256,Agency A,BOR200642,SL100829,2025-02-09 14:00:00,Settlement Offer,You may be eligible for a reduced settlement on your account. Contact us to learn more before this offer expires. Reply STOP to opt out.,Stop - remove my number,2025-02-09 18:28:00,1,15.0,1-29 DPD
MSGA100833,Agency A,BOR200512,SL101501,2025-11-17 05:00:00,Payment Reminder,"Hi, this is a reminder that your student loan payment is past due. Call us or visit your account portal to make a payment. Reply STOP to opt out of text alerts.",already paid this,2025-11-17 13:35:00,0,15.0,1-29 DPD
MSGA100119,Agency A,BOR200564,SL100199,2026-06-26 12:00:00,General Notice,Your account requires attention. Please contact our office at your earliest convenience. Reply STOP to stop these messages.,,,0,15.0,1-29 DPD
MSGA100354,Agency A,BOR201858,SL102367,2024-01-22 15:00:00,Payment Reminder,Your loan payment is overdue. Please contact us today to avoid further action. Msg&data rates may apply. Reply STOP to unsubscribe.,,,0,165.0,150-179 DPD
MSGA100290,Agency A,BOR201001,SL100868,2022-06-05 16:00:00,Payment Reminder,Your loan payment is overdue. Please contact us today to avoid further action. Msg&data rates may apply. Reply STOP to unsubscribe.,can you call me instead,2022-06-05 23:49:00,0,75.0,60-89 DPD
MSGA101962,Agency A,BOR200544,SL101529,2025-06-03 13:00:00,Settlement Offer,You may be eligible for a reduced settlement on your account. Contact us to learn more before this offer expires. Reply STOP to opt out.,,,0,195.0,180+ DPD
MSGA101968,Agency A,BOR200611,SL101910,2024-12-07 05:00:00,General Notice,Your account requires attention. Please contact our office at your earliest convenience. Reply STOP to stop these messages.,,,0,15.0,1-29 DPD
MSGA101356,Agency A,BOR201964,SL100809,2026-02-13 07:00:00,General Notice,Your account requires attention. Please contact our office at your earliest convenience. Reply STOP to stop these messages.,,,0,45.0,30-59 DPD
MSGA101025,Agency A,BOR200724,SL101045,2023-09-17 12:00:00,General Notice,Your account requires attention. Please contact our office at your earliest convenience. Reply STOP to stop these messages.,,,0,15.0,1-29 DPD
MSGA101739,Agency A,BOR200978,SL101608,2023-02-07 05:00:00,Payment Reminder,Your loan payment is overdue. Please contact us today to avoid further action. Msg&data rates may apply. Reply STOP to unsubscribe.,,,0,45.0,30-59 DPD
MSGA102087,Agency A,BOR201629,SL100606,2026-01-19 08:00:00,Payment Reminder,Your loan payment is overdue. Please contact us today to avoid further action. Msg&data rates may apply. Reply STOP to unsubscribe.,,,0,15.0,1-29 DPD
MSGA100468,Agency A,BOR201057,SL100226,2026-08-13 08:00:00,Payment Reminder,Your loan payment is overdue. Please contact us today to avoid further action. Msg&data rates may apply. Reply STOP to unsubscribe.,,,0,45.0,30-59 DPD
MSGA100021,AGENCY_A,BOR201365,SL100570,2025-05-23 13:00:00,Settlement Offer,You may be eligible for a reduced settlement on your account. Contact us to learn more before this offer expires. Reply STOP to opt out.,,,0,15.0,1-29 DPD
MSGA101855,Agency A,BOR200321,SL101563,2024-12-23 14:00:00,Settlement Offer,You may be eligible for a reduced settlement on your account. Contact us to learn more before this offer expires. Reply STOP to opt out.,,,0,45.0,30-59 DPD
MSGA100793,Agency A,BOR200180,SL102163,2024-11-05 13:00:00,Payment Reminder,Your loan payment is overdue. Please contact us today to avoid further action. Msg&data rates may apply. Reply STOP to unsubscribe.,,,0,15.0,1-29 DPD
MSGA100475,Agency A,BOR201597,SL101530,2021-03-14 10:00:00,General Notice,Your account requires attention. Please contact our office at your earliest convenience. Reply STOP to stop these messages.,,,0,45.0,30-59 DPD
MSGA101220,Agency A,BOR200558,SL101893,2023-02-14 16:00:00,General Notice,Your account requires attention. Please contact our office at your earliest convenience. Reply STOP to stop these messages.,,,0,15.0,1-29 DPD
MSGA101999,Agency A,BOR200827,SL101454,2025-08-13 12:00:00,Hardship Program Info,You may qualify for a temporary hardship repayment plan. Call us to discuss your options. Reply STOP to unsubscribe from texts.,,,0,15.0,1-29 DPD
MSGA100207,Agency A,BOR201721,SL101881,2025-10-14 15:00:00,General Notice,Your account requires attention. Please contact our office at your earliest convenience. Reply STOP to stop these messages.,,,0,135.0,120-149 DPD
MSGA101907,Agency A,BOR201425,SL102005,2022-06-23 06:00:00,Payment Reminder,Your loan payment is overdue. Please contact us today to avoid further action. Msg&data rates may apply. Reply STOP to unsubscribe.,,,0,165.0,150-179 DPD
MSGA100014,Agency A,BOR201278,SL100858,2023-01-18 16:00:00,Hardship Program Info,You may qualify for a temporary hardship repayment plan. Call us to discuss your options. Reply STOP to unsubscribe from texts.,,,0,15.0,1-29 DPD
MSGA101468,Agency A,BOR202297,SL102098,2025-05-27 08:00:00,Hardship Program Info,You may qualify for a temporary hardship repayment plan. Call us to discuss your options. Reply STOP to unsubscribe from texts.,,,0,75.0,60-89 DPD
MSGA100789,Agency A,BOR200022,SL100104,2026-05-18 07:00:00,Hardship Program Info,You may qualify for a temporary hardship repayment plan. Call us to discuss your options. Reply STOP to unsubscribe from texts.,,,0,15.0,1-29 DPD
MSGA100012,Agency A,BOR202219,SL101562,2024-04-08 07:00:00,Payment Reminder,Your loan payment is overdue. Please contact us today to avoid further action. Msg&data rates may apply. Reply STOP to unsubscribe.,how much do I owe,2024-04-08 09:54:00,0,135.0,120-149 DPD
MSGA101077,Agency A,BOR200470,SL100913,2025-04-09 13:00:00,Hardship Program Info,You may qualify for a temporary hardship repayment plan. Call us to discuss your options. Reply STOP to unsubscribe from texts.,,,0,15.0,1-29 DPD
MSGA100080,Agency A,BOR200288,SL101214,2024-01-23 08:00:00,Payment Reminder,Your loan payment is overdue. Please contact us today to avoid further action. Msg&data rates may apply. Reply STOP to unsubscribe.,,,0,135.0,120-149 DPD
MSGA100555,Agency A,BOR200179,SL100932,2026-07-16 14:00:00,Payment Reminder,"Hi, this is a reminder that your student loan payment is past due. Call us or visit your account portal to make a payment. Reply STOP to opt out of text alerts.",,,0,15.0,1-29 DPD
MSGA100853,Agency A,BOR200435,SL102361,2024-12-20 09:00:00,Payment Reminder,"Hi, this is a reminder that your student loan payment is past due. Call us or visit your account portal to make a payment. Reply STOP to opt out of text alerts.",,,0,15.0,1-29 DPD
MSGA100630,Agency A,BOR201902,SL101918,2021-04-27 13:00:00,Hardship Program Info,You may qualify for a temporary hardship repayment plan. Call us to discuss your options. Reply STOP to unsubscribe from texts.,,,0,15.0,1-29 DPD
MSGA101039,Agency A,BOR202231,SL101357,2023-01-20 07:00:00,Settlement Offer,You may be eligible for a reduced settlement on your account. Contact us to learn more before this offer expires. Reply STOP to opt out.,,,0,45.0,30-59 DPD
MSGA101511,Agency A,BOR200755,SL101813,2022-10-21 06:00:00,Hardship Program Info,You may qualify for a temporary hardship repayment plan. Call us to discuss your options. Reply STOP to unsubscribe from texts.,,,0,105.0,90-119 DPD
MSGA100770,Agency A,BOR200645,SL100504,2026-04-20 05:00:00,Payment Reminder,"Hi, this is a reminder that your student loan payment is past due. Call us or visit your account portal to make a payment. Reply STOP to opt out of text alerts.",,,0,15.0,1-29 DPD
MSGA100674,Agency A,BOR201612,SL100835,2026-07-15 09:00:00,Payment Reminder,"Hi, this is a reminder that your student loan payment is past due. Call us or visit your account portal to make a payment. Reply STOP to opt out of text alerts.",,,0,105.0,90-119 DPD
MSGA101022,Agency A,BOR202291,SL102275,2021-08-24 05:00:00,Settlement Offer,You may be eligible for a reduced settlement on your account. Contact us to learn more before this offer expires. Reply STOP to opt out.,,,0,15.0,1-29 DPD
MSGA100410,Agency A,BOR200558,SL101893,2024-07-05 08:00:00,Settlement Offer,You may be eligible for a reduced settlement on your account. Contact us to learn more before this offer expires. Reply STOP to opt out.,,,0,45.0,30-59 DPD
MSGA101910,Agency A,BOR202292,SL101545,2026-03-10 12:00:00,Payment Reminder,"Hi, this is a reminder that your student loan payment is past due. Call us or visit your account portal to make a payment. Reply STOP to opt out of text alerts.",can you call me instead,2026-03-10 15:34:00,0,135.0,120-149 DPD
MSGA101335,Agency A,BOR200136,SL100555,2023-12-12 14:00:00,Payment Reminder,"Hi, this is a reminder that your student loan payment is past due. Call us or visit your account portal to make a payment. Reply STOP to opt out of text alerts.",,,0,105.0,90-119 DPD
MSGA101053,Agency A,BOR201209,SL100709,2025-07-17 15:00:00,General Notice,Your account requires attention. Please contact our office at your earliest convenience. Reply STOP to stop these messages.,can you call me instead,2025-07-17 20:22:00,0,15.0,1-29 DPD
MSGA101870,Agency A,BOR202165,SL101503,2023-05-04 11:00:00,Payment Reminder,Your loan payment is overdue. Please contact us today to avoid further action. Msg&data rates may apply. Reply STOP to unsubscribe.,,,0,75.0,60-89 DPD
MSGA100551,Agency A,BOR201555,SL100575,2025-08-07 13:00:00,General Notice,Your account requires attention. Please contact our office at your earliest convenience. Reply STOP to stop these messages.,,,0,15.0,1-29 DPD
MSGA101672,Agency A,BOR200033,SL100398,2022-01-11 07:00:00,Payment Reminder,Your loan payment is overdue. Please contact us today to avoid further action. Msg&data rates may apply. Reply STOP to unsubscribe.,,,0,75.0,60-89 DPD
MSGA100605,Agency A,BOR201093,SL102431,2022-12-22 15:00:00,Hardship Program Info,You may qualify for a temporary hardship repayment plan. Call us to discuss your options. Reply STOP to unsubscribe from texts.,,,0,15.0,1-29 DPD
MSGA100129,Agency A,BOR200548,SL100327,2024-06-07 11:00:00,Payment Reminder,Your loan payment is overdue. Please contact us today to avoid further action. Msg&data rates may apply. Reply STOP to unsubscribe.,when does interest stop accruing on this loan,2024-06-07 20:50:00,1,15.0,1-29 DPD
MSGA100284,Agency A,BOR200033,SL100398,2022-07-09 15:00:00,Settlement Offer,You may be eligible for a reduced settlement on your account. Contact us to learn more before this offer expires. Reply STOP to opt out.,already paid this,2022-07-09 23:27:00,0,135.0,120-149 DPD
MSGA102069,Agency A,BOR201113,SL100607,2023-03-09 10:00:00,Payment Reminder,"Hi, this is a reminder that your student loan payment is past due. Call us or visit your account portal to make a payment. Reply STOP to opt out of text alerts.",Stop - remove my number,2023-03-09 14:18:00,1,15.0,1-29 DPD
MSGA101502,Agency A,BOR202066,SL100425,2023-12-19 07:00:00,Hardship Program Info,You may qualify for a temporary hardship repayment plan. Call us to discuss your options. Reply STOP to unsubscribe from texts.,,,0,15.0,1-29 DPD
MSGA101370,Agency A,BOR201367,SL101992,2026-06-20 12:00:00,General Notice,Your account requires attention. Please contact our office at your earliest convenience. Reply STOP to stop these messages.,,,0,15.0,1-29 DPD
MSGA102061,Agency A,BOR200375,SL100117,2024-01-09 07:00:00,Hardship Program Info,You may qualify for a temporary hardship repayment plan. Call us to discuss your options. Reply STOP to unsubscribe from texts.,,,0,75.0,60-89 DPD
MSGA102012,AGENCY_A,BOR200685,SL100347,2024-03-15 12:00:00,Payment Reminder,Your loan payment is overdue. Please contact us today to avoid further action. Msg&data rates may apply. Reply STOP to unsubscribe.,,,0,165.0,150-179 DPD
MSGA101552,Agency A,BOR201007,SL101604,2024-02-10 13:00:00,Hardship Program Info,You may qualify for a temporary hardship repayment plan. Call us to discuss your options. Reply STOP to unsubscribe from texts.,,,0,45.0,30-59 DPD
MSGA100240,Agency A,BOR202144,SL100511,2024-02-15 12:00:00,Payment Reminder,"Hi, this is a reminder that your student loan payment is past due. Call us or visit your account portal to make a payment. Reply STOP to opt out of text alerts.",,,0,15.0,1-29 DPD
MSGA100546,Agency A,BOR201380,SL101497,2025-07-05 14:00:00,Payment Reminder,Your loan payment is overdue. Please contact us today to avoid further action. Msg&data rates may apply. Reply STOP to unsubscribe.,when does interest stop accruing on this loan,2025-07-05 20:17:00,1,15.0,1-29 DPD
MSGA101937,Agency A,BOR202297,SL102098,2025-03-07 07:00:00,Payment Reminder,Your loan payment is overdue. Please contact us today to avoid further action. Msg&data rates may apply. Reply STOP to unsubscribe.,,,0,45.0,30-59 DPD
MSGA101587,Agency A,BOR200251,SL100413,2023-05-14 09:00:00,Settlement Offer,You may be eligible for a reduced settlement on your account. Contact us to learn more before this offer expires. Reply STOP to opt out.,,,0,45.0,30-59 DPD
MSGA100893,Agency A,BOR202224,SL100477,2024-09-15 09:00:00,General Notice,Your account requires attention. Please contact our office at your earliest convenience. Reply STOP to stop these messages.,,,0,15.0,1-29 DPD
MSGA101897,Agency A,BOR200676,SL102332,2025-01-14 11:00:00,Payment Reminder,"Hi, this is a reminder that your student loan payment is past due. Call us or visit your account portal to make a payment. Reply STOP to opt out of text alerts.",,,0,45.0,30-59 DPD
MSGA101047,Agency A,BOR200055,SL101876,2024-10-07 08:00:00,Payment Reminder,Your loan payment is overdue. Please contact us today to avoid further action. Msg&data rates may apply. Reply STOP to unsubscribe.,,,0,15.0,1-29 DPD
MSGA100022,Agency A,BOR201491,SL102083,2025-09-23 07:00:00,Payment Reminder,"Hi, this is a reminder that your student loan payment is past due. Call us or visit your account portal to make a payment. Reply STOP to opt out of text alerts.",,,0,15.0,1-29 DPD
MSGA101454,Agency A,BOR201602,SL101775,2023-08-06 14:00:00,Payment Reminder,"Hi, this is a reminder that your student loan payment is past due. Call us or visit your account portal to make a payment. Reply STOP to opt out of text alerts.",,,0,75.0,60-89 DPD
MSGA100914,Agency A,BOR200498,SL101681,2021-11-26 13:00:00,Payment Reminder,"Hi, this is a reminder that your student loan payment is past due. Call us or visit your account portal to make a payment. Reply STOP to opt out of text alerts.",can you call me instead,2021-11-26 20:41:00,0,45.0,30-59 DPD
MSGA101871,Agency A,BOR202213,SL102203,2026-04-20 10:00:00,Payment Reminder,"Hi, this is a reminder that your student loan payment is past due. Call us or visit your account portal to make a payment. Reply STOP to opt out of text alerts.",,,0,45.0,30-59 DPD
MSGA100246,Agency A,BOR202024,SL101719,2025-12-16 07:00:00,Payment Reminder,"Hi, this is a reminder that your student loan payment is past due. Call us or visit your account portal to make a payment. Reply STOP to opt out of text alerts.",,,0,45.0,30-59 DPD
MSGA101563,Agency A,BOR202245,SL101717,2023-04-17 09:00:00,Hardship Program Info,You may qualify for a temporary hardship repayment plan. Call us to discuss your options. Reply STOP to unsubscribe from texts.,,,0,105.0,90-119 DPD
MSGA101615,Agency A,BOR200145,SL101543,2026-07-23 15:00:00,Hardship Program Info,You may qualify for a temporary hardship repayment plan. Call us to discuss your options. Reply STOP to unsubscribe from texts.,,,0,15.0,1-29 DPD
MSGA101597,Agency A,BOR201848,SL100109,2023-06-14 14:00:00,Payment Reminder,"Hi, this is a reminder that your student loan payment is past due. Call us or visit your account portal to make a payment. Reply STOP to opt out of text alerts.",,,0,45.0,30-59 DPD
MSGA100120,Agency A,BOR200114,SL101309,2023-02-02 10:00:00,Payment Reminder,Your loan payment is overdue. Please contact us today to avoid further action. Msg&data rates may apply. Reply STOP to unsubscribe.,,,0,15.0,1-29 DPD
MSGA101230,Agency A,BOR200611,SL101910,2026-07-08 11:00:00,Payment Reminder,"Hi, this is a reminder that your student loan payment is past due. Call us or visit your account portal to make a payment. Reply STOP to opt out of text alerts.",,,0,45.0,30-59 DPD
MSGA100458,Agency A,BOR200479,SL100206,2023-09-11 07:00:00,Payment Reminder,"Hi, this is a reminder that your student loan payment is past due. Call us or visit your account portal to make a payment. Reply STOP to opt out of text alerts.",,,0,15.0,1-29 DPD
MSGA100589,AGENCY_A,BOR200663,SL101119,2021-09-11 10:00:00,Payment Reminder,Your loan payment is overdue. Please contact us today to avoid further action. Msg&data rates may apply. Reply STOP to unsubscribe.,,,0,15.0,1-29 DPD
MSGA101435,Agency A,BOR201261,SL101745,2022-12-16 11:00:00,General Notice,Your account requires attention. Please contact our office at your earliest convenience. Reply STOP to stop these messages.,,,0,15.0,1-29 DPD
MSGA101987,Agency A,BOR200314,SL100483,2023-10-18 08:00:00,General Notice,Your account requires attention. Please contact our office at your earliest convenience. Reply STOP to stop these messages.,,,0,75.0,60-89 DPD
MSGA101001,Agency A,BOR200707,SL101760,2022-06-07 05:00:00,General Notice,Your account requires attention. Please contact our office at your earliest convenience. Reply STOP to stop these messages.,,,0,75.0,60-89 DPD
MSGA100048,Agency A,BOR201116,SL101001,2025-09-15 08:00:00,Hardship Program Info,You may qualify for a temporary hardship repayment plan. Call us to discuss your options. Reply STOP to unsubscribe from texts.,,,0,45.0,30-59 DPD
MSGA100996,Agency A,BOR201420,SL101467,2025-12-09 11:00:00,Payment Reminder,"Hi, this is a reminder that your student loan payment is past due. Call us or visit your account portal to make a payment. Reply STOP to opt out of text alerts.",,,0,15.0,1-29 DPD
MSGA101890,Agency A,BOR200787,SL102447,2024-06-27 11:00:00,General Notice,Your account requires attention. Please contact our office at your earliest convenience. Reply STOP to stop these messages.,,,0,15.0,1-29 DPD
MSGA101802,Agency A,BOR200649,SL101988,2022-08-04 06:00:00,Payment Reminder,Your loan payment is overdue. Please contact us today to avoid further action. Msg&data rates may apply. Reply STOP to unsubscribe.,,,0,75.0,60-89 DPD
MSGA102060,Agency A,BOR200657,SL101473,2024-11-16 08:00:00,Payment Reminder,Your loan payment is overdue. Please contact us today to avoid further action. Msg&data rates may apply. Reply STOP to unsubscribe.,,,0,15.0,1-29 DPD
MSGA100263,Agency A,BOR200685,SL100347,2023-08-09 11:00:00,Settlement Offer,You may be eligible for a reduced settlement on your account. Contact us to learn more before this offer expires. Reply STOP to opt out.,,,0,75.0,60-89 DPD
MSGA101329,Agency A,BOR200968,SL102258,2025-10-26 08:00:00,General Notice,Your account requires attention. Please contact our office at your earliest convenience. Reply STOP to stop these messages.,ok will pay soon,2025-10-26 14:46:00,0,105.0,90-119 DPD
MSGA101216,Agency A,BOR202207,SL102400,2026-08-26 16:00:00,Payment Reminder,Your loan payment is overdue. Please contact us today to avoid further action. Msg&data rates may apply. Reply STOP to unsubscribe.,,,0,105.0,90-119 DPD
MSGA101177,Agency A,BOR200155,SL101792,2025-08-18 13:00:00,Settlement Offer,You may be eligible for a reduced settlement on your account. Contact us to learn more before this offer expires. Reply STOP to opt out.,,,0,45.0,30-59 DPD
MSGA102045,Agency A,BOR201920,SL100325,2024-06-05 05:00:00,General Notice,Your account requires attention. Please contact our office at your earliest convenience. Reply STOP to stop these messages.,,,0,105.0,90-119 DPD
MSGA100372,Agency A,BOR200362,SL100921,2026-08-26 16:00:00,Payment Reminder,"Hi, this is a reminder that your student loan payment is past due. Call us or visit your account portal to make a payment. Reply STOP to opt out of text alerts.",,,0,15.0,1-29 DPD
MSGA100700,Agency A,BOR201667,SL102297,2025-02-03 15:00:00,General Notice,Your account requires attention. Please contact our office at your earliest convenience. Reply STOP to stop these messages.,,,0,105.0,90-119 DPD
MSGA100733,Agency A,BOR200287,SL100424,2021-09-25 14:00:00,Hardship Program Info,You may qualify for a temporary hardship repayment plan. Call us to discuss your options. Reply STOP to unsubscribe from texts.,,,0,15.0,1-29 DPD
MSGA100450,Agency A,BOR201119,SL101280,2023-09-17 07:00:00,Hardship Program Info,You may qualify for a temporary hardship repayment plan. Call us to discuss your options. Reply STOP to unsubscribe from texts.,,,0,15.0,1-29 DPD
MSGA101896,Agency A,BOR201581,SL100900,2025-04-11 07:00:00,Payment Reminder,"Hi, this is a reminder that your student loan payment is past due. Call us or visit your account portal to make a payment. Reply STOP to opt out of text alerts.",,,0,45.0,30-59 DPD
MSGA100452,Agency A,BOR201257,SL100695,2023-08-27 07:00:00,Hardship Program Info,You may qualify for a temporary hardship repayment plan. Call us to discuss your options. Reply STOP to unsubscribe from texts.,,,0,15.0,1-29 DPD
MSGA100938,Agency A,BOR200865,SL100643,2021-01-11 15:00:00,Payment Reminder,"Hi, this is a reminder that your student loan payment is past due. Call us or visit your account portal to make a payment. Reply STOP to opt out of text alerts.",,,0,15.0,1-29 DPD
MSGA101057,Agency A,BOR201599,SL102247,2021-02-23 08:00:00,Payment Reminder,Your loan payment is overdue. Please contact us today to avoid further action. Msg&data rates may apply. Reply STOP to unsubscribe.,,,0,45.0,30-59 DPD
MSGA101032,Agency A,BOR200390,SL101400,2025-05-12 12:00:00,Settlement Offer,You may be eligible for a reduced settlement on your account. Contact us to learn more before this offer expires. Reply STOP to opt out.,Stop - remove my number,2025-05-12 21:34:00,1,15.0,1-29 DPD
MSGA100557,Agency A,BOR201190,SL102396,2026-07-17 11:00:00,General Notice,Your account requires attention. Please contact our office at your earliest convenience. Reply STOP to stop these messages.,yes,2026-07-17 16:55:00,0,15.0,1-29 DPD
MSGA101210,AGENCY_A,BOR201013,SL100415,2025-10-26 11:00:00,Settlement Offer,You may be eligible for a reduced settlement on your account. Contact us to learn more before this offer expires. Reply STOP to opt out.,,,0,15.0,1-29 DPD
MSGA100920,Agency A,BOR200399,SL100568,2026-04-21 09:00:00,General Notice,Your account requires attention. Please contact our office at your earliest convenience. Reply STOP to stop these messages.,,,0,45.0,30-59 DPD
MSGA101385,Agency A,BOR200694,SL101856,2024-06-06 14:00:00,Payment Reminder,"Hi, this is a reminder that your student loan payment is past due. Call us or visit your account portal to make a payment. Reply STOP to opt out of text alerts.",,,0,15.0,1-29 DPD
MSGA101636,Agency A,BOR202225,SL100358,2026-06-15 05:00:00,Hardship Program Info,You may qualify for a temporary hardship repayment plan. Call us to discuss your options. Reply STOP to unsubscribe from texts.,,,0,45.0,30-59 DPD
MSGA100423,Agency A,BOR201556,SL100155,2023-05-22 10:00:00,Payment Reminder,"Hi, this is a reminder that your student loan payment is past due. Call us or visit your account portal to make a payment. Reply STOP to opt out of text alerts.",,,0,75.0,60-89 DPD
MSGA100180,Agency A,BOR201871,SL100814,2025-03-19 09:00:00,Payment Reminder,Your loan payment is overdue. Please contact us today to avoid further action. Msg&data rates may apply. Reply STOP to unsubscribe.,,,0,75.0,60-89 DPD
MSGA100247,Agency A,BOR201776,SL101300,2025-06-17 06:00:00,Hardship Program Info,You may qualify for a temporary hardship repayment plan. Call us to discuss your options. Reply STOP to unsubscribe from texts.,,,0,195.0,180+ DPD
MSGA101881,Agency A,BOR200788,SL100346,2022-02-21 16:00:00,General Notice,Your account requires attention. Please contact our office at your earliest convenience. Reply STOP to stop these messages.,,,0,165.0,150-179 DPD
MSGA100535,AGENCY_A,BOR200565,SL102482,2026-05-17 07:00:00,General Notice,Your account requires attention. Please contact our office at your earliest convenience. Reply STOP to stop these messages.,,,0,15.0,1-29 DPD
MSGA101136,Agency A,BOR201556,SL100155,2026-04-21 07:00:00,Payment Reminder,"Hi, this is a reminder that your student loan payment is past due. Call us or visit your account portal to make a payment. Reply STOP to opt out of text alerts.",when does interest stop accruing on this loan,2026-04-21 12:21:00,1,105.0,90-119 DPD
MSGA101271,Agency A,BOR200470,SL100913,2026-04-10 12:00:00,General Notice,Your account requires attention. Please contact our office at your earliest convenience. Reply STOP to stop these messages.,,,0,75.0,60-89 DPD
MSGA101651,Agency A,BOR201107,SL100747,2022-08-22 14:00:00,Payment Reminder,Your loan payment is overdue. Please contact us today to avoid further action. Msg&data rates may apply. Reply STOP to unsubscribe.,,,0,45.0,30-59 DPD
MSGA101340,Agency A,BOR201116,SL101001,2026-05-09 07:00:00,Settlement Offer,You may be eligible for a reduced settlement on your account. Contact us to learn more before this offer expires. Reply STOP to opt out.,,,0,15.0,1-29 DPD
MSGA100601,Agency A,BOR202007,SL100711,2023-09-18 15:00:00,General Notice,Your account requires attention. Please contact our office at your earliest convenience. Reply STOP to stop these messages.,,,0,15.0,1-29 DPD
MSGA100337,Agency A,BOR201043,SL102448,2026-05-24 15:00:00,Settlement Offer,You may be eligible for a reduced settlement on your account. Contact us to learn more before this offer expires. Reply STOP to opt out.,can you call me instead,2026-05-24 21:26:00,0,15.0,1-29 DPD
MSGA101363,Agency A,BOR201015,SL102318,2023-12-05 09:00:00,Payment Reminder,"Hi, this is a reminder that your student loan payment is past due. Call us or visit your account portal to make a payment. Reply STOP to opt out of text alerts.",,,0,15.0,1-29 DPD
MSGA101108,Agency A,BOR202272,SL100172,2026-04-18 07:00:00,Payment Reminder,"Hi, this is a reminder that your student loan payment is past due. Call us or visit your account portal to make a payment. Reply STOP to opt out of text alerts.",,,0,15.0,1-29 DPD
MSGA100010,Agency A,BOR200766,SL101060,2023-06-16 06:00:00,Hardship Program Info,You may qualify for a temporary hardship repayment plan. Call us to discuss your options. Reply STOP to unsubscribe from texts.,,,0,75.0,60-89 DPD
MSGA100527,Agency A,BOR201814,SL102031,2021-10-09 13:00:00,General Notice,Your account requires attention. Please contact our office at your earliest convenience. Reply STOP to stop these messages.,can you call me instead,2021-10-09 13:38:00,0,15.0,1-29 DPD
MSGA100297,Agency A,BOR200360,SL102008,2023-08-11 10:00:00,General Notice,Your account requires attention. Please contact our office at your earliest convenience. Reply STOP to stop these messages.,,,0,15.0,1-29 DPD
MSGA101961,Agency A,BOR201956,SL101371,2024-12-06 15:00:00,Payment Reminder,Your loan payment is overdue. Please contact us today to avoid further action. Msg&data rates may apply. Reply STOP to unsubscribe.,,,0,105.0,90-119 DPD
MSGA101172,Agency A,BOR201639,SL100257,2025-11-13 07:00:00,Payment Reminder,Your loan payment is overdue. Please contact us today to avoid further action. Msg&data rates may apply. Reply STOP to unsubscribe.,,,0,75.0,60-89 DPD
MSGA100198,Agency A,BOR201671,SL101013,2025-03-07 15:00:00,Hardship Program Info,You may qualify for a temporary hardship repayment plan. Call us to discuss your options. Reply STOP to unsubscribe from texts.,,,0,15.0,1-29 DPD
MSGA100315,Agency A,BOR200766,SL101060,2023-07-06 10:00:00,General Notice,Your account requires attention. Please contact our office at your earliest convenience. Reply STOP to stop these messages.,,,0,75.0,60-89 DPD
MSGA100179,Agency A,BOR201107,SL100747,2022-07-22 09:00:00,Payment Reminder,"Hi, this is a reminder that your student loan payment is past due. Call us or visit your account portal to make a payment. Reply STOP to opt out of text alerts.",,,0,45.0,30-59 DPD
MSGA102068,Agency A,BOR200047,SL102376,2026-03-28 16:00:00,General Notice,Your account requires attention. Please contact our office at your earliest convenience. Reply STOP to stop these messages.,,,0,15.0,1-29 DPD
MSGA100257,Agency A,BOR201347,SL101004,2023-02-05 11:00:00,Settlement Offer,You may be eligible for a reduced settlement on your account. Contact us to learn more before this offer expires. Reply STOP to opt out.,stop,2023-02-05 13:00:00,1,15.0,1-29 DPD
MSGA100797,Agency A,BOR200664,SL101310,2024-12-26 05:00:00,General Notice,Your account requires attention. Please contact our office at your earliest convenience. Reply STOP to stop these messages.,,,0,165.0,150-179 DPD
MSGA101338,Agency A,BOR201467,SL101166,2025-12-16 10:00:00,Payment Reminder,"Hi, this is a reminder that your student loan payment is past due. Call us or visit your account portal to make a payment. Reply STOP to opt out of text alerts.",,,0,195.0,180+ DPD
MSGA100652,Agency A,BOR200544,SL101529,2023-08-04 08:00:00,Payment Reminder,Your loan payment is overdue. Please contact us today to avoid further action. Msg&data rates may apply. Reply STOP to unsubscribe.,,,0,135.0,120-149 DPD
MSGA100308,Agency A,BOR201690,SL101620,2025-12-17 06:00:00,General Notice,Your account requires attention. Please contact our office at your earliest convenience. Reply STOP to stop these messages.,,,0,15.0,1-29 DPD
MSGA100422,Agency A,BOR202165,SL101503,2023-03-05 07:00:00,Payment Reminder,"Hi, this is a reminder that your student loan payment is past due. Call us or visit your account portal to make a payment. Reply STOP to opt out of text alerts.",k,2023-03-05 15:19:00,0,45.0,30-59 DPD
MSGA101143,Agency A,BOR202311,SL101613,2022-12-16 15:00:00,Payment Reminder,Your loan payment is overdue. Please contact us today to avoid further action. Msg&data rates may apply. Reply STOP to unsubscribe.,he stopped answering his phone so im calling on his behalf,2022-12-16 18:42:00,1,15.0,1-29 DPD
MSGA101389,Agency A,BOR200041,SL101827,2023-04-23 07:00:00,Payment Reminder,Your loan payment is overdue. Please contact us today to avoid further action. Msg&data rates may apply. Reply STOP to unsubscribe.,,,0,15.0,1-29 DPD
MSGA100205,Agency A,BOR201079,SL100259,2026-07-25 05:00:00,Payment Reminder,Your loan payment is overdue. Please contact us today to avoid further action. Msg&data rates may apply. Reply STOP to unsubscribe.,,,0,15.0,1-29 DPD
MSGA101702,Agency A,BOR200223,SL101105,2025-10-21 14:00:00,Payment Reminder,"Hi, this is a reminder that your student loan payment is past due. Call us or visit your account portal to make a payment. Reply STOP to opt out of text alerts.",,,0,45.0,30-59 DPD
MSGA102005,Agency A,BOR201962,SL101131,2023-09-12 16:00:00,General Notice,Your account requires attention. Please contact our office at your earliest convenience. Reply STOP to stop these messages.,,,0,75.0,60-89 DPD
MSGA100830,Agency A,BOR200736,SL100185,2026-04-06 13:00:00,General Notice,Your account requires attention. Please contact our office at your earliest convenience. Reply STOP to stop these messages.,,,0,15.0,1-29 DPD
MSGA101748,Agency A,BOR200766,SL101060,2023-05-24 15:00:00,Payment Reminder,Your loan payment is overdue. Please contact us today to avoid further action. Msg&data rates may apply. Reply STOP to unsubscribe.,not stopping til this is paid off lol,2023-05-24 20:07:00,1,45.0,30-59 DPD
MSGA100026,Agency A,BOR202208,SL102327,2026-05-21 06:00:00,Payment Reminder,"Hi, this is a reminder that your student loan payment is past due. Call us or visit your account portal to make a payment. Reply STOP to opt out of text alerts.",,,0,135.0,120-149 DPD
MSGA100567,Agency A,BOR202219,SL101562,2024-10-25 09:00:00,Payment Reminder,"Hi, this is a reminder that your student loan payment is past due. Call us or visit your account portal to make a payment. Reply STOP to opt out of text alerts.",,,0,195.0,180+ DPD
MSGA100369,Agency A,BOR200544,SL101529,2024-01-06 06:00:00,Hardship Program Info,You may qualify for a temporary hardship repayment plan. Call us to discuss your options. Reply STOP to unsubscribe from texts.,,,0,165.0,150-179 DPD
MSGA100220,Agency A,BOR202163,SL101459,2026-02-06 06:00:00,Settlement Offer,You may be eligible for a reduced settlement on your account. Contact us to learn more before this offer expires. Reply STOP to opt out.,,,0,45.0,30-59 DPD
MSGA100440,Agency A,BOR200439,SL100908,2023-08-13 07:00:00,Settlement Offer,You may be eligible for a reduced settlement on your account. Contact us to learn more before this offer expires. Reply STOP to opt out.,can you call me instead,2023-08-13 16:52:00,0,15.0,1-29 DPD
MSGA101412,Agency A,BOR200959,SL101518,2023-10-13 12:00:00,General Notice,Your account requires attention. Please contact our office at your earliest convenience. Reply STOP to stop these messages.,,,0,45.0,30-59 DPD
MSGA100445,Agency A,BOR200484,SL100534,2022-10-28 14:00:00,Settlement Offer,You may be eligible for a reduced settlement on your account. Contact us to learn more before this offer expires. Reply STOP to opt out.,,,0,105.0,90-119 DPD
MSGA101321,Agency A,BOR202301,SL100694,2024-06-23 06:00:00,Payment Reminder,Your loan payment is overdue. Please contact us today to avoid further action. Msg&data rates may apply. Reply STOP to unsubscribe.,,,0,165.0,150-179 DPD
MSGA100302,Agency A,BOR201961,SL102177,2025-01-21 12:00:00,General Notice,Your account requires attention. Please contact our office at your earliest convenience. Reply STOP to stop these messages.,,,0,105.0,90-119 DPD
MSGA101770,Agency A,BOR200194,SL101065,2026-05-17 09:00:00,General Notice,Your account requires attention. Please contact our office at your earliest convenience. Reply STOP to stop these messages.,,,0,15.0,1-29 DPD
MSGA101908,Agency A,BOR201496,SL100824,2021-08-26 15:00:00,Settlement Offer,You may be eligible for a reduced settlement on your account. Contact us to learn more before this offer expires. Reply STOP to opt out.,,,0,15.0,1-29 DPD
MSGA101021,Agency A,BOR201030,SL100326,2024-07-06 09:00:00,Payment Reminder,Your loan payment is overdue. Please contact us today to avoid further action. Msg&data rates may apply. Reply STOP to unsubscribe.,ok will pay soon,2024-07-06 15:15:00,0,45.0,30-59 DPD
MSGA101304,Agency A,BOR200534,SL100007,2024-06-16 13:00:00,Hardship Program Info,You may qualify for a temporary hardship repayment plan. Call us to discuss your options. Reply STOP to unsubscribe from texts.,,,0,105.0,90-119 DPD
MSGA100822,Agency A,BOR201398,SL100928,2025-11-12 14:00:00,Settlement Offer,You may be eligible for a reduced settlement on your account. Contact us to learn more before this offer expires. Reply STOP to opt out.,,,0,15.0,1-29 DPD
MSGA100214,Agency A,BOR200473,SL102091,2024-02-22 07:00:00,General Notice,Your account requires attention. Please contact our office at your earliest convenience. Reply STOP to stop these messages.,,,0,45.0,30-59 DPD
MSGA101476,Agency A,BOR201324,SL101178,2024-12-20 06:00:00,Payment Reminder,"Hi, this is a reminder that your student loan payment is past due. Call us or visit your account portal to make a payment. Reply STOP to opt out of text alerts.",,,0,15.0,1-29 DPD
MSGA100399,Agency A,BOR201081,SL102171,2021-12-13 12:00:00,General Notice,Your account requires attention. Please contact our office at your earliest convenience. Reply STOP to stop these messages.,,,0,45.0,30-59 DPD
MSGA100740,Agency A,BOR200766,SL101060,2023-08-06 12:00:00,Hardship Program Info,You may qualify for a temporary hardship repayment plan. Call us to discuss your options. Reply STOP to unsubscribe from texts.,,,0,75.0,60-89 DPD
MSGA101387,Agency A,BOR202199,SL102374,2025-07-16 15:00:00,Hardship Program Info,You may qualify for a temporary hardship repayment plan. Call us to discuss your options. Reply STOP to unsubscribe from texts.,,,0,15.0,1-29 DPD
MSGA100980,Agency A,BOR200544,SL101529,2025-07-13 07:00:00,Hardship Program Info,You may qualify for a temporary hardship repayment plan. Call us to discuss your options. Reply STOP to unsubscribe from texts.,wrong number,2025-07-13 11:46:00,0,195.0,180+ DPD
MSGA101391,Agency A,BOR201961,SL102177,2022-10-12 06:00:00,Payment Reminder,"Hi, this is a reminder that your student loan payment is past due. Call us or visit your account portal to make a payment. Reply STOP to opt out of text alerts.",  when does interest stop accruing on this loan   ,2022-10-12 15:46:00,1,15.0,1-29 DPD
MSGA100258,Agency A,BOR200755,SL101813,2022-06-10 11:00:00,Settlement Offer,You may be eligible for a reduced settlement on your account. Contact us to learn more before this offer expires. Reply STOP to opt out.,,,0,75.0,60-89 DPD
MSGA100222,Agency A,BOR201871,SL100814,2024-12-12 07:00:00,Hardship Program Info,You may qualify for a temporary hardship repayment plan. Call us to discuss your options. Reply STOP to unsubscribe from texts.,,,0,45.0,30-59 DPD
MSGA101282,Agency A,BOR201336,SL102074,2026-02-05 08:00:00,Payment Reminder,"Hi, this is a reminder that your student loan payment is past due. Call us or visit your account portal to make a payment. Reply STOP to opt out of text alerts.",,,0,15.0,1-29 DPD
MSGA102072,Agency A,BOR200755,SL101813,2026-03-23 15:00:00,General Notice,Your account requires attention. Please contact our office at your earliest convenience. Reply STOP to stop these messages.,,,0,135.0,120-149 DPD
MSGA101692,Agency A,BOR201583,SL100496,2023-07-05 14:00:00,General Notice,Your account requires attention. Please contact our office at your earliest convenience. Reply STOP to stop these messages.,,,0,45.0,30-59 DPD
MSGA101787,Agency A,BOR201744,SL100785,2022-11-04 05:00:00,General Notice,Your account requires attention. Please contact our office at your earliest convenience. Reply STOP to stop these messages.,,,0,75.0,60-89 DPD
MSGA100915,Agency A,BOR201667,SL102292,2025-09-07 08:00:00,General Notice,Your account requires attention. Please contact our office at your earliest convenience. Reply STOP to stop these messages.,,,0,15.0,1-29 DPD
MSGA101094,Agency A,BOR201801,SL101853,2022-05-25 11:00:00,Hardship Program Info,You may qualify for a temporary hardship repayment plan. Call us to discuss your options. Reply STOP to unsubscribe from texts.,can you call me instead,2022-05-25 12:55:00,0,15.0,1-29 DPD
MSGA100654,Agency A,BOR200788,SL100346,2022-11-11 13:00:00,Payment Reminder,Your loan payment is overdue. Please contact us today to avoid further action. Msg&data rates may apply. Reply STOP to unsubscribe.,,,0,195.0,180+ DPD
MSGA101989,AGENCY_A,BOR201407,SL101542,2023-07-15 10:00:00,Payment Reminder,Your loan payment is overdue. Please contact us today to avoid further action. Msg&data rates may apply. Reply STOP to unsubscribe.,,,0,15.0,1-29 DPD
MSGA101725,Agency A,BOR200183,SL100015,2025-03-06 07:00:00,Settlement Offer,You may be eligible for a reduced settlement on your account. Contact us to learn more before this offer expires. Reply STOP to opt out.,,,0,45.0,30-59 DPD
MSGA101350,Agency A,BOR202243,SL100215,2025-02-04 11:00:00,Payment Reminder,"Hi, this is a reminder that your student loan payment is past due. Call us or visit your account portal to make a payment. Reply STOP to opt out of text alerts.",,,0,15.0,1-29 DPD
MSGA100899,Agency A,BOR200315,SL101413,2025-11-14 06:00:00,General Notice,Your account requires attention. Please contact our office at your earliest convenience. Reply STOP to stop these messages.,,,0,45.0,30-59 DPD
MSGA101716,Agency A,BOR200724,SL101045,2026-07-17 09:00:00,Payment Reminder,"Hi, this is a reminder that your student loan payment is past due. Call us or visit your account portal to make a payment. Reply STOP to opt out of text alerts.",,,0,135.0,120-149 DPD
MSGA100153,Agency A,BOR200649,SL101988,2023-06-10 10:00:00,Hardship Program Info,You may qualify for a temporary hardship repayment plan. Call us to discuss your options. Reply STOP to unsubscribe from texts.,,,0,105.0,90-119 DPD
MSGA101357,Agency A,BOR202122,SL101953,2021-12-22 12:00:00,Payment Reminder,Your loan payment is overdue. Please contact us today to avoid further action. Msg&data rates may apply. Reply STOP to unsubscribe.,,,0,45.0,30-59 DPD
MSGA100858,Agency A,BOR202292,SL101545,2025-05-23 07:00:00,Hardship Program Info,You may qualify for a temporary hardship repayment plan. Call us to discuss your options. Reply STOP to unsubscribe from texts.,,,0,45.0,30-59 DPD
MSGA101799,Agency A,BOR201053,SL101453,2023-04-09 07:00:00,General Notice,Your account requires attention. Please contact our office at your earliest convenience. Reply STOP to stop these messages.,,,0,15.0,1-29 DPD
MSGA101100,Agency A,BOR202033,SL101374,2021-12-24 16:00:00,Payment Reminder,"Hi, this is a reminder that your student loan payment is past due. Call us or visit your account portal to make a payment. Reply STOP to opt out of text alerts.",,,0,45.0,30-59 DPD
MSGA101009,Agency A,BOR200399,SL100568,2022-09-24 15:00:00,Settlement Offer,You may be eligible for a reduced settlement on your account. Contact us to learn more before this offer expires. Reply STOP to opt out.,,,0,15.0,1-29 DPD
MSGA101322,Agency A,BOR201518,SL101216,2025-03-16 09:00:00,Payment Reminder,Your loan payment is overdue. Please contact us today to avoid further action. Msg&data rates may apply. Reply STOP to unsubscribe.,,,0,15.0,1-29 DPD
MSGA100217,Agency A,BOR200572,SL101710,2024-03-04 15:00:00,Hardship Program Info,You may qualify for a temporary hardship repayment plan. Call us to discuss your options. Reply STOP to unsubscribe from texts.,,,0,45.0,30-59 DPD
MSGA100373,Agency A,BOR202239,SL100827,2024-12-16 11:00:00,Payment Reminder,"Hi, this is a reminder that your student loan payment is past due. Call us or visit your account portal to make a payment. Reply STOP to opt out of text alerts.",,,0,15.0,1-29 DPD
MSGA101661,Agency A,BOR200251,SL100413,2023-09-23 15:00:00,Payment Reminder,Your loan payment is overdue. Please contact us today to avoid further action. Msg&data rates may apply. Reply STOP to unsubscribe.,,,0,75.0,60-89 DPD
MSGA101245,Agency A,BOR200841,SL101614,2025-10-10 16:00:00,Payment Reminder,Your loan payment is overdue. Please contact us today to avoid further action. Msg&data rates may apply. Reply STOP to unsubscribe.,,,0,15.0,1-29 DPD
MSGA101178,Agency A,BOR201961,SL102006,2023-04-05 05:00:00,Payment Reminder,Your loan payment is overdue. Please contact us today to avoid further action. Msg&data rates may apply. Reply STOP to unsubscribe.,Stop,2023-04-05 11:43:00,1,45.0,30-59 DPD
MSGA102082,Agency A,BOR201402,SL101130,2025-01-05 16:00:00,Hardship Program Info,You may qualify for a temporary hardship repayment plan. Call us to discuss your options. Reply STOP to unsubscribe from texts.,k,2025-01-05 23:16:00,0,105.0,90-119 DPD
MSGA100105,Agency A,BOR200270,SL101228,2025-04-11 16:00:00,Payment Reminder,Your loan payment is overdue. Please contact us today to avoid further action. Msg&data rates may apply. Reply STOP to unsubscribe.,,,0,15.0,1-29 DPD
MSGA101475,Agency A,BOR202179,SL102101,2023-04-13 07:00:00,Payment Reminder,"Hi, this is a reminder that your student loan payment is past due. Call us or visit your account portal to make a payment. Reply STOP to opt out of text alerts.",,,0,105.0,90-119 DPD
MSGA101060,Agency A,BOR201599,SL102247,2021-10-27 08:00:00,General Notice,Your account requires attention. Please contact our office at your earliest convenience. Reply STOP to stop these messages.,,,0,195.0,180+ DPD
MSGA102029,Agency A,BOR201092,SL102373,2023-12-15 07:00:00,Payment Reminder,"Hi, this is a reminder that your student loan payment is past due. Call us or visit your account portal to make a payment. Reply STOP to opt out of text alerts.",,,0,75.0,60-89 DPD
MSGA101939,Agency A,BOR201341,SL100603,2026-01-26 12:00:00,Payment Reminder,"Hi, this is a reminder that your student loan payment is past due. Call us or visit your account portal to make a payment. Reply STOP to opt out of text alerts.",,,0,45.0,30-59 DPD
MSGA100334,Agency A,BOR200869,SL100174,2026-04-10 08:00:00,Payment Reminder,"Hi, this is a reminder that your student loan payment is past due. Call us or visit your account portal to make a payment. Reply STOP to opt out of text alerts.",,,0,75.0,60-89 DPD
MSGA100765,Agency A,BOR200147,SL102151,2025-07-04 11:00:00,Settlement Offer,You may be eligible for a reduced settlement on your account. Contact us to learn more before this offer expires. Reply STOP to opt out.,,,0,45.0,30-59 DPD
MSGA100971,Agency A,BOR201525,SL100527,2023-02-04 08:00:00,Payment Reminder,"Hi, this is a reminder that your student loan payment is past due. Call us or visit your account portal to make a payment. Reply STOP to opt out of text alerts.",,,0,105.0,90-119 DPD
MSGA102088,Agency A,BOR200525,SL102335,2023-12-09 09:00:00,Payment Reminder,Your loan payment is overdue. Please contact us today to avoid further action. Msg&data rates may apply. Reply STOP to unsubscribe.,,,0,15.0,1-29 DPD
MSGA101929,Agency A,BOR200223,SL101105,2025-11-12 08:00:00,Payment Reminder,"Hi, this is a reminder that your student loan payment is past due. Call us or visit your account portal to make a payment. Reply STOP to opt out of text alerts.",,,0,75.0,60-89 DPD
MSGA100178,Agency A,BOR201409,SL101023,2026-07-11 12:00:00,Hardship Program Info,You may qualify for a temporary hardship repayment plan. Call us to discuss your options. Reply STOP to unsubscribe from texts.,not stopping til this is paid off lol,2026-07-11 12:39:00,1,105.0,90-119 DPD
MSGA101327,Agency A,BOR200071,SL101009,2021-12-17 14:00:00,Payment Reminder,Your loan payment is overdue. Please contact us today to avoid further action. Msg&data rates may apply. Reply STOP to unsubscribe.,,,0,15.0,1-29 DPD
MSGA100338,Agency A,BOR201474,SL101700,2021-06-14 07:00:00,General Notice,Your account requires attention. Please contact our office at your earliest convenience. Reply STOP to stop these messages.,can u stop texting me at work im in a meeting,2021-06-14 13:09:00,1,105.0,90-119 DPD
MSGA101253,Agency A,BOR201333,SL101034,2026-08-23 06:00:00,General Notice,Your account requires attention. Please contact our office at your earliest convenience. Reply STOP to stop these messages.,,,0,75.0,60-89 DPD
MSGA100840,Agency A,BOR201035,SL101078,2026-05-20 07:00:00,Payment Reminder,Your loan payment is overdue. Please contact us today to avoid further action. Msg&data rates may apply. Reply STOP to unsubscribe.,,,0,45.0,30-59 DPD
MSGA100979,Agency A,BOR200978,SL101608,2021-07-18 12:00:00,Hardship Program Info,You may qualify for a temporary hardship repayment plan. Call us to discuss your options. Reply STOP to unsubscribe from texts.,,,0,45.0,30-59 DPD
MSGA101547,Agency A,BOR201633,SL101713,2023-08-11 13:00:00,General Notice,Your account requires attention. Please contact our office at your earliest convenience. Reply STOP to stop these messages.,,,0,15.0,1-29 DPD
MSGA100107,Agency A,BOR200877,SL102298,2025-12-23 11:00:00,Hardship Program Info,You may qualify for a temporary hardship repayment plan. Call us to discuss your options. Reply STOP to unsubscribe from texts.,,,0,75.0,60-89 DPD
MSGA101616,Agency A,BOR201616,SL101134,2025-03-12 09:00:00,Payment Reminder,"Hi, this is a reminder that your student loan payment is past due. Call us or visit your account portal to make a payment. Reply STOP to opt out of text alerts.",,,0,75.0,60-89 DPD
MSGA101277,Agency A,BOR200752,SL101156,2022-11-17 14:00:00,Payment Reminder,"Hi, this is a reminder that your student loan payment is past due. Call us or visit your account portal to make a payment. Reply STOP to opt out of text alerts.",wrong number,2022-11-17 19:01:00,0,15.0,1-29 DPD
MSGA100798,Agency A,BOR202157,SL102057,2025-01-23 13:00:00,General Notice,Your account requires attention. Please contact our office at your earliest convenience. Reply STOP to stop these messages.,,,0,15.0,1-29 DPD
MSGA101982,Agency A,BOR201301,SL101756,2025-07-15 11:00:00,General Notice,Your account requires attention. Please contact our office at your earliest convenience. Reply STOP to stop these messages.,,,0,135.0,120-149 DPD
MSGA100003,Agency A,BOR200325,SL101972,2026-01-10 11:00:00,Settlement Offer,You may be eligible for a reduced settlement on your account. Contact us to learn more before this offer expires. Reply STOP to opt out.,,,0,15.0,1-29 DPD
MSGA102033,Agency A,BOR201001,SL100868,2021-10-05 14:00:00,Hardship Program Info,You may qualify for a temporary hardship repayment plan. Call us to discuss your options. Reply STOP to unsubscribe from texts.,,,0,15.0,1-29 DPD
MSGA102047,Agency A,BOR201986,SL101389,2023-08-17 15:00:00,Settlement Offer,You may be eligible for a reduced settlement on your account. Contact us to learn more before this offer expires. Reply STOP to opt out.,,,0,45.0,30-59 DPD
MSGA101531,Agency A,BOR201448,SL101452,2025-01-27 14:00:00,Payment Reminder,Your loan payment is overdue. Please contact us today to avoid further action. Msg&data rates may apply. Reply STOP to unsubscribe.,,,0,15.0,1-29 DPD
MSGA101734,Agency A,BOR201699,SL100911,2026-05-09 08:00:00,Payment Reminder,Your loan payment is overdue. Please contact us today to avoid further action. Msg&data rates may apply. Reply STOP to unsubscribe.,,,0,15.0,1-29 DPD
MSGA101781,Agency A,BOR200687,SL101948,2022-07-26 14:00:00,Settlement Offer,You may be eligible for a reduced settlement on your account. Contact us to learn more before this offer expires. Reply STOP to opt out.,,,0,75.0,60-89 DPD
MSGA100109,Agency A,BOR200568,SL100391,2023-12-06 12:00:00,Hardship Program Info,You may qualify for a temporary hardship repayment plan. Call us to discuss your options. Reply STOP to unsubscribe from texts.,,,0,105.0,90-119 DPD
MSGA100676,Agency A,BOR201832,SL101174,2026-04-18 06:00:00,Payment Reminder,Your loan payment is overdue. Please contact us today to avoid further action. Msg&data rates may apply. Reply STOP to unsubscribe.,,,0,15.0,1-29 DPD
MSGA101854,Agency A,BOR202274,SL100344,2022-09-13 16:00:00,Settlement Offer,You may be eligible for a reduced settlement on your account. Contact us to learn more before this offer expires. Reply STOP to opt out.,,,0,135.0,120-149 DPD
MSGA102051,Agency A,BOR200947,SL100936,2022-01-24 10:00:00,Payment Reminder,Your loan payment is overdue. Please contact us today to avoid further action. Msg&data rates may apply. Reply STOP to unsubscribe.,,,0,165.0,150-179 DPD
MSGA100990,Agency A,BOR201406,SL100608,2023-10-04 08:00:00,Settlement Offer,You may be eligible for a reduced settlement on your account. Contact us to learn more before this offer expires. Reply STOP to opt out.,,,0,75.0,60-89 DPD
MSGA101556,Agency A,BOR200968,SL102258,2025-08-18 09:00:00,General Notice,Your account requires attention. Please contact our office at your earliest convenience. Reply STOP to stop these messages.,,,0,75.0,60-89 DPD
MSGA101169,Agency A,BOR201094,SL100758,2024-04-13 09:00:00,General Notice,Your account requires attention. Please contact our office at your earliest convenience. Reply STOP to stop these messages.,,,0,75.0,60-89 DPD
MSGA101843,Agency A,BOR200133,SL101606,2025-03-18 14:00:00,Payment Reminder,Your loan payment is overdue. Please contact us today to avoid further action. Msg&data rates may apply. Reply STOP to unsubscribe.,,,0,15.0,1-29 DPD
MSGA102058,Agency A,BOR202219,SL101562,2024-07-04 06:00:00,General Notice,Your account requires attention. Please contact our office at your earliest convenience. Reply STOP to stop these messages.,,,0,135.0,120-149 DPD
MSGA101923,Agency A,BOR201493,SL102144,2024-06-05 07:00:00,Payment Reminder,"Hi, this is a reminder that your student loan payment is past due. Call us or visit your account portal to make a payment. Reply STOP to opt out of text alerts.",,,0,75.0,60-89 DPD
MSGA101174,Agency A,BOR201324,SL101178,2023-06-19 12:00:00,Hardship Program Info,You may qualify for a temporary hardship repayment plan. Call us to discuss your options. Reply STOP to unsubscribe from texts.,,,0,45.0,30-59 DPD
MSGA100755,Agency A,BOR202314,SL100986,2026-07-15 06:00:00,Payment Reminder,"Hi, this is a reminder that your student loan payment is past due. Call us or visit your account portal to make a payment. Reply STOP to opt out of text alerts.",,,0,15.0,1-29 DPD
MSGA100827,Agency A,BOR200640,SL101064,2026-06-07 14:00:00,Hardship Program Info,You may qualify for a temporary hardship repayment plan. Call us to discuss your options. Reply STOP to unsubscribe from texts.,,,0,15.0,1-29 DPD
MSGA100675,Agency A,BOR202099,SL100781,2023-10-25 08:00:00,General Notice,Your account requires attention. Please contact our office at your earliest convenience. Reply STOP to stop these messages.,,,0,45.0,30-59 DPD
MSGA101801,Agency A,BOR200919,SL100158,2024-04-19 09:00:00,Payment Reminder,Your loan payment is overdue. Please contact us today to avoid further action. Msg&data rates may apply. Reply STOP to unsubscribe.,,,0,15.0,1-29 DPD
MSGA101555,Agency A,BOR201407,SL101542,2025-12-25 15:00:00,General Notice,Your account requires attention. Please contact our office at your earliest convenience. Reply STOP to stop these messages.,,,0,105.0,90-119 DPD
MSGA100536,Agency A,BOR201556,SL100155,2025-12-07 13:00:00,Payment Reminder,"Hi, this is a reminder that your student loan payment is past due. Call us or visit your account portal to make a payment. Reply STOP to opt out of text alerts.",,,0,75.0,60-89 DPD
MSGA100298,Agency A,BOR200720,SL101911,2025-11-17 15:00:00,Payment Reminder,Your loan payment is overdue. Please contact us today to avoid further action. Msg&data rates may apply. Reply STOP to unsubscribe.,,,0,15.0,1-29 DPD
MSGA100487,Agency A,BOR202046,SL101532,2024-07-14 07:00:00,Payment Reminder,Your loan payment is overdue. Please contact us today to avoid further action. Msg&data rates may apply. Reply STOP to unsubscribe.,can u stop texting me at work im in a meeting,2024-07-14 07:25:00,1,15.0,1-29 DPD
MSGA101917,Agency A,BOR200081,SL101506,2023-06-08 06:00:00,General Notice,Your account requires attention. Please contact our office at your earliest convenience. Reply STOP to stop these messages.,,,0,15.0,1-29 DPD
MSGA101293,Agency A,BOR202187,SL102428,2025-05-16 09:00:00,General Notice,Your account requires attention. Please contact our office at your earliest convenience. Reply STOP to stop these messages.,,,0,75.0,60-89 DPD
MSGA101384,Agency A,BOR201085,SL102331,2023-04-18 09:00:00,Payment Reminder,Your loan payment is overdue. Please contact us today to avoid further action. Msg&data rates may apply. Reply STOP to unsubscribe.,,,0,15.0,1-29 DPD
MSGA101260,Agency A,BOR200147,SL102151,2025-06-27 11:00:00,Payment Reminder,"Hi, this is a reminder that your student loan payment is past due. Call us or visit your account portal to make a payment. Reply STOP to opt out of text alerts.",,,0,15.0,1-29 DPD
MSGA101040,Agency A,BOR200837,SL100028,2021-10-16 12:00:00,Hardship Program Info,You may qualify for a temporary hardship repayment plan. Call us to discuss your options. Reply STOP to unsubscribe from texts.,,,0,75.0,60-89 DPD
MSGA100115,Agency A,BOR200503,SL100127,2026-02-22 11:00:00,General Notice,Your account requires attention. Please contact our office at your earliest convenience. Reply STOP to stop these messages.,,,0,45.0,30-59 DPD
MSGA101424,Agency A,BOR201597,SL101530,2023-11-17 13:00:00,General Notice,Your account requires attention. Please contact our office at your earliest convenience. Reply STOP to stop these messages.,please STOP texting me forever,2023-11-17 14:39:00,1,105.0,90-119 DPD
MSGA100518,AGENCY_A,BOR200444,SL102096,2025-04-12 16:00:00,Settlement Offer,You may be eligible for a reduced settlement on your account. Contact us to learn more before this offer expires. Reply STOP to opt out.,,,0,15.0,1-29 DPD
MSGA100639,Agency A,BOR201226,SL102183,2023-02-08 16:00:00,Hardship Program Info,You may qualify for a temporary hardship repayment plan. Call us to discuss your options. Reply STOP to unsubscribe from texts.,,,0,15.0,1-29 DPD
MSGA101591,Agency A,BOR201081,SL102171,2021-10-23 07:00:00,General Notice,Your account requires attention. Please contact our office at your earliest convenience. Reply STOP to stop these messages.,,,0,15.0,1-29 DPD
MSGA100272,Agency A,BOR201328,SL102420,2024-08-14 08:00:00,General Notice,Your account requires attention. Please contact our office at your earliest convenience. Reply STOP to stop these messages.,,,0,15.0,1-29 DPD
MSGA100169,Agency A,BOR201128,SL101423,2022-02-21 10:00:00,Payment Reminder,"Hi, this is a reminder that your student loan payment is past due. Call us or visit your account portal to make a payment. Reply STOP to opt out of text alerts.",,,0,15.0,1-29 DPD
MSGA101642,Agency A,BOR201184,SL100804,2023-07-15 11:00:00,Payment Reminder,"Hi, this is a reminder that your student loan payment is past due. Call us or visit your account portal to make a payment. Reply STOP to opt out of text alerts.",,,0,105.0,90-119 DPD
MSGA101841,Agency A,BOR200304,SL101383,2023-05-24 06:00:00,Settlement Offer,You may be eligible for a reduced settlement on your account. Contact us to learn more before this offer expires. Reply STOP to opt out.,,,0,45.0,30-59 DPD
MSGA100041,Agency A,BOR200901,SL101351,2024-05-13 05:00:00,Payment Reminder,Your loan payment is overdue. Please contact us today to avoid further action. Msg&data rates may apply. Reply STOP to unsubscribe.,,,0,15.0,1-29 DPD
MSGA100420,Agency A,BOR200794,SL100865,2024-09-23 08:00:00,Settlement Offer,You may be eligible for a reduced settlement on your account. Contact us to learn more before this offer expires. Reply STOP to opt out.,,,0,15.0,1-29 DPD
MSGA100974,Agency A,BOR200619,SL101634,2024-08-16 12:00:00,Payment Reminder,Your loan payment is overdue. Please contact us today to avoid further action. Msg&data rates may apply. Reply STOP to unsubscribe.,nonstop calls today about this smh,2024-08-16 14:01:00,1,15.0,1-29 DPD
MSGA102039,Agency A,BOR201045,SL100774,2021-12-24 09:00:00,Hardship Program Info,You may qualify for a temporary hardship repayment plan. Call us to discuss your options. Reply STOP to unsubscribe from texts.,,,0,45.0,30-59 DPD
MSGA101504,Agency A,BOR200768,SL101796,2025-07-26 14:00:00,Settlement Offer,You may be eligible for a reduced settlement on your account. Contact us to learn more before this offer expires. Reply STOP to opt out.,not stopping til this is paid off lol,2025-07-26 20:40:00,1,45.0,30-59 DPD
MSGA101673,Agency A,BOR201076,SL102399,2025-09-05 15:00:00,General Notice,Your account requires attention. Please contact our office at your earliest convenience. Reply STOP to stop these messages.,,,0,75.0,60-89 DPD
MSGA101205,Agency A,BOR200471,SL101249,2023-05-20 06:00:00,General Notice,Your account requires attention. Please contact our office at your earliest convenience. Reply STOP to stop these messages.,,,0,15.0,1-29 DPD
MSGA101075,Agency A,BOR201639,SL102357,2025-10-05 10:00:00,Hardship Program Info,You may qualify for a temporary hardship repayment plan. Call us to discuss your options. Reply STOP to unsubscribe from texts.,ok will pay soon,2025-10-05 17:40:00,0,45.0,30-59 DPD
MSGA100832,Agency A,BOR201331,SL101837,2026-07-13 06:00:00,Settlement Offer,You may be eligible for a reduced settlement on your account. Contact us to learn more before this offer expires. Reply STOP to opt out.,who is this,2026-07-13 10:55:00,0,75.0,60-89 DPD
MSGA101171,Agency A,BOR201003,SL102496,2025-01-08 12:00:00,General Notice,Your account requires attention. Please contact our office at your earliest convenience. Reply STOP to stop these messages.,,,0,15.0,1-29 DPD
MSGA101598,Agency A,BOR201448,SL101452,2023-02-13 16:00:00,Hardship Program Info,You may qualify for a temporary hardship repayment plan. Call us to discuss your options. Reply STOP to unsubscribe from texts.,,,0,15.0,1-29 DPD
MSGA101887,Agency A,BOR201717,SL102215,2023-06-12 13:00:00,Settlement Offer,You may be eligible for a reduced settlement on your account. Contact us to learn more before this offer expires. Reply STOP to opt out.,,,0,45.0,30-59 DPD
MSGA100681,Agency A,BOR201467,SL101166,2025-04-26 16:00:00,General Notice,Your account requires attention. Please contact our office at your earliest convenience. Reply STOP to stop these messages.,,,0,105.0,90-119 DPD
MSGA100151,Agency A,BOR201836,SL101325,2026-07-23 10:00:00,Payment Reminder,Your loan payment is overdue. Please contact us today to avoid further action. Msg&data rates may apply. Reply STOP to unsubscribe.,,,0,75.0,60-89 DPD
MSGA101274,Agency A,BOR200225,SL101125,2026-03-13 06:00:00,Payment Reminder,Your loan payment is overdue. Please contact us today to avoid further action. Msg&data rates may apply. Reply STOP to unsubscribe.,,,0,15.0,1-29 DPD
MSGA101995,AGENCY_A,BOR201792,SL100339,2021-09-06 06:00:00,Payment Reminder,Your loan payment is overdue. Please contact us today to avoid further action. Msg&data rates may apply. Reply STOP to unsubscribe.,,,0,15.0,1-29 DPD
MSGA101098,Agency A,BOR201639,SL102357,2025-11-20 08:00:00,General Notice,Your account requires attention. Please contact our office at your earliest convenience. Reply STOP to stop these messages.,,,0,75.0,60-89 DPD
MSGA101745,Agency A,BOR201697,SL101755,2023-03-09 05:00:00,Settlement Offer,You may be eligible for a reduced settlement on your account. Contact us to learn more before this offer expires. Reply STOP to opt out.,,,0,15.0,1-29 DPD
MSGA100127,Agency A,BOR201465,SL102142,2025-01-18 14:00:00,General Notice,Your account requires attention. Please contact our office at your earliest convenience. Reply STOP to stop these messages.,,,0,75.0,60-89 DPD
MSGA100140,Agency A,BOR200641,SL100505,2026-05-12 16:00:00,Hardship Program Info,You may qualify for a temporary hardship repayment plan. Call us to discuss your options. Reply STOP to unsubscribe from texts.,,,0,75.0,60-89 DPD
MSGA100960,Agency A,BOR201041,SL100764,2024-11-12 11:00:00,General Notice,Your account requires attention. Please contact our office at your earliest convenience. Reply STOP to stop these messages.,not stopping til this is paid off lol,2024-11-12 14:55:00,1,15.0,1-29 DPD
MSGA101107,Agency A,BOR200245,SL100366,2025-05-24 10:00:00,Hardship Program Info,You may qualify for a temporary hardship repayment plan. Call us to discuss your options. Reply STOP to unsubscribe from texts.,,,0,45.0,30-59 DPD
MSGA100162,Agency A,BOR201164,SL101576,2024-10-23 11:00:00,General Notice,Your account requires attention. Please contact our office at your earliest convenience. Reply STOP to stop these messages.,,,0,15.0,1-29 DPD
MSGA100905,Agency A,BOR201190,SL100243,2025-04-15 16:00:00,Payment Reminder,"Hi, this is a reminder that your student loan payment is past due. Call us or visit your account portal to make a payment. Reply STOP to opt out of text alerts.",,,0,15.0,1-29 DPD
MSGA101458,Agency A,BOR201950,SL101324,2023-03-07 16:00:00,Hardship Program Info,You may qualify for a temporary hardship repayment plan. Call us to discuss your options. Reply STOP to unsubscribe from texts.,k,2023-03-08 02:00:00,0,15.0,1-29 DPD
MSGA101251,Agency A,BOR201331,SL101837,2024-10-22 08:00:00,Hardship Program Info,You may qualify for a temporary hardship repayment plan. Call us to discuss your options. Reply STOP to unsubscribe from texts.,,,0,75.0,60-89 DPD
MSGA101635,Agency A,BOR201956,SL101371,2024-05-14 06:00:00,General Notice,Your account requires attention. Please contact our office at your earliest convenience. Reply STOP to stop these messages.,,,0,75.0,60-89 DPD
MSGA100975,Agency A,BOR200136,SL100555,2024-06-22 10:00:00,Payment Reminder,"Hi, this is a reminder that your student loan payment is past due. Call us or visit your account portal to make a payment. Reply STOP to opt out of text alerts.",,,0,15.0,1-29 DPD
MSGA101076,Agency A,BOR202274,SL100344,2022-10-21 10:00:00,Payment Reminder,"Hi, this is a reminder that your student loan payment is past due. Call us or visit your account portal to make a payment. Reply STOP to opt out of text alerts.",,,0,135.0,120-149 DPD
MSGA101506,Agency A,BOR201169,SL100838,2025-08-25 15:00:00,Hardship Program Info,You may qualify for a temporary hardship repayment plan. Call us to discuss your options. Reply STOP to unsubscribe from texts.,,,0,15.0,1-29 DPD
MSGA100695,Agency A,BOR200448,SL102009,2025-04-27 08:00:00,Payment Reminder,"Hi, this is a reminder that your student loan payment is past due. Call us or visit your account portal to make a payment. Reply STOP to opt out of text alerts.",,,0,75.0,60-89 DPD
MSGA101549,Agency A,BOR202236,SL101077,2026-04-27 05:00:00,Payment Reminder,"Hi, this is a reminder that your student loan payment is past due. Call us or visit your account portal to make a payment. Reply STOP to opt out of text alerts.",,,0,15.0,1-29 DPD
MSGA100783,Agency A,BOR201113,SL100607,2023-09-24 13:00:00,Payment Reminder,"Hi, this is a reminder that your student loan payment is past due. Call us or visit your account portal to make a payment. Reply STOP to opt out of text alerts.",,,0,75.0,60-89 DPD
MSGA101812,Agency A,BOR201570,SL101814,2021-02-19 11:00:00,Payment Reminder,"Hi, this is a reminder that your student loan payment is past due. Call us or visit your account portal to make a payment. Reply STOP to opt out of text alerts.",,,0,15.0,1-29 DPD
MSGA100279,Agency A,BOR201402,SL101130,2024-07-13 09:00:00,General Notice,Your account requires attention. Please contact our office at your earliest convenience. Reply STOP to stop these messages.,,,0,75.0,60-89 DPD
MSGA100307,Agency A,BOR202116,SL100047,2026-04-16 14:00:00,General Notice,Your account requires attention. Please contact our office at your earliest convenience. Reply STOP to stop these messages.,,,0,75.0,60-89 DPD
MSGA101149,Agency A,BOR201299,SL100048,2025-01-05 09:00:00,Payment Reminder,Your loan payment is overdue. Please contact us today to avoid further action. Msg&data rates may apply. Reply STOP to unsubscribe.,,,0,15.0,1-29 DPD
MSGA101668,Agency A,BOR200270,SL101228,2025-11-17 06:00:00,Payment Reminder,Your loan payment is overdue. Please contact us today to avoid further action. Msg&data rates may apply. Reply STOP to unsubscribe.,,,0,45.0,30-59 DPD
MSGA101900,Agency A,BOR201821,SL101935,2026-04-27 08:00:00,General Notice,Your account requires attention. Please contact our office at your earliest convenience. Reply STOP to stop these messages.,,,0,75.0,60-89 DPD
MSGA101488,Agency A,BOR200068,SL101238,2025-04-19 12:00:00,General Notice,Your account requires attention. Please contact our office at your earliest convenience. Reply STOP to stop these messages.,,,0,135.0,120-149 DPD
MSGA100421,Agency A,BOR202208,SL102327,2023-07-28 05:00:00,Payment Reminder,Your loan payment is overdue. Please contact us today to avoid further action. Msg&data rates may apply. Reply STOP to unsubscribe.,unsubscribe STOP,2023-07-28 12:28:00,1,45.0,30-59 DPD
MSGA100281,Agency A,BOR201848,SL100109,2026-03-09 11:00:00,Settlement Offer,You may be eligible for a reduced settlement on your account. Contact us to learn more before this offer expires. Reply STOP to opt out.,,,0,15.0,1-29 DPD
MSGA100575,Agency A,BOR201380,SL101497,2022-07-17 05:00:00,Settlement Offer,You may be eligible for a reduced settlement on your account. Contact us to learn more before this offer expires. Reply STOP to opt out.,,,0,15.0,1-29 DPD
MSGA101979,Agency A,BOR202245,SL101717,2021-04-09 07:00:00,Payment Reminder,"Hi, this is a reminder that your student loan payment is past due. Call us or visit your account portal to make a payment. Reply STOP to opt out of text alerts.",,,0,15.0,1-29 DPD
MSGA101341,Agency A,BOR200947,SL100936,2022-03-18 12:00:00,Payment Reminder,Your loan payment is overdue. Please contact us today to avoid further action. Msg&data rates may apply. Reply STOP to unsubscribe.,,,0,165.0,150-179 DPD
MSGA101944,Agency A,BOR200724,SL101045,2023-06-10 10:00:00,Payment Reminder,"Hi, this is a reminder that your student loan payment is past due. Call us or visit your account portal to make a payment. Reply STOP to opt out of text alerts.",,,0,15.0,1-29 DPD
MSGA100453,Agency A,BOR200183,SL100015,2021-10-22 07:00:00,Hardship Program Info,You may qualify for a temporary hardship repayment plan. Call us to discuss your options. Reply STOP to unsubscribe from texts.,,,0,15.0,1-29 DPD
MSGA101912,Agency A,BOR200635,SL100223,2025-06-03 12:00:00,Hardship Program Info,You may qualify for a temporary hardship repayment plan. Call us to discuss your options. Reply STOP to unsubscribe from texts.,,,0,15.0,1-29 DPD
MSGA100993,Agency A,BOR200943,SL101019,2025-12-18 15:00:00,General Notice,Your account requires attention. Please contact our office at your earliest convenience. Reply STOP to stop these messages.,"stop it's already paid, why do I keep getting texts",2025-12-18 19:12:00,1,45.0,30-59 DPD
MSGA101600,Agency A,BOR200958,SL100751,2021-02-24 11:00:00,General Notice,,,,0,15.0,1-29 DPD
MSGA101355,Agency A,BOR201143,SL102107,2024-12-26 12:00:00,Payment Reminder,Your loan payment is overdue. Please contact us today to avoid further action. Msg&data rates may apply. Reply STOP to unsubscribe.,,,0,15.0,1-29 DPD
MSGA100837,Agency A,BOR200017,SL100460,2025-06-07 15:00:00,Settlement Offer,You may be eligible for a reduced settlement on your account. Contact us to learn more before this offer expires. Reply STOP to opt out.,,,0,105.0,90-119 DPD
MSGA101480,Agency A,BOR200395,SL100750,2026-01-24 14:00:00,Payment Reminder,Your loan payment is overdue. Please contact us today to avoid further action. Msg&data rates may apply. Reply STOP to unsubscribe.,,,0,15.0,1-29 DPD
MSGA101924,Agency A,BOR201590,SL101316,2023-11-05 11:00:00,Payment Reminder,Your loan payment is overdue. Please contact us today to avoid further action. Msg&data rates may apply. Reply STOP to unsubscribe.,,,0,15.0,1-29 DPD
MSGA101226,Agency A,BOR200812,SL101795,2022-04-08 06:00:00,Payment Reminder,Your loan payment is overdue. Please contact us today to avoid further action. Msg&data rates may apply. Reply STOP to unsubscribe.,,,0,15.0,1-29 DPD
MSGA101513,Agency A,BOR201915,SL100522,2022-04-04 14:00:00,Settlement Offer,You may be eligible for a reduced settlement on your account. Contact us to learn more before this offer expires. Reply STOP to opt out.,,,0,15.0,1-29 DPD
MSGA101940,Agency A,BOR200788,SL100346,2022-01-26 05:00:00,Payment Reminder,"Hi, this is a reminder that your student loan payment is past due. Call us or visit your account portal to make a payment. Reply STOP to opt out of text alerts.",,,0,135.0,120-149 DPD
MSGA101137,Agency A,BOR201434,SL101281,2026-04-12 16:00:00,Settlement Offer,You may be eligible for a reduced settlement on your account. Contact us to learn more before this offer expires. Reply STOP to opt out.,,,0,15.0,1-29 DPD
MSGA101945,Agency A,BOR200299,SL100154,2024-06-09 09:00:00,General Notice,Your account requires attention. Please contact our office at your earliest convenience. Reply STOP to stop these messages.,,,0,45.0,30-59 DPD
MSGA100744,Agency A,BOR200638,SL101799,2023-08-09 07:00:00,Payment Reminder,"Hi, this is a reminder that your student loan payment is past due. Call us or visit your account portal to make a payment. Reply STOP to opt out of text alerts.",,,0,45.0,30-59 DPD
MSGA100038,Agency A,BOR200693,SL101339,2026-06-06 12:00:00,Payment Reminder,Your loan payment is overdue. Please contact us today to avoid further action. Msg&data rates may apply. Reply STOP to unsubscribe.,,,0,45.0,30-59 DPD
MSGA100772,Agency A,BOR201898,SL101123,2026-06-19 12:00:00,Payment Reminder,"Hi, this is a reminder that your student loan payment is past due. Call us or visit your account portal to make a payment. Reply STOP to opt out of text alerts.",,,0,15.0,1-29 DPD
MSGA100583,Agency A,BOR200444,SL102096,2025-07-21 16:00:00,Payment Reminder,Your loan payment is overdue. Please contact us today to avoid further action. Msg&data rates may apply. Reply STOP to unsubscribe.,,,0,75.0,60-89 DPD
MSGA100077,Agency A,BOR202229,SL100437,2026-01-24 12:00:00,Hardship Program Info,You may qualify for a temporary hardship repayment plan. Call us to discuss your options. Reply STOP to unsubscribe from texts.,,,0,15.0,1-29 DPD
MSGA100568,Agency A,BOR201034,SL100345,2022-01-09 12:00:00,Payment Reminder,"Hi, this is a reminder that your student loan payment is past due. Call us or visit your account portal to make a payment. Reply STOP to opt out of text alerts.",,,0,75.0,60-89 DPD
MSGA101941,Agency A,BOR200391,SL101703,2023-09-22 08:00:00,General Notice,Your account requires attention. Please contact our office at your earliest convenience. Reply STOP to stop these messages.,,,0,15.0,1-29 DPD
MSGA100573,Agency A,BOR201092,SL102373,2024-04-04 10:00:00,Payment Reminder,"Hi, this is a reminder that your student loan payment is past due. Call us or visit your account portal to make a payment. Reply STOP to opt out of text alerts.",can you call me instead,2024-04-04 14:17:00,0,135.0,120-149 DPD
MSGA100055,Agency A,BOR202164,SL101675,2022-05-12 08:00:00,Payment Reminder,Your loan payment is overdue. Please contact us today to avoid further action. Msg&data rates may apply. Reply STOP to unsubscribe.,nonstop calls today about this smh,2022-05-12 15:20:00,1,15.0,1-29 DPD
MSGA102046,Agency A,BOR201333,SL101034,2022-01-05 06:00:00,Payment Reminder,"Hi, this is a reminder that your student loan payment is past due. Call us or visit your account portal to make a payment. Reply STOP to opt out of text alerts.",,,0,15.0,1-29 DPD
MSGA100796,Agency A,BOR201375,SL100981,2025-06-22 05:00:00,Payment Reminder,"Hi, this is a reminder that your student loan payment is past due. Call us or visit your account portal to make a payment. Reply STOP to opt out of text alerts.",,,0,15.0,1-29 DPD
MSGA100882,Agency A,BOR200600,SL101308,2024-04-15 09:00:00,Payment Reminder,Your loan payment is overdue. Please contact us today to avoid further action. Msg&data rates may apply. Reply STOP to unsubscribe.,"stop it's already paid, why do I keep getting texts",2024-04-15 12:55:00,1,45.0,30-59 DPD
MSGA100951,Agency A,BOR200114,SL101309,2023-04-20 10:00:00,Payment Reminder,Your loan payment is overdue. Please contact us today to avoid further action. Msg&data rates may apply. Reply STOP to unsubscribe.,,,0,75.0,60-89 DPD
MSGA101155,Agency A,BOR202130,SL101307,2024-10-25 11:00:00,General Notice,Your account requires attention. Please contact our office at your earliest convenience. Reply STOP to stop these messages.,how much do I owe,2024-10-25 15:00:00,0,45.0,30-59 DPD
MSGA100595,Agency A,BOR200994,SL101891,2022-12-10 14:00:00,Payment Reminder,Your loan payment is overdue. Please contact us today to avoid further action. Msg&data rates may apply. Reply STOP to unsubscribe.,,,0,75.0,60-89 DPD
MSGA101947,Agency A,BOR200532,SL101861,2025-06-23 09:00:00,Hardship Program Info,You may qualify for a temporary hardship repayment plan. Call us to discuss your options. Reply STOP to unsubscribe from texts.,,,0,15.0,1-29 DPD
MSGA101218,Agency A,BOR200820,SL101605,2025-12-07 05:00:00,General Notice,Your account requires attention. Please contact our office at your earliest convenience. Reply STOP to stop these messages.,,,0,75.0,60-89 DPD
MSGA100046,Agency A,BOR202156,SL100713,2024-09-20 05:00:00,Payment Reminder,"Hi, this is a reminder that your student loan payment is past due. Call us or visit your account portal to make a payment. Reply STOP to opt out of text alerts.",,,0,75.0,60-89 DPD
MSGA100957,Agency A,BOR202113,SL100753,2025-04-27 07:00:00,Settlement Offer,You may be eligible for a reduced settlement on your account. Contact us to learn more before this offer expires. Reply STOP to opt out.,,,0,15.0,1-29 DPD
MSGA100981,Agency A,BOR201088,SL100659,2026-06-27 12:00:00,Payment Reminder,Your loan payment is overdue. Please contact us today to avoid further action. Msg&data rates may apply. Reply STOP to unsubscribe.,,,0,45.0,30-59 DPD
MSGA100717,Agency A,BOR200435,SL100790,2026-08-16 14:00:00,General Notice,Your account requires attention. Please contact our office at your earliest convenience. Reply STOP to stop these messages.,,,0,195.0,180+ DPD
MSGA100314,Agency A,BOR201701,SL101977,2024-07-10 07:00:00,Payment Reminder,"Hi, this is a reminder that your student loan payment is past due. Call us or visit your account portal to make a payment. Reply STOP to opt out of text alerts.",,,0,15.0,1-29 DPD
MSGA101751,Agency A,BOR200185,SL101320,2023-11-17 13:00:00,Payment Reminder,Your loan payment is overdue. Please contact us today to avoid further action. Msg&data rates may apply. Reply STOP to unsubscribe.,,,0,45.0,30-59 DPD
MSGA101310,Agency A,BOR200615,SL100433,2025-12-12 14:00:00,Hardship Program Info,You may qualify for a temporary hardship repayment plan. Call us to discuss your options. Reply STOP to unsubscribe from texts.,can you call me instead,2025-12-12 18:09:00,0,105.0,90-119 DPD
MSGA100966,Agency A,BOR201030,SL100326,2024-05-19 14:00:00,Settlement Offer,You may be eligible for a reduced settlement on your account. Contact us to learn more before this offer expires. Reply STOP to opt out.,,,0,15.0,1-29 DPD
MSGA100392,Agency A,BOR201942,SL100945,2023-08-26 14:00:00,Payment Reminder,Your loan payment is overdue. Please contact us today to avoid further action. Msg&data rates may apply. Reply STOP to unsubscribe.,,,0,45.0,30-59 DPD
MSGA100097,Agency A,BOR200649,SL101988,2025-08-05 14:00:00,Settlement Offer,You may be eligible for a reduced settlement on your account. Contact us to learn more before this offer expires. Reply STOP to opt out.,Stop,2025-08-05 19:38:00,1,15.0,1-29 DPD
MSGA102059,Agency A,BOR201960,SL101806,2023-12-23 13:00:00,Payment Reminder,Your loan payment is overdue. Please contact us today to avoid further action. Msg&data rates may apply. Reply STOP to unsubscribe.,,,0,15.0,1-29 DPD
MSGA100166,Agency A,BOR202007,SL100711,2024-11-10 15:00:00,Payment Reminder,Your loan payment is overdue. Please contact us today to avoid further action. Msg&data rates may apply. Reply STOP to unsubscribe.,,,0,195.0,180+ DPD
MSGA102084,Agency A,BOR200731,SL102363,2024-04-24 05:00:00,General Notice,Your account requires attention. Please contact our office at your earliest convenience. Reply STOP to stop these messages.,,,0,45.0,30-59 DPD
MSGA101409,Agency A,BOR201113,SL100607,2023-10-08 05:00:00,Payment Reminder,Your loan payment is overdue. Please contact us today to avoid further action. Msg&data rates may apply. Reply STOP to unsubscribe.,,,0,75.0,60-89 DPD
MSGA100713,Agency A,BOR201449,SL100363,2025-02-19 11:00:00,General Notice,Your account requires attention. Please contact our office at your earliest convenience. Reply STOP to stop these messages.,,,0,105.0,90-119 DPD
MSGA100897,Agency A,BOR200953,SL102441,2024-01-07 13:00:00,General Notice,Your account requires attention. Please contact our office at your earliest convenience. Reply STOP to stop these messages.,,,0,105.0,90-119 DPD
MSGA100524,Agency A,BOR200408,SL101829,2025-03-07 07:00:00,Settlement Offer,You may be eligible for a reduced settlement on your account. Contact us to learn more before this offer expires. Reply STOP to opt out.,,,0,15.0,1-29 DPD
MSGA100364,Agency A,BOR202211,SL101556,2023-07-06 15:00:00,Payment Reminder,"Hi, this is a reminder that your student loan payment is past due. Call us or visit your account portal to make a payment. Reply STOP to opt out of text alerts.",,,0,105.0,90-119 DPD
MSGA100910,Agency A,BOR201701,SL101977,2025-03-17 14:00:00,Settlement Offer,You may be eligible for a reduced settlement on your account. Contact us to learn more before this offer expires. Reply STOP to opt out.,,,0,45.0,30-59 DPD
MSGA101785,Agency A,BOR201697,SL101755,2023-09-07 12:00:00,Hardship Program Info,You may qualify for a temporary hardship repayment plan. Call us to discuss your options. Reply STOP to unsubscribe from texts.,,,0,75.0,60-89 DPD
MSGA100047,Agency A,BOR201265,SL100282,2022-02-17 11:00:00,General Notice,Your account requires attention. Please contact our office at your earliest convenience. Reply STOP to stop these messages.,,,0,15.0,1-29 DPD
MSGA100386,Agency A,BOR200295,SL101346,2024-07-28 08:00:00,Payment Reminder,"Hi, this is a reminder that your student loan payment is past due. Call us or visit your account portal to make a payment. Reply STOP to opt out of text alerts.",,,0,15.0,1-29 DPD
MSGA101865,Agency A,BOR200033,SL100398,2022-08-27 12:00:00,Payment Reminder,"Hi, this is a reminder that your student loan payment is past due. Call us or visit your account portal to make a payment. Reply STOP to opt out of text alerts.",,,0,135.0,120-149 DPD
MSGA101981,Agency A,BOR200841,SL101614,2026-07-05 06:00:00,Payment Reminder,"Hi, this is a reminder that your student loan payment is past due. Call us or visit your account portal to make a payment. Reply STOP to opt out of text alerts.",,,0,165.0,150-179 DPD
MSGA100504,Agency A,BOR201070,SL101584,2025-07-16 13:00:00,Settlement Offer,You may be eligible for a reduced settlement on your account. Contact us to learn more before this offer expires. Reply STOP to opt out.,,,0,15.0,1-29 DPD
MSGA101493,Agency A,BOR201057,SL100226,2022-08-09 14:00:00,Payment Reminder,"Hi, this is a reminder that your student loan payment is past due. Call us or visit your account portal to make a payment. Reply STOP to opt out of text alerts.",STOP,2022-08-09 17:05:00,1,15.0,1-29 DPD
MSGA101131,Agency A,BOR200902,SL102476,2025-10-27 06:00:00,Settlement Offer,You may be eligible for a reduced settlement on your account. Contact us to learn more before this offer expires. Reply STOP to opt out.,,,0,15.0,1-29 DPD
MSGA101162,Agency A,BOR200265,SL100426,2024-10-23 06:00:00,Payment Reminder,"Hi, this is a reminder that your student loan payment is past due. Call us or visit your account portal to make a payment. Reply STOP to opt out of text alerts.",yes,2024-10-23 13:49:00,0,15.0,1-29 DPD
MSGA101193,Agency A,BOR200261,SL101879,2023-01-16 12:00:00,Hardship Program Info,You may qualify for a temporary hardship repayment plan. Call us to discuss your options. Reply STOP to unsubscribe from texts.,,,0,15.0,1-29 DPD
MSGA100917,Agency A,BOR200185,SL101320,2021-02-08 05:00:00,Payment Reminder,"Hi, this is a reminder that your student loan payment is past due. Call us or visit your account portal to make a payment. Reply STOP to opt out of text alerts.",k,2021-02-08 09:31:00,0,45.0,30-59 DPD
MSGA101652,Agency A,BOR200788,SL100346,2022-10-04 15:00:00,Payment Reminder,"Hi, this is a reminder that your student loan payment is past due. Call us or visit your account portal to make a payment. Reply STOP to opt out of text alerts.",,,0,195.0,180+ DPD
MSGA100850,Agency A,BOR201306,SL101622,2021-12-24 08:00:00,Payment Reminder,Your loan payment is overdue. Please contact us today to avoid further action. Msg&data rates may apply. Reply STOP to unsubscribe.,,,0,45.0,30-59 DPD
MSGA100203,Agency A,BOR200738,SL100992,2025-04-25 16:00:00,Payment Reminder,Your loan payment is overdue. Please contact us today to avoid further action. Msg&data rates may apply. Reply STOP to unsubscribe.,,,0,105.0,90-119 DPD
MSGA101183,Agency A,BOR200755,SL101813,2026-05-09 09:00:00,Payment Reminder,Your loan payment is overdue. Please contact us today to avoid further action. Msg&data rates may apply. Reply STOP to unsubscribe.,,,0,135.0,120-149 DPD
MSGA100565,Agency A,BOR200894,SL100100,2023-05-21 10:00:00,Hardship Program Info,You may qualify for a temporary hardship repayment plan. Call us to discuss your options. Reply STOP to unsubscribe from texts.,,,0,15.0,1-29 DPD
MSGA100018,Agency A,BOR201029,SL102378,2025-08-17 07:00:00,Payment Reminder,Your loan payment is overdue. Please contact us today to avoid further action. Msg&data rates may apply. Reply STOP to unsubscribe.,,,0,135.0,120-149 DPD
MSGA102027,AGENCY_A,BOR200411,SL101229,2023-07-13 12:00:00,Settlement Offer,You may be eligible for a reduced settlement on your account. Contact us to learn more before this offer expires. Reply STOP to opt out.,,,0,45.0,30-59 DPD
MSGA101640,Agency A,BOR201942,SL100945,2023-07-12 14:00:00,Payment Reminder,"Hi, this is a reminder that your student loan payment is past due. Call us or visit your account portal to make a payment. Reply STOP to opt out of text alerts.",,,0,15.0,1-29 DPD
MSGA100034,Agency A,BOR201029,SL102378,2026-01-24 07:00:00,Hardship Program Info,You may qualify for a temporary hardship repayment plan. Call us to discuss your options. Reply STOP to unsubscribe from texts.,"stop it's already paid, why do I keep getting texts",2026-01-24 11:19:00,1,135.0,120-149 DPD
MSGA101279,Agency A,BOR200416,SL101438,2025-04-11 13:00:00,Payment Reminder,"Hi, this is a reminder that your student loan payment is past due. Call us or visit your account portal to make a payment. Reply STOP to opt out of text alerts.",,,0,45.0,30-59 DPD
MSGA101236,Agency A,BOR201599,SL102247,2021-05-22 09:00:00,Payment Reminder,Your loan payment is overdue. Please contact us today to avoid further action. Msg&data rates may apply. Reply STOP to unsubscribe.,,,0,75.0,60-89 DPD
MSGA100627,Agency A,BOR202218,SL101181,2024-02-22 14:00:00,Settlement Offer,You may be eligible for a reduced settlement on your account. Contact us to learn more before this offer expires. Reply STOP to opt out.,k,2024-02-22 21:06:00,0,45.0,30-59 DPD
MSGA101490,Agency A,BOR200470,SL100913,2026-02-09 09:00:00,Settlement Offer,You may be eligible for a reduced settlement on your account. Contact us to learn more before this offer expires. Reply STOP to opt out.,,,0,75.0,60-89 DPD
MSGA101203,Agency A,BOR200201,SL101318,2022-04-06 06:00:00,Settlement Offer,You may be eligible for a reduced settlement on your account. Contact us to learn more before this offer expires. Reply STOP to opt out.,,,0,15.0,1-29 DPD
MSGA101442,Agency A,BOR200223,SL101105,2022-03-06 15:00:00,Payment Reminder,Your loan payment is overdue. Please contact us today to avoid further action. Msg&data rates may apply. Reply STOP to unsubscribe.,,,0,15.0,1-29 DPD
MSGA100401,Agency A,BOR201960,SL101806,2023-11-12 14:00:00,Settlement Offer,You may be eligible for a reduced settlement on your account. Contact us to learn more before this offer expires. Reply STOP to opt out.,,,0,15.0,1-29 DPD
MSGA100800,Agency A,BOR200014,SL102162,2025-08-07 10:00:00,Payment Reminder,Your loan payment is overdue. Please contact us today to avoid further action. Msg&data rates may apply. Reply STOP to unsubscribe.,,,0,45.0,30-59 DPD
MSGA101649,Agency A,BOR200827,SL101454,2025-09-21 07:00:00,Hardship Program Info,You may qualify for a temporary hardship repayment plan. Call us to discuss your options. Reply STOP to unsubscribe from texts.,,,0,45.0,30-59 DPD
MSGA101618,AGENCY_A,BOR201357,SL101871,2022-08-09 05:00:00,Payment Reminder,"Hi, this is a reminder that your student loan payment is past due. Call us or visit your account portal to make a payment. Reply STOP to opt out of text alerts.",,,0,15.0,1-29 DPD
MSGA101127,Agency A,BOR200503,SL100127,2026-01-18 09:00:00,General Notice,Your account requires attention. Please contact our office at your earliest convenience. Reply STOP to stop these messages.,,,0,15.0,1-29 DPD
MSGA102086,Agency A,BOR201557,SL101390,2021-03-22 11:00:00,Payment Reminder,,,,0,45.0,30-59 DPD
MSGA100394,Agency A,BOR200321,SL100096,2022-04-15 14:00:00,Settlement Offer,You may be eligible for a reduced settlement on your account. Contact us to learn more before this offer expires. Reply STOP to opt out.,,,0,15.0,1-29 DPD
MSGA101980,Agency A,BOR201634,SL102324,2025-09-12 14:00:00,General Notice,Your account requires attention. Please contact our office at your earliest convenience. Reply STOP to stop these messages.,,,0,45.0,30-59 DPD
MSGA101644,Agency A,BOR201618,SL100264,2025-11-12 11:00:00,Payment Reminder,"Hi, this is a reminder that your student loan payment is past due. Call us or visit your account portal to make a payment. Reply STOP to opt out of text alerts.",ok will pay soon,2025-11-12 14:30:00,0,75.0,60-89 DPD
MSGA101731,Agency A,BOR200363,SL100399,2021-04-16 13:00:00,General Notice,Your account requires attention. Please contact our office at your earliest convenience. Reply STOP to stop these messages.,not stopping til this is paid off lol,2021-04-16 20:42:00,1,15.0,1-29 DPD
MSGA100921,Agency A,BOR201317,SL100738,2025-09-17 07:00:00,Payment Reminder,"Hi, this is a reminder that your student loan payment is past due. Call us or visit your account portal to make a payment. Reply STOP to opt out of text alerts.",,,0,15.0,1-29 DPD
MSGA100324,Agency A,BOR201934,SL101394,2025-01-07 13:00:00,General Notice,Your account requires attention. Please contact our office at your earliest convenience. Reply STOP to stop these messages.,,,0,45.0,30-59 DPD
MSGA100815,Agency A,BOR200694,SL101856,2024-07-06 12:00:00,Payment Reminder,"Hi, this is a reminder that your student loan payment is past due. Call us or visit your account portal to make a payment. Reply STOP to opt out of text alerts.",,,0,45.0,30-59 DPD
MSGA100493,Agency A,BOR200353,SL100963,2024-05-16 06:00:00,Hardship Program Info,You may qualify for a temporary hardship repayment plan. Call us to discuss your options. Reply STOP to unsubscribe from texts.,,,0,15.0,1-29 DPD
MSGA100141,Agency A,BOR200345,SL100053,2021-09-18 07:00:00,Settlement Offer,You may be eligible for a reduced settlement on your account. Contact us to learn more before this offer expires. Reply STOP to opt out.,,,0,45.0,30-59 DPD
MSGA100883,Agency A,BOR200270,SL101228,2025-10-23 16:00:00,Payment Reminder,"Hi, this is a reminder that your student loan payment is past due. Call us or visit your account portal to make a payment. Reply STOP to opt out of text alerts.",,,0,45.0,30-59 DPD
MSGA100460,Agency A,BOR202119,SL102321,2024-08-21 14:00:00,Hardship Program Info,You may qualify for a temporary hardship repayment plan. Call us to discuss your options. Reply STOP to unsubscribe from texts.,,,0,15.0,1-29 DPD
MSGA101078,Agency A,BOR200738,SL100992,2024-01-06 14:00:00,Payment Reminder,"Hi, this is a reminder that your student loan payment is past due. Call us or visit your account portal to make a payment. Reply STOP to opt out of text alerts.",,,0,15.0,1-29 DPD
MSGA102053,Agency A,BOR201859,SL100614,2026-05-20 14:00:00,Payment Reminder,"Hi, this is a reminder that your student loan payment is past due. Call us or visit your account portal to make a payment. Reply STOP to opt out of text alerts.",,,0,15.0,1-29 DPD
MSGA100218,Agency A,BOR200978,SL101608,2026-05-25 09:00:00,General Notice,Your account requires attention. Please contact our office at your earliest convenience. Reply STOP to stop these messages.,already paid this,2026-05-25 15:13:00,0,15.0,1-29 DPD
MSGA101151,Agency A,BOR200201,SL101318,2021-06-15 08:00:00,Settlement Offer,You may be eligible for a reduced settlement on your account. Contact us to learn more before this offer expires. Reply STOP to opt out.,,,0,15.0,1-29 DPD
MSGA100446,Agency A,BOR200058,SL101720,2023-04-22 08:00:00,Payment Reminder,Your loan payment is overdue. Please contact us today to avoid further action. Msg&data rates may apply. Reply STOP to unsubscribe.,,,0,45.0,30-59 DPD
MSGA101484,Agency A,BOR200228,SL100497,2025-12-10 14:00:00,General Notice,Your account requires attention. Please contact our office at your earliest convenience. Reply STOP to stop these messages.,,,0,45.0,30-59 DPD
MSGA101670,Agency A,BOR201077,SL101349,2025-10-11 07:00:00,General Notice,Your account requires attention. Please contact our office at your earliest convenience. Reply STOP to stop these messages.,,,0,15.0,1-29 DPD
MSGA101800,Agency A,BOR200783,SL101294,2026-01-16 08:00:00,Payment Reminder,Your loan payment is overdue. Please contact us today to avoid further action. Msg&data rates may apply. Reply STOP to unsubscribe.,,,0,15.0,1-29 DPD
MSGA101287,Agency A,BOR200841,SL101614,2025-12-13 15:00:00,General Notice,Your account requires attention. Please contact our office at your earliest convenience. Reply STOP to stop these messages.,,,0,75.0,60-89 DPD
MSGA100186,Agency A,BOR200947,SL100936,2022-08-15 06:00:00,Payment Reminder,Your loan payment is overdue. Please contact us today to avoid further action. Msg&data rates may apply. Reply STOP to unsubscribe.,,,0,15.0,1-29 DPD
MSGA101044,Agency A,BOR201980,SL101906,2024-05-11 15:00:00,Payment Reminder,Your loan payment is overdue. Please contact us today to avoid further action. Msg&data rates may apply. Reply STOP to unsubscribe.,,,0,105.0,90-119 DPD
MSGA101663,Agency A,BOR200838,SL102099,2021-07-14 16:00:00,Payment Reminder,"Hi, this is a reminder that your student loan payment is past due. Call us or visit your account portal to make a payment. Reply STOP to opt out of text alerts.",,,0,15.0,1-29 DPD
MSGA100732,Agency A,BOR200627,SL101680,2023-01-28 13:00:00,Payment Reminder,Your loan payment is overdue. Please contact us today to avoid further action. Msg&data rates may apply. Reply STOP to unsubscribe.,,,0,15.0,1-29 DPD
MSGA100202,Agency A,BOR200485,SL101265,2024-03-23 09:00:00,Payment Reminder,"Hi, this is a reminder that your student loan payment is past due. Call us or visit your account portal to make a payment. Reply STOP to opt out of text alerts.",,,0,15.0,1-29 DPD
MSGA100299,Agency A,BOR200098,SL100204,2022-04-25 11:00:00,Settlement Offer,You may be eligible for a reduced settlement on your account. Contact us to learn more before this offer expires. Reply STOP to opt out.,,,0,15.0,1-29 DPD
MSGA100206,Agency A,BOR202007,SL100711,2023-02-11 07:00:00,Payment Reminder,Your loan payment is overdue. Please contact us today to avoid further action. Msg&data rates may apply. Reply STOP to unsubscribe.,,,0,15.0,1-29 DPD
MSGA100384,Agency A,BOR200015,SL100467,2026-04-19 14:00:00,General Notice,Your account requires attention. Please contact our office at your earliest convenience. Reply STOP to stop these messages.,,,0,15.0,1-29 DPD
MSGA101738,AGENCY_A,BOR201602,SL101775,2023-05-11 12:00:00,Payment Reminder,Your loan payment is overdue. Please contact us today to avoid further action. Msg&data rates may apply. Reply STOP to unsubscribe.,,,0,75.0,60-89 DPD
MSGA101224,Agency A,BOR201863,SL102245,2023-02-02 06:00:00,General Notice,Your account requires attention. Please contact our office at your earliest convenience. Reply STOP to stop these messages.,,,0,15.0,1-29 DPD
MSGA100213,Agency A,BOR201502,SL101749,2023-01-24 10:00:00,Payment Reminder,"Hi, this is a reminder that your student loan payment is past due. Call us or visit your account portal to make a payment. Reply STOP to opt out of text alerts.",,,0,15.0,1-29 DPD
MSGA102063,Agency A,BOR200291,SL101528,2024-10-15 13:00:00,General Notice,Your account requires attention. Please contact our office at your earliest convenience. Reply STOP to stop these messages.,,,0,15.0,1-29 DPD
MSGA100851,Agency A,BOR200902,SL102476,2025-05-07 07:00:00,Payment Reminder,"Hi, this is a reminder that your student loan payment is past due. Call us or visit your account portal to make a payment. Reply STOP to opt out of text alerts.",,,0,15.0,1-29 DPD
MSGA101985,Agency A,BOR200925,SL101104,2026-08-06 16:00:00,General Notice,Your account requires attention. Please contact our office at your earliest convenience. Reply STOP to stop these messages.,,,0,15.0,1-29 DPD
MSGA100323,Agency A,BOR201185,SL102443,2022-06-08 16:00:00,Payment Reminder,"Hi, this is a reminder that your student loan payment is past due. Call us or visit your account portal to make a payment. Reply STOP to opt out of text alerts.",,,0,15.0,1-29 DPD
MSGA100942,Agency A,BOR200389,SL101245,2025-04-18 11:00:00,Payment Reminder,Your loan payment is overdue. Please contact us today to avoid further action. Msg&data rates may apply. Reply STOP to unsubscribe.,,,0,15.0,1-29 DPD
MSGA102083,Agency A,BOR200179,SL102158,2026-07-10 08:00:00,Hardship Program Info,You may qualify for a temporary hardship repayment plan. Call us to discuss your options. Reply STOP to unsubscribe from texts.,,,0,15.0,1-29 DPD
MSGA101087,Agency A,BOR200233,SL101607,2026-08-28 07:00:00,Payment Reminder,"Hi, this is a reminder that your student loan payment is past due. Call us or visit your account portal to make a payment. Reply STOP to opt out of text alerts.",,,0,45.0,30-59 DPD
MSGA100710,Agency A,BOR201131,SL101421,2023-01-15 15:00:00,Payment Reminder,Your loan payment is overdue. Please contact us today to avoid further action. Msg&data rates may apply. Reply STOP to unsubscribe.,,,0,45.0,30-59 DPD
MSGA100563,Agency A,BOR201650,SL100405,2024-08-06 12:00:00,Payment Reminder,Your loan payment is overdue. Please contact us today to avoid further action. Msg&data rates may apply. Reply STOP to unsubscribe.,,,0,165.0,150-179 DPD
MSGA100826,Agency A,BOR201836,SL101325,2026-01-08 08:00:00,General Notice,Your account requires attention. Please contact our office at your earliest convenience. Reply STOP to stop these messages.,,,0,15.0,1-29 DPD
MSGA101339,Agency A,BOR200373,SL100680,2023-01-05 14:00:00,Payment Reminder,Your loan payment is overdue. Please contact us today to avoid further action. Msg&data rates may apply. Reply STOP to unsubscribe.,,,0,15.0,1-29 DPD
MSGA100906,Agency A,BOR201956,SL101371,2024-08-05 13:00:00,Payment Reminder,"Hi, this is a reminder that your student loan payment is past due. Call us or visit your account portal to make a payment. Reply STOP to opt out of text alerts.",,,0,75.0,60-89 DPD
MSGA101752,Agency A,BOR200649,SL101988,2023-01-23 16:00:00,Settlement Offer,You may be eligible for a reduced settlement on your account. Contact us to learn more before this offer expires. Reply STOP to opt out.,,,0,105.0,90-119 DPD
MSGA100620,Agency A,BOR200115,SL100335,2024-08-08 09:00:00,Hardship Program Info,You may qualify for a temporary hardship repayment plan. Call us to discuss your options. Reply STOP to unsubscribe from texts.,,,0,15.0,1-29 DPD
MSGA100086,Agency A,BOR200694,SL101856,2024-08-26 16:00:00,General Notice,Your account requires attention. Please contact our office at your earliest convenience. Reply STOP to stop these messages.,,,0,45.0,30-59 DPD
MSGA101571,Agency A,BOR200433,SL101858,2025-12-09 12:00:00,Payment Reminder,Your loan payment is overdue. Please contact us today to avoid further action. Msg&data rates may apply. Reply STOP to unsubscribe.,ok will pay soon,2025-12-09 13:49:00,0,45.0,30-59 DPD
MSGA101101,Agency A,BOR200126,SL100267,2022-12-14 13:00:00,General Notice,Your account requires attention. Please contact our office at your earliest convenience. Reply STOP to stop these messages.,,,0,15.0,1-29 DPD
MSGA100319,Agency A,BOR201592,SL101960,2025-06-17 16:00:00,General Notice,Your account requires attention. Please contact our office at your earliest convenience. Reply STOP to stop these messages.,  yes   ,2025-06-17 22:02:00,0,15.0,1-29 DPD
MSGA100064,Agency A,BOR200995,SL102294,2025-11-24 06:00:00,Settlement Offer,You may be eligible for a reduced settlement on your account. Contact us to learn more before this offer expires. Reply STOP to opt out.,,,0,15.0,1-29 DPD
MSGA100949,Agency A,BOR200225,SL101125,2023-05-09 11:00:00,General Notice,Your account requires attention. Please contact our office at your earliest convenience. Reply STOP to stop these messages.,can you call me instead,2023-05-09 18:25:00,0,15.0,1-29 DPD
MSGA100699,Agency A,BOR201888,SL101721,2026-03-22 14:00:00,Payment Reminder,"Hi, this is a reminder that your student loan payment is past due. Call us or visit your account portal to make a payment. Reply STOP to opt out of text alerts.",,,0,15.0,1-29 DPD
MSGA100082,Agency A,BOR200209,SL100946,2022-06-19 10:00:00,Payment Reminder,Your loan payment is overdue. Please contact us today to avoid further action. Msg&data rates may apply. Reply STOP to unsubscribe.,,,0,15.0,1-29 DPD
MSGA102023,Agency A,BOR200938,SL102418,2022-02-03 05:00:00,Payment Reminder,Your loan payment is overdue. Please contact us today to avoid further action. Msg&data rates may apply. Reply STOP to unsubscribe.,,,0,15.0,1-29 DPD
MSGA101792,Agency A,BOR201539,SL101966,2023-01-14 11:00:00,Hardship Program Info,You may qualify for a temporary hardship repayment plan. Call us to discuss your options. Reply STOP to unsubscribe from texts.,,,0,15.0,1-29 DPD
MSGA100816,Agency A,BOR201898,SL100389,2024-07-25 12:00:00,Settlement Offer,You may be eligible for a reduced settlement on your account. Contact us to learn more before this offer expires. Reply STOP to opt out.,,,0,45.0,30-59 DPD
MSGA101779,Agency A,BOR200939,SL100902,2024-03-05 12:00:00,General Notice,Your account requires attention. Please contact our office at your earliest convenience. Reply STOP to stop these messages.,,,0,15.0,1-29 DPD
MSGA101291,Agency A,BOR202156,SL100713,2023-07-08 16:00:00,Payment Reminder,"Hi, this is a reminder that your student loan payment is past due. Call us or visit your account portal to make a payment. Reply STOP to opt out of text alerts.",how much do I owe,2023-07-08 16:16:00,0,15.0,1-29 DPD
MSGA100759,Agency A,BOR201493,SL102144,2024-07-06 14:00:00,Payment Reminder,"Hi, this is a reminder that your student loan payment is past due. Call us or visit your account portal to make a payment. Reply STOP to opt out of text alerts.",,,0,75.0,60-89 DPD
MSGA100532,Agency A,BOR200013,SL102366,2026-04-21 10:00:00,Payment Reminder,"Hi, this is a reminder that your student loan payment is past due. Call us or visit your account portal to make a payment. Reply STOP to opt out of text alerts.",,,0,45.0,30-59 DPD
MSGA101414,Agency A,BOR201276,SL102325,2025-07-18 09:00:00,Payment Reminder,Your loan payment is overdue. Please contact us today to avoid further action. Msg&data rates may apply. Reply STOP to unsubscribe.,k,2025-07-18 18:47:00,0,165.0,150-179 DPD
MSGA100508,Agency A,BOR200646,SL102188,2025-09-16 09:00:00,Payment Reminder,"Hi, this is a reminder that your student loan payment is past due. Call us or visit your account portal to make a payment. Reply STOP to opt out of text alerts.","  stop it's already paid, why do I keep getting texts   ",2025-09-16 14:20:00,1,45.0,30-59 DPD
MSGA100057,Agency A,BOR201537,SL102016,2024-10-15 05:00:00,Payment Reminder,Your loan payment is overdue. Please contact us today to avoid further action. Msg&data rates may apply. Reply STOP to unsubscribe.,,,0,75.0,60-89 DPD
MSGA101110,Agency A,BOR201599,SL102247,2021-04-25 16:00:00,General Notice,Your account requires attention. Please contact our office at your earliest convenience. Reply STOP to stop these messages.,,,0,75.0,60-89 DPD
MSGA101349,Agency A,BOR202018,SL100214,2026-01-20 09:00:00,Payment Reminder,"Hi, this is a reminder that your student loan payment is past due. Call us or visit your account portal to make a payment. Reply STOP to opt out of text alerts.",,,0,105.0,90-119 DPD
MSGA101342,Agency A,BOR200288,SL101214,2024-12-19 06:00:00,Settlement Offer,You may be eligible for a reduced settlement on your account. Contact us to learn more before this offer expires. Reply STOP to opt out.,,,0,15.0,1-29 DPD
MSGA100626,Agency A,BOR200529,SL101712,2023-02-25 07:00:00,Hardship Program Info,You may qualify for a temporary hardship repayment plan. Call us to discuss your options. Reply STOP to unsubscribe from texts.,yes,2023-02-25 08:55:00,0,15.0,1-29 DPD
MSGA101936,Agency A,BOR200540,SL100661,2021-10-23 10:00:00,Hardship Program Info,You may qualify for a temporary hardship repayment plan. Call us to discuss your options. Reply STOP to unsubscribe from texts.,k,2021-10-23 18:48:00,0,15.0,1-29 DPD
MSGA101013,Agency A,BOR201862,SL100412,2023-10-23 06:00:00,Payment Reminder,"Hi, this is a reminder that your student loan payment is past due. Call us or visit your account portal to make a payment. Reply STOP to opt out of text alerts.",,,0,75.0,60-89 DPD
MSGA101207,Agency A,BOR201088,SL100659,2025-11-23 12:00:00,Payment Reminder,Your loan payment is overdue. Please contact us today to avoid further action. Msg&data rates may apply. Reply STOP to unsubscribe.,,,0,15.0,1-29 DPD
MSGA101899,Agency A,BOR201675,SL101626,2024-05-28 07:00:00,Payment Reminder,"Hi, this is a reminder that your student loan payment is past due. Call us or visit your account portal to make a payment. Reply STOP to opt out of text alerts.",,,0,75.0,60-89 DPD
MSGA101789,Agency A,BOR201556,SL100155,2024-10-14 09:00:00,Payment Reminder,"Hi, this is a reminder that your student loan payment is past due. Call us or visit your account portal to make a payment. Reply STOP to opt out of text alerts.",,,0,15.0,1-29 DPD
